Local,356003,1534208400000,2089419,5102389,1587012,2010100,1740984,LinUCB_Disjoint_Multi_Target,6,0.1,0.0,0.0,0.0,Hindsight
Global,356003,1534208400000,2089419,5102389,1587012,2010100,1740984,LinUCB_Disjoint_Multi_Target,6,0.1,0.0,0.0,0.0,Hindsight
Local,919597,1534230000000,2080834,5020215,1281906,1865594,1717762,LinUCB_Disjoint_Multi_Target,6,0.1,0.0,0.0,0.0,Hindsight
Global,919597,1534230000000,2080834,5020215,1281906,1865594,1717762,LinUCB_Disjoint_Multi_Target,6,0.1,0.0,0.0,0.0,Hindsight
Local,2159970,1534251600000,1978367,4389343,1030654,1775868,1551707,LinUCB_Disjoint_Multi_Target,6,0.1,0.0,0.0,0.0,Hindsight
Global,2159970,1534251600000,1978367,4389343,1030654,1775868,1551707,LinUCB_Disjoint_Multi_Target,6,0.1,0.0,0.0,0.0,Hindsight
Local,2912107,1534273200000,1922170,4095556,794619,1640922,1520536,LinUCB_Disjoint_Multi_Target,6,0.1,0.0,0.0,0.0,Hindsight
Global,2912107,1534273200000,1922170,4095556,794619,1640922,1520536,LinUCB_Disjoint_Multi_Target,6,0.1,0.0,0.0,0.0,Hindsight
Local,3176462,1534283997000,1908744,3971248,716059,1611135,1502262,LinUCB_Disjoint_Multi_Target,6,0.1,0.0,0.0,0.0,Hindsight
Global,3176462,1534283997000,1908744,3971248,716059,1611135,1502262,LinUCB_Disjoint_Multi_Target,6,0.1,0.0,0.0,0.0,Hindsight
Local,3361164,1534305600000,1903233,3897638,667496,1563710,1492670,LinUCB_Disjoint_Multi_Target,6,0.1,0.0,0.0,0.0,Hindsight
Global,3361164,1534305600000,1903233,3897638,667496,1563710,1492670,LinUCB_Disjoint_Multi_Target,6,0.1,0.0,0.0,0.0,Hindsight
Local,4267029,1534327200000,1873581,3571962,310510,1402163,1460667,LinUCB_Disjoint_Multi_Target,6,0.1,0.0,0.0,0.0,Hindsight
Global,4267029,1534327200000,1873581,3571962,310510,1402163,1460667,LinUCB_Disjoint_Multi_Target,6,0.1,0.0,0.0,0.0,Hindsight
Local,5314011,1534348800000,1795082,3110361,425,1248511,1417523,LinUCB_Disjoint_Multi_Target,6,0.1,0.0,0.0,0.0,Hindsight
Global,5314011,1534348800000,1795082,3110361,425,1248511,1417523,LinUCB_Disjoint_Multi_Target,6,0.1,0.0,0.0,0.0,Hindsight
Local,5726250,1534363199000,1751213,2847305,0,1168169,1399562,LinUCB_Disjoint_Multi_Target,6,0.1,0.0,0.0,0.0,Hindsight
Global,5726250,1534363199000,1751213,2847305,-6586,1168169,1399562,LinUCB_Disjoint_Multi_Target,6,0.1,0.0,0.0,0.0,Hindsight
Local,5979990,1534384801000,1725433,2701835,0,1140839,1344403,LinUCB_Disjoint_Multi_Target,6,0.1,0.0,0.0,0.0,Hindsight
Global,5979990,1534384801000,1725433,2701835,-6586,1140839,1344403,LinUCB_Disjoint_Multi_Target,6,0.1,0.0,0.0,0.0,Hindsight
Local,6734652,1534406401000,1612135,2220122,0,1058512,1267080,LinUCB_Disjoint_Multi_Target,6,0.1,0.0,0.0,0.0,Hindsight
Global,6734652,1534406401000,1612135,2220122,-6586,1058512,1267080,LinUCB_Disjoint_Multi_Target,6,0.1,0.0,0.0,0.0,Hindsight
Local,7863533,1534428001000,1466692,1506951,0,888674,1166652,LinUCB_Disjoint_Multi_Target,6,0.1,0.0,0.0,0.0,Hindsight
Global,7863533,1534428001000,1466692,1506951,-6586,888674,1166652,LinUCB_Disjoint_Multi_Target,6,0.1,0.0,0.0,0.0,Hindsight
Local,8560378,1534449599000,1392061,1042006,0,789570,1108487,LinUCB_Disjoint_Multi_Target,6,0.1,0.0,0.0,0.0,Hindsight
Global,8560378,1534449599000,1392061,1042006,-6586,789570,1108487,LinUCB_Disjoint_Multi_Target,6,0.1,0.0,0.0,0.0,Hindsight
Local,8811097,1534471200000,1332282,950052,0,715280,1083792,LinUCB_Disjoint_Multi_Target,6,0.1,0.0,0.0,0.0,Hindsight
Global,8811097,1534471200000,1332282,950052,-6586,715280,1083792,LinUCB_Disjoint_Multi_Target,6,0.1,0.0,0.0,0.0,Hindsight
Local,9572684,1534492800000,1232891,653525,0,431561,1001843,LinUCB_Disjoint_Multi_Target,6,0.1,0.0,0.0,0.0,Hindsight
Global,9572684,1534492800000,1232891,653525,-6586,431561,1001843,LinUCB_Disjoint_Multi_Target,6,0.1,0.0,0.0,0.0,Hindsight
Local,10549106,1534514400000,1094561,262295,0,63790,922753,LinUCB_Disjoint_Multi_Target,6,0.1,0.0,0.0,0.0,Hindsight
Global,10549106,1534514400000,1094561,262295,-6586,63790,922753,LinUCB_Disjoint_Multi_Target,6,0.1,0.0,0.0,0.0,Hindsight
Local,11220337,1534536000000,1005757,0,0,0,824078,LinUCB_Disjoint_Multi_Target,6,0.1,0.0,0.0,0.0,Hindsight
Global,11220337,1534536000000,1005757,-30246,-6586,-127420,824078,LinUCB_Disjoint_Multi_Target,6,0.1,0.0,0.0,0.0,Hindsight
Local,11331020,1534539599000,961523,0,0,0,757629,LinUCB_Disjoint_Multi_Target,6,0.1,0.0,0.0,0.0,Hindsight
Global,11331020,1534539599000,961523,-30246,-6586,-127420,757629,LinUCB_Disjoint_Multi_Target,6,0.1,0.0,0.0,0.0,Hindsight
Local,11538116,1534561200000,884602,0,0,0,627455,LinUCB_Disjoint_Multi_Target,6,0.1,0.0,0.0,0.0,Hindsight
Global,11538116,1534561200000,884602,-30246,-6586,-127420,627455,LinUCB_Disjoint_Multi_Target,6,0.1,0.0,0.0,0.0,Hindsight
Local,12131153,1534582800000,627312,0,0,0,291709,LinUCB_Disjoint_Multi_Target,6,0.1,0.0,0.0,0.0,Hindsight
Global,12131153,1534582800000,627312,-30246,-6586,-127420,291709,LinUCB_Disjoint_Multi_Target,6,0.1,0.0,0.0,0.0,Hindsight
Local,12921745,1534604400000,53486,0,0,0,75016,LinUCB_Disjoint_Multi_Target,6,0.1,0.0,0.0,0.0,Hindsight
Global,12921745,1534604400000,53486,-30246,-6658,-127420,75016,LinUCB_Disjoint_Multi_Target,6,0.1,0.0,0.0,0.0,Hindsight
Local,13594727,1534626000000,0,0,0,0,0,LinUCB_Disjoint_Multi_Target,6,0.1,0.0,0.0,0.0,Hindsight
Global,13594727,1534626000000,-184890,-30246,-8430,-127420,-357817,LinUCB_Disjoint_Multi_Target,6,0.1,0.0,0.0,0.0,Hindsight
Local,13646663,1534629599000,0,0,0,0,0,LinUCB_Disjoint_Multi_Target,6,0.1,0.0,0.0,0.0,Hindsight
Global,13646663,1534629599000,-186278,-37379,-48602,-130559,-357921,LinUCB_Disjoint_Multi_Target,6,0.1,0.0,0.0,0.0,Hindsight
Local,13812775,1534651200000,0,0,0,0,0,LinUCB_Disjoint_Multi_Target,6,0.1,0.0,0.0,0.0,Hindsight
Global,13812775,1534651200000,-192854,-57381,-178065,-138467,-360083,LinUCB_Disjoint_Multi_Target,6,0.1,0.0,0.0,0.0,Hindsight
Local,14433317,1534672800000,0,0,0,0,0,LinUCB_Disjoint_Multi_Target,6,0.1,0.0,0.0,0.0,Hindsight
Global,14433317,1534672800000,-221233,-146229,-628644,-181764,-369521,LinUCB_Disjoint_Multi_Target,6,0.1,0.0,0.0,0.0,Hindsight
Local,15170226,1534694400000,0,0,0,0,0,LinUCB_Disjoint_Multi_Target,6,0.1,0.0,0.0,0.0,Hindsight
Global,15170226,1534694400000,-252668,-250050,-1153091,-221377,-407113,LinUCB_Disjoint_Multi_Target,6,0.1,0.0,0.0,0.0,Hindsight
Local,15782548,1534712399000,0,0,0,0,0,LinUCB_Disjoint_Multi_Target,6,0.1,0.0,0.0,0.0,Hindsight
Global,15782548,1534712399000,-279877,-335896,-1590271,-258692,-431885,LinUCB_Disjoint_Multi_Target,6,0.1,0.0,0.0,0.0,Hindsight
Local,356003,1534208400000,2089419,5102389,1587012,2010100,1740984,LinUCB_Disjoint_Multi_Target,6,0.1,0.0,0.0,0.0,Hindsight,1,0,0
Global,356003,1534208400000,2089419,5102389,1587012,2010100,1740984,LinUCB_Disjoint_Multi_Target,6,0.1,0.0,0.0,0.0,Hindsight,1,0,0
Local,919597,1534230000000,2084303,5015363,1289802,1850270,1726573,LinUCB_Disjoint_Multi_Target,6,0.1,0.0,0.0,0.0,Hindsight,1,0,0
Global,919597,1534230000000,2084303,5015363,1289802,1850270,1726573,LinUCB_Disjoint_Multi_Target,6,0.1,0.0,0.0,0.0,Hindsight,1,0,0
Local,2159970,1534251600000,1820914,4539190,989405,1770222,1606208,LinUCB_Disjoint_Multi_Target,6,0.1,0.0,0.0,0.0,Hindsight,1,0,0
Global,2159970,1534251600000,1820914,4539190,989405,1770222,1606208,LinUCB_Disjoint_Multi_Target,6,0.1,0.0,0.0,0.0,Hindsight,1,0,0
Local,2912107,1534273200000,1792203,4223861,722520,1657113,1578106,LinUCB_Disjoint_Multi_Target,6,0.1,0.0,0.0,0.0,Hindsight,1,0,0
Global,2912107,1534273200000,1792203,4223861,722520,1657113,1578106,LinUCB_Disjoint_Multi_Target,6,0.1,0.0,0.0,0.0,Hindsight,1,0,0
Local,3176462,1534283997000,1775624,4099957,640389,1629071,1564407,LinUCB_Disjoint_Multi_Target,6,0.1,0.0,0.0,0.0,Hindsight,1,0,0
Global,3176462,1534283997000,1775624,4099957,640389,1629071,1564407,LinUCB_Disjoint_Multi_Target,6,0.1,0.0,0.0,0.0,Hindsight,1,0,0
Local,3361164,1534305600000,1769280,4044835,577601,1604721,1528310,LinUCB_Disjoint_Multi_Target,6,0.1,0.0,0.0,0.0,Hindsight,1,0,0
Global,3361164,1534305600000,1769280,4044835,577601,1604721,1528310,LinUCB_Disjoint_Multi_Target,6,0.1,0.0,0.0,0.0,Hindsight,1,0,0
Local,4267029,1534327200000,1721022,3752649,266569,1388166,1490477,LinUCB_Disjoint_Multi_Target,6,0.1,0.0,0.0,0.0,Hindsight,1,0,0
Global,4267029,1534327200000,1721022,3752649,266569,1388166,1490477,LinUCB_Disjoint_Multi_Target,6,0.1,0.0,0.0,0.0,Hindsight,1,0,0
Local,5314011,1534348800000,1699163,3269590,0,1228349,1446089,LinUCB_Disjoint_Multi_Target,6,0.1,0.0,0.0,0.0,Hindsight,1,0,0
Global,5314011,1534348800000,1699163,3269590,-71289,1228349,1446089,LinUCB_Disjoint_Multi_Target,6,0.1,0.0,0.0,0.0,Hindsight,1,0,0
Local,5726250,1534363199000,1678018,3019547,0,1116355,1417032,LinUCB_Disjoint_Multi_Target,6,0.1,0.0,0.0,0.0,Hindsight,1,0,0
Global,5726250,1534363199000,1678018,3019547,-71289,1116355,1417032,LinUCB_Disjoint_Multi_Target,6,0.1,0.0,0.0,0.0,Hindsight,1,0,0
Local,5979990,1534384801000,1650478,2907744,0,1051218,1367773,LinUCB_Disjoint_Multi_Target,6,0.1,0.0,0.0,0.0,Hindsight,1,0,0
Global,5979990,1534384801000,1650478,2907744,-71289,1051218,1367773,LinUCB_Disjoint_Multi_Target,6,0.1,0.0,0.0,0.0,Hindsight,1,0,0
Local,6734652,1534406401000,1606808,2474529,0,897535,1243680,LinUCB_Disjoint_Multi_Target,6,0.1,0.0,0.0,0.0,Hindsight,1,0,0
Global,6734652,1534406401000,1606808,2474529,-71289,897535,1243680,LinUCB_Disjoint_Multi_Target,6,0.1,0.0,0.0,0.0,Hindsight,1,0,0
Local,7863533,1534428001000,1523847,1738322,0,699122,1132381,LinUCB_Disjoint_Multi_Target,6,0.1,0.0,0.0,0.0,Hindsight,1,0,0
Global,7863533,1534428001000,1523847,1738322,-71289,699122,1132381,LinUCB_Disjoint_Multi_Target,6,0.1,0.0,0.0,0.0,Hindsight,1,0,0
Local,8560378,1534449599000,1465946,1277632,0,590939,1062310,LinUCB_Disjoint_Multi_Target,6,0.1,0.0,0.0,0.0,Hindsight,1,0,0
Global,8560378,1534449599000,1465946,1277632,-71289,590939,1062310,LinUCB_Disjoint_Multi_Target,6,0.1,0.0,0.0,0.0,Hindsight,1,0,0
Local,8811097,1534471200000,1451788,1148865,0,554053,991403,LinUCB_Disjoint_Multi_Target,6,0.1,0.0,0.0,0.0,Hindsight,1,0,0
Global,8811097,1534471200000,1451788,1148865,-71289,554053,991403,LinUCB_Disjoint_Multi_Target,6,0.1,0.0,0.0,0.0,Hindsight,1,0,0
Local,9572684,1534492800000,1410527,690759,0,418880,864357,LinUCB_Disjoint_Multi_Target,6,0.1,0.0,0.0,0.0,Hindsight,1,0,0
Global,9572684,1534492800000,1410527,690759,-71289,418880,864357,LinUCB_Disjoint_Multi_Target,6,0.1,0.0,0.0,0.0,Hindsight,1,0,0
Local,10549106,1534514400000,1325867,122262,0,230217,729756,LinUCB_Disjoint_Multi_Target,6,0.1,0.0,0.0,0.0,Hindsight,1,0,0
Global,10549106,1534514400000,1325867,122262,-71289,230217,729756,LinUCB_Disjoint_Multi_Target,6,0.1,0.0,0.0,0.0,Hindsight,1,0,0
Local,11220337,1534536000000,1246195,0,0,79880,600621,LinUCB_Disjoint_Multi_Target,6,0.1,0.0,0.0,0.0,Hindsight,1,0,0
Global,11220337,1534536000000,1246195,-189824,-71289,79880,600621,LinUCB_Disjoint_Multi_Target,6,0.1,0.0,0.0,0.0,Hindsight,1,0,0
Local,11331020,1534539599000,1220639,0,0,29981,565393,LinUCB_Disjoint_Multi_Target,6,0.1,0.0,0.0,0.0,Hindsight,1,0,0
Global,11331020,1534539599000,1220639,-189824,-71289,29981,565393,LinUCB_Disjoint_Multi_Target,6,0.1,0.0,0.0,0.0,Hindsight,1,0,0
Local,11538116,1534561200000,1172926,0,0,0,481207,LinUCB_Disjoint_Multi_Target,6,0.1,0.0,0.0,0.0,Hindsight,1,0,0
Global,11538116,1534561200000,1172926,-189824,-71289,-45215,481207,LinUCB_Disjoint_Multi_Target,6,0.1,0.0,0.0,0.0,Hindsight,1,0,0
Local,12131153,1534582800000,876501,0,0,0,184596,LinUCB_Disjoint_Multi_Target,6,0.1,0.0,0.0,0.0,Hindsight,1,0,0
Global,12131153,1534582800000,876501,-189824,-71289,-45215,184596,LinUCB_Disjoint_Multi_Target,6,0.1,0.0,0.0,0.0,Hindsight,1,0,0
Local,12921745,1534604400000,304496,0,0,0,0,LinUCB_Disjoint_Multi_Target,6,0.1,0.0,0.0,0.0,Hindsight,1,0,0
Global,12921745,1534604400000,304496,-189824,-71295,-45215,-33984,LinUCB_Disjoint_Multi_Target,6,0.1,0.0,0.0,0.0,Hindsight,1,0,0
Local,13594727,1534626000000,0,0,0,0,0,LinUCB_Disjoint_Multi_Target,6,0.1,0.0,0.0,0.0,Hindsight,1,0,0
Global,13594727,1534626000000,-367238,-189824,-72542,-45215,-33984,LinUCB_Disjoint_Multi_Target,6,0.1,0.0,0.0,0.0,Hindsight,1,0,0
Local,13646663,1534629599000,0,0,0,0,0,LinUCB_Disjoint_Multi_Target,6,0.1,0.0,0.0,0.0,Hindsight,1,0,0
Global,13646663,1534629599000,-368455,-200398,-109965,-47447,-34474,LinUCB_Disjoint_Multi_Target,6,0.1,0.0,0.0,0.0,Hindsight,1,0,0
Local,13812775,1534651200000,0,0,0,0,0,LinUCB_Disjoint_Multi_Target,6,0.1,0.0,0.0,0.0,Hindsight,1,0,0
Global,13812775,1534651200000,-373388,-223895,-235631,-53806,-40130,LinUCB_Disjoint_Multi_Target,6,0.1,0.0,0.0,0.0,Hindsight,1,0,0
Local,14433317,1534672800000,0,0,0,0,0,LinUCB_Disjoint_Multi_Target,6,0.1,0.0,0.0,0.0,Hindsight,1,0,0
Global,14433317,1534672800000,-388611,-348950,-664943,-81478,-63409,LinUCB_Disjoint_Multi_Target,6,0.1,0.0,0.0,0.0,Hindsight,1,0,0
Local,15170226,1534694400000,0,0,0,0,0,LinUCB_Disjoint_Multi_Target,6,0.1,0.0,0.0,0.0,Hindsight,1,0,0
Global,15170226,1534694400000,-407313,-478104,-1168212,-126153,-104517,LinUCB_Disjoint_Multi_Target,6,0.1,0.0,0.0,0.0,Hindsight,1,0,0
Local,15782548,1534712399000,0,0,0,0,0,LinUCB_Disjoint_Multi_Target,6,0.1,0.0,0.0,0.0,Hindsight,1,0,0
Global,15782548,1534712399000,-432872,-579841,-1590536,-160161,-133211,LinUCB_Disjoint_Multi_Target,6,0.1,0.0,0.0,0.0,Hindsight,1,0,0
Local,356003,1534208400000,2089419,5102389,1587012,2010100,1740984,LinUCB_Disjoint_Multi_Target,6,0.1,0.0,0.0,0.0,Hindsight,2,0,0
Global,356003,1534208400000,2089419,5102389,1587012,2010100,1740984,LinUCB_Disjoint_Multi_Target,6,0.1,0.0,0.0,0.0,Hindsight,2,0,0
Local,919597,1534230000000,2064074,5055453,1221739,1892431,1732614,LinUCB_Disjoint_Multi_Target,6,0.1,0.0,0.0,0.0,Hindsight,2,0,0
Global,919597,1534230000000,2064074,5055453,1221739,1892431,1732614,LinUCB_Disjoint_Multi_Target,6,0.1,0.0,0.0,0.0,Hindsight,2,0,0
Local,2159970,1534251600000,1845567,4629978,914271,1792850,1543273,LinUCB_Disjoint_Multi_Target,6,0.1,0.0,0.0,0.0,Hindsight,2,0,0
Global,2159970,1534251600000,1845567,4629978,914271,1792850,1543273,LinUCB_Disjoint_Multi_Target,6,0.1,0.0,0.0,0.0,Hindsight,2,0,0
Local,2912107,1534273200000,1800773,4281930,695700,1673662,1521738,LinUCB_Disjoint_Multi_Target,6,0.1,0.0,0.0,0.0,Hindsight,2,0,0
Global,2912107,1534273200000,1800773,4281930,695700,1673662,1521738,LinUCB_Disjoint_Multi_Target,6,0.1,0.0,0.0,0.0,Hindsight,2,0,0
Local,3176462,1534283997000,1783279,4154789,616447,1643308,1511625,LinUCB_Disjoint_Multi_Target,6,0.1,0.0,0.0,0.0,Hindsight,2,0,0
Global,3176462,1534283997000,1783279,4154789,616447,1643308,1511625,LinUCB_Disjoint_Multi_Target,6,0.1,0.0,0.0,0.0,Hindsight,2,0,0
Local,3361164,1534305600000,1755816,4087731,542207,1631121,1507872,LinUCB_Disjoint_Multi_Target,6,0.1,0.0,0.0,0.0,Hindsight,2,0,0
Global,3361164,1534305600000,1755816,4087731,542207,1631121,1507872,LinUCB_Disjoint_Multi_Target,6,0.1,0.0,0.0,0.0,Hindsight,2,0,0
Local,4267029,1534327200000,1703559,3718584,173875,1605635,1417230,LinUCB_Disjoint_Multi_Target,6,0.1,0.0,0.0,0.0,Hindsight,2,0,0
Global,4267029,1534327200000,1703559,3718584,173875,1605635,1417230,LinUCB_Disjoint_Multi_Target,6,0.1,0.0,0.0,0.0,Hindsight,2,0,0
Local,5314011,1534348800000,1650158,3280422,0,1486397,1338161,LinUCB_Disjoint_Multi_Target,6,0.1,0.0,0.0,0.0,Hindsight,2,0,0
Global,5314011,1534348800000,1650158,3280422,-183236,1486397,1338161,LinUCB_Disjoint_Multi_Target,6,0.1,0.0,0.0,0.0,Hindsight,2,0,0
Local,5726250,1534363199000,1620239,3036433,0,1381132,1305095,LinUCB_Disjoint_Multi_Target,6,0.1,0.0,0.0,0.0,Hindsight,2,0,0
Global,5726250,1534363199000,1620239,3036433,-183236,1381132,1305095,LinUCB_Disjoint_Multi_Target,6,0.1,0.0,0.0,0.0,Hindsight,2,0,0
Local,5979990,1534384801000,1587562,2904272,0,1324809,1272517,LinUCB_Disjoint_Multi_Target,6,0.1,0.0,0.0,0.0,Hindsight,2,0,0
Global,5979990,1534384801000,1587562,2904272,-183236,1324809,1272517,LinUCB_Disjoint_Multi_Target,6,0.1,0.0,0.0,0.0,Hindsight,2,0,0
Local,6734652,1534406401000,1500895,2483032,0,1124289,1226283,LinUCB_Disjoint_Multi_Target,6,0.1,0.0,0.0,0.0,Hindsight,2,0,0
Global,6734652,1534406401000,1500895,2483032,-183236,1124289,1226283,LinUCB_Disjoint_Multi_Target,6,0.1,0.0,0.0,0.0,Hindsight,2,0,0
Local,7863533,1534428001000,1372590,1797348,0,908765,1126916,LinUCB_Disjoint_Multi_Target,6,0.1,0.0,0.0,0.0,Hindsight,2,0,0
Global,7863533,1534428001000,1372590,1797348,-183236,908765,1126916,LinUCB_Disjoint_Multi_Target,6,0.1,0.0,0.0,0.0,Hindsight,2,0,0
Local,8560378,1534449599000,1309994,1318633,0,817222,1062925,LinUCB_Disjoint_Multi_Target,6,0.1,0.0,0.0,0.0,Hindsight,2,0,0
Global,8560378,1534449599000,1309994,1318633,-183236,817222,1062925,LinUCB_Disjoint_Multi_Target,6,0.1,0.0,0.0,0.0,Hindsight,2,0,0
Local,8811097,1534471200000,1247653,1206860,0,763802,1039741,LinUCB_Disjoint_Multi_Target,6,0.1,0.0,0.0,0.0,Hindsight,2,0,0
Global,8811097,1534471200000,1247653,1206860,-183236,763802,1039741,LinUCB_Disjoint_Multi_Target,6,0.1,0.0,0.0,0.0,Hindsight,2,0,0
Local,9572684,1534492800000,1142758,801696,0,599163,952853,LinUCB_Disjoint_Multi_Target,6,0.1,0.0,0.0,0.0,Hindsight,2,0,0
Global,9572684,1534492800000,1142758,801696,-183236,599163,952853,LinUCB_Disjoint_Multi_Target,6,0.1,0.0,0.0,0.0,Hindsight,2,0,0
Local,10549106,1534514400000,1020990,312669,0,336842,849548,LinUCB_Disjoint_Multi_Target,6,0.1,0.0,0.0,0.0,Hindsight,2,0,0
Global,10549106,1534514400000,1020990,312669,-183236,336842,849548,LinUCB_Disjoint_Multi_Target,6,0.1,0.0,0.0,0.0,Hindsight,2,0,0
Local,11220337,1534536000000,894718,4046,0,151269,798786,LinUCB_Disjoint_Multi_Target,6,0.1,0.0,0.0,0.0,Hindsight,2,0,0
Global,11220337,1534536000000,894718,4046,-183236,151269,798786,LinUCB_Disjoint_Multi_Target,6,0.1,0.0,0.0,0.0,Hindsight,2,0,0
Local,11331020,1534539599000,859193,0,0,111759,783218,LinUCB_Disjoint_Multi_Target,6,0.1,0.0,0.0,0.0,Hindsight,2,0,0
Global,11331020,1534539599000,859193,-16034,-183236,111759,783218,LinUCB_Disjoint_Multi_Target,6,0.1,0.0,0.0,0.0,Hindsight,2,0,0
Local,11538116,1534561200000,737929,0,0,52379,756767,LinUCB_Disjoint_Multi_Target,6,0.1,0.0,0.0,0.0,Hindsight,2,0,0
Global,11538116,1534561200000,737929,-16034,-183236,52379,756767,LinUCB_Disjoint_Multi_Target,6,0.1,0.0,0.0,0.0,Hindsight,2,0,0
Local,12131153,1534582800000,504653,0,0,0,600699,LinUCB_Disjoint_Multi_Target,6,0.1,0.0,0.0,0.0,Hindsight,2,0,0
Global,12131153,1534582800000,504653,-16034,-183236,-151313,600699,LinUCB_Disjoint_Multi_Target,6,0.1,0.0,0.0,0.0,Hindsight,2,0,0
Local,12921745,1534604400000,153129,0,0,0,161746,LinUCB_Disjoint_Multi_Target,6,0.1,0.0,0.0,0.0,Hindsight,2,0,0
Global,12921745,1534604400000,153129,-16034,-183350,-151313,161746,LinUCB_Disjoint_Multi_Target,6,0.1,0.0,0.0,0.0,Hindsight,2,0,0
Local,13594727,1534626000000,0,0,0,0,0,LinUCB_Disjoint_Multi_Target,6,0.1,0.0,0.0,0.0,Hindsight,2,0,0
Global,13594727,1534626000000,-102804,-16034,-184092,-151313,-254560,LinUCB_Disjoint_Multi_Target,6,0.1,0.0,0.0,0.0,Hindsight,2,0,0
Local,13646663,1534629599000,0,0,0,0,0,LinUCB_Disjoint_Multi_Target,6,0.1,0.0,0.0,0.0,Hindsight,2,0,0
Global,13646663,1534629599000,-103849,-24692,-224800,-152406,-254992,LinUCB_Disjoint_Multi_Target,6,0.1,0.0,0.0,0.0,Hindsight,2,0,0
Local,13812775,1534651200000,0,0,0,0,0,LinUCB_Disjoint_Multi_Target,6,0.1,0.0,0.0,0.0,Hindsight,2,0,0
Global,13812775,1534651200000,-116212,-52116,-337979,-161314,-259229,LinUCB_Disjoint_Multi_Target,6,0.1,0.0,0.0,0.0,Hindsight,2,0,0
Local,14433317,1534672800000,0,0,0,0,0,LinUCB_Disjoint_Multi_Target,6,0.1,0.0,0.0,0.0,Hindsight,2,0,0
Global,14433317,1534672800000,-163614,-152286,-760958,-204034,-266499,LinUCB_Disjoint_Multi_Target,6,0.1,0.0,0.0,0.0,Hindsight,2,0,0
Local,15170226,1534694400000,0,0,0,0,0,LinUCB_Disjoint_Multi_Target,6,0.1,0.0,0.0,0.0,Hindsight,2,0,0
Global,15170226,1534694400000,-228872,-251638,-1264207,-255009,-284573,LinUCB_Disjoint_Multi_Target,6,0.1,0.0,0.0,0.0,Hindsight,2,0,0
Local,15782548,1534712399000,0,0,0,0,0,LinUCB_Disjoint_Multi_Target,6,0.1,0.0,0.0,0.0,Hindsight,2,0,0
Global,15782548,1534712399000,-279469,-330755,-1687356,-299777,-299264,LinUCB_Disjoint_Multi_Target,6,0.1,0.0,0.0,0.0,Hindsight,2,0,0
Local,356003,1534208400000,2089419,5102389,1587012,2010100,1740984,LinUCB_Disjoint_Multi_Target,6,0.1,0.0,0.0,0.0,Hindsight,3,0,0
Global,356003,1534208400000,2089419,5102389,1587012,2010100,1740984,LinUCB_Disjoint_Multi_Target,6,0.1,0.0,0.0,0.0,Hindsight,3,0,0
Local,919597,1534230000000,2039752,5021748,1340269,1855701,1708841,LinUCB_Disjoint_Multi_Target,6,0.1,0.0,0.0,0.0,Hindsight,3,0,0
Global,919597,1534230000000,2039752,5021748,1340269,1855701,1708841,LinUCB_Disjoint_Multi_Target,6,0.1,0.0,0.0,0.0,Hindsight,3,0,0
Local,2159970,1534251600000,1607946,4611309,1252506,1853332,1400846,LinUCB_Disjoint_Multi_Target,6,0.1,0.0,0.0,0.0,Hindsight,3,0,0
Global,2159970,1534251600000,1607946,4611309,1252506,1853332,1400846,LinUCB_Disjoint_Multi_Target,6,0.1,0.0,0.0,0.0,Hindsight,3,0,0
Local,2912107,1534273200000,1523720,4445510,964879,1670838,1368856,LinUCB_Disjoint_Multi_Target,6,0.1,0.0,0.0,0.0,Hindsight,3,0,0
Global,2912107,1534273200000,1523720,4445510,964879,1670838,1368856,LinUCB_Disjoint_Multi_Target,6,0.1,0.0,0.0,0.0,Hindsight,3,0,0
Local,3176462,1534283997000,1482762,4336959,899946,1663110,1326671,LinUCB_Disjoint_Multi_Target,6,0.1,0.0,0.0,0.0,Hindsight,3,0,0
Global,3176462,1534283997000,1482762,4336959,899946,1663110,1326671,LinUCB_Disjoint_Multi_Target,6,0.1,0.0,0.0,0.0,Hindsight,3,0,0
Local,3361164,1534305600000,1417280,4282246,866394,1641147,1317680,LinUCB_Disjoint_Multi_Target,6,0.1,0.0,0.0,0.0,Hindsight,3,0,0
Global,3361164,1534305600000,1417280,4282246,866394,1641147,1317680,LinUCB_Disjoint_Multi_Target,6,0.1,0.0,0.0,0.0,Hindsight,3,0,0
Local,4267029,1534327200000,1061352,3990627,738032,1577004,1251868,LinUCB_Disjoint_Multi_Target,6,0.1,0.0,0.0,0.0,Hindsight,3,0,0
Global,4267029,1534327200000,1061352,3990627,738032,1577004,1251868,LinUCB_Disjoint_Multi_Target,6,0.1,0.0,0.0,0.0,Hindsight,3,0,0
Local,5314011,1534348800000,845571,3493632,593461,1538705,1100533,LinUCB_Disjoint_Multi_Target,6,0.1,0.0,0.0,0.0,Hindsight,3,0,0
Global,5314011,1534348800000,845571,3493632,593461,1538705,1100533,LinUCB_Disjoint_Multi_Target,6,0.1,0.0,0.0,0.0,Hindsight,3,0,0
Local,5726250,1534363199000,782846,3253240,545054,1520224,1058299,LinUCB_Disjoint_Multi_Target,6,0.1,0.0,0.0,0.0,Hindsight,3,0,0
Global,5726250,1534363199000,782846,3253240,545054,1520224,1058299,LinUCB_Disjoint_Multi_Target,6,0.1,0.0,0.0,0.0,Hindsight,3,0,0
Local,5979990,1534384801000,732025,3170241,453733,1507605,1042320,LinUCB_Disjoint_Multi_Target,6,0.1,0.0,0.0,0.0,Hindsight,3,0,0
Global,5979990,1534384801000,732025,3170241,453733,1507605,1042320,LinUCB_Disjoint_Multi_Target,6,0.1,0.0,0.0,0.0,Hindsight,3,0,0
Local,6734652,1534406401000,617281,2751953,321212,1448126,1012691,LinUCB_Disjoint_Multi_Target,6,0.1,0.0,0.0,0.0,Hindsight,3,0,0
Global,6734652,1534406401000,617281,2751953,321212,1448126,1012691,LinUCB_Disjoint_Multi_Target,6,0.1,0.0,0.0,0.0,Hindsight,3,0,0
Local,7863533,1534428001000,508310,2129122,167482,1386974,830495,LinUCB_Disjoint_Multi_Target,6,0.1,0.0,0.0,0.0,Hindsight,3,0,0
Global,7863533,1534428001000,508310,2129122,167482,1386974,830495,LinUCB_Disjoint_Multi_Target,6,0.1,0.0,0.0,0.0,Hindsight,3,0,0
Local,8560378,1534449599000,411326,1718670,89537,1346749,759256,LinUCB_Disjoint_Multi_Target,6,0.1,0.0,0.0,0.0,Hindsight,3,0,0
Global,8560378,1534449599000,411326,1718670,89537,1346749,759256,LinUCB_Disjoint_Multi_Target,6,0.1,0.0,0.0,0.0,Hindsight,3,0,0
Local,8811097,1534471200000,383270,1593947,54406,1321261,721936,LinUCB_Disjoint_Multi_Target,6,0.1,0.0,0.0,0.0,Hindsight,3,0,0
Global,8811097,1534471200000,383270,1593947,54406,1321261,721936,LinUCB_Disjoint_Multi_Target,6,0.1,0.0,0.0,0.0,Hindsight,3,0,0
Local,9572684,1534492800000,295080,1172535,30438,1255509,559672,LinUCB_Disjoint_Multi_Target,6,0.1,0.0,0.0,0.0,Hindsight,3,0,0
Global,9572684,1534492800000,295080,1172535,30438,1255509,559672,LinUCB_Disjoint_Multi_Target,6,0.1,0.0,0.0,0.0,Hindsight,3,0,0
Local,10549106,1534514400000,239513,499632,16085,1211598,369985,LinUCB_Disjoint_Multi_Target,6,0.1,0.0,0.0,0.0,Hindsight,3,0,0
Global,10549106,1534514400000,239513,499632,16085,1211598,369985,LinUCB_Disjoint_Multi_Target,6,0.1,0.0,0.0,0.0,Hindsight,3,0,0
Local,11220337,1534536000000,178993,92489,1797,1164682,227622,LinUCB_Disjoint_Multi_Target,6,0.1,0.0,0.0,0.0,Hindsight,3,0,0
Global,11220337,1534536000000,178993,92489,1797,1164682,227622,LinUCB_Disjoint_Multi_Target,6,0.1,0.0,0.0,0.0,Hindsight,3,0,0
Local,11331020,1534539599000,155840,48887,1500,1152767,195906,LinUCB_Disjoint_Multi_Target,6,0.1,0.0,0.0,0.0,Hindsight,3,0,0
Global,11331020,1534539599000,155840,48887,1500,1152767,195906,LinUCB_Disjoint_Multi_Target,6,0.1,0.0,0.0,0.0,Hindsight,3,0,0
Local,11538116,1534561200000,25031,18028,957,1123316,180473,LinUCB_Disjoint_Multi_Target,6,0.1,0.0,0.0,0.0,Hindsight,3,0,0
Global,11538116,1534561200000,25031,18028,957,1123316,180473,LinUCB_Disjoint_Multi_Target,6,0.1,0.0,0.0,0.0,Hindsight,3,0,0
Local,12131153,1534582800000,0,0,0,907419,117264,LinUCB_Disjoint_Multi_Target,6,0.1,0.0,0.0,0.0,Hindsight,3,0,0
Global,12131153,1534582800000,-140496,-127656,-1762,907419,117264,LinUCB_Disjoint_Multi_Target,6,0.1,0.0,0.0,0.0,Hindsight,3,0,0
Local,12921745,1534604400000,0,0,0,360108,0,LinUCB_Disjoint_Multi_Target,6,0.1,0.0,0.0,0.0,Hindsight,3,0,0
Global,12921745,1534604400000,-140496,-127656,-1762,360108,-126016,LinUCB_Disjoint_Multi_Target,6,0.1,0.0,0.0,0.0,Hindsight,3,0,0
Local,13594727,1534626000000,0,0,0,0,0,LinUCB_Disjoint_Multi_Target,6,0.1,0.0,0.0,0.0,Hindsight,3,0,0
Global,13594727,1534626000000,-140496,-127656,-1762,-312873,-126016,LinUCB_Disjoint_Multi_Target,6,0.1,0.0,0.0,0.0,Hindsight,3,0,0
Local,13646663,1534629599000,0,0,0,0,0,LinUCB_Disjoint_Multi_Target,6,0.1,0.0,0.0,0.0,Hindsight,3,0,0
Global,13646663,1534629599000,-146245,-139762,-34536,-312921,-127275,LinUCB_Disjoint_Multi_Target,6,0.1,0.0,0.0,0.0,Hindsight,3,0,0
Local,13812775,1534651200000,0,0,0,0,0,LinUCB_Disjoint_Multi_Target,6,0.1,0.0,0.0,0.0,Hindsight,3,0,0
Global,13812775,1534651200000,-171246,-185679,-106978,-313067,-149880,LinUCB_Disjoint_Multi_Target,6,0.1,0.0,0.0,0.0,Hindsight,3,0,0
Local,14433317,1534672800000,0,0,0,0,0,LinUCB_Disjoint_Multi_Target,6,0.1,0.0,0.0,0.0,Hindsight,3,0,0
Global,14433317,1534672800000,-237106,-363238,-372008,-313374,-261665,LinUCB_Disjoint_Multi_Target,6,0.1,0.0,0.0,0.0,Hindsight,3,0,0
Local,15170226,1534694400000,0,0,0,0,0,LinUCB_Disjoint_Multi_Target,6,0.1,0.0,0.0,0.0,Hindsight,3,0,0
Global,15170226,1534694400000,-369618,-642546,-635361,-314494,-322280,LinUCB_Disjoint_Multi_Target,6,0.1,0.0,0.0,0.0,Hindsight,3,0,0
Local,15782548,1534712399000,0,0,0,0,0,LinUCB_Disjoint_Multi_Target,6,0.1,0.0,0.0,0.0,Hindsight,3,0,0
Global,15782548,1534712399000,-461357,-875842,-859272,-315610,-384540,LinUCB_Disjoint_Multi_Target,6,0.1,0.0,0.0,0.0,Hindsight,3,0,0
Type,Timestamp,TotalImpressions,866128,856805,847460,858140,865041,Method,Hours,Alpha,EqClicks,TrainPart,RecommendationPart,SimulationType,SimulationIndex,ChiDF,ChiAlpha
Local,356003,1534208400000,2089419,5102389,1587012,2010100,1740984,LinUCB_Disjoint_Multi_Target,6,0.1,0.0,0.0,0.0,Hindsight,4,0,0
Global,356003,1534208400000,2089419,5102389,1587012,2010100,1740984,LinUCB_Disjoint_Multi_Target,6,0.1,0.0,0.0,0.0,Hindsight,4,0,0
Local,919597,1534230000000,1963994,5076899,1356828,1847088,1721502,LinUCB_Disjoint_Multi_Target,6,0.1,0.0,0.0,0.0,Hindsight,4,0,0
Global,919597,1534230000000,1963994,5076899,1356828,1847088,1721502,LinUCB_Disjoint_Multi_Target,6,0.1,0.0,0.0,0.0,Hindsight,4,0,0
Local,2159970,1534251600000,1887046,4302459,1339449,1811966,1385019,LinUCB_Disjoint_Multi_Target,6,0.1,0.0,0.0,0.0,Hindsight,4,0,0
Global,2159970,1534251600000,1887046,4302459,1339449,1811966,1385019,LinUCB_Disjoint_Multi_Target,6,0.1,0.0,0.0,0.0,Hindsight,4,0,0
Local,2912107,1534273200000,1620649,4247454,1047240,1696950,1361510,LinUCB_Disjoint_Multi_Target,6,0.1,0.0,0.0,0.0,Hindsight,4,0,0
Global,2912107,1534273200000,1620649,4247454,1047240,1696950,1361510,LinUCB_Disjoint_Multi_Target,6,0.1,0.0,0.0,0.0,Hindsight,4,0,0
Local,3176462,1534283997000,1563606,4138827,990827,1687353,1328835,LinUCB_Disjoint_Multi_Target,6,0.1,0.0,0.0,0.0,Hindsight,4,0,0
Global,3176462,1534283997000,1563606,4138827,990827,1687353,1328835,LinUCB_Disjoint_Multi_Target,6,0.1,0.0,0.0,0.0,Hindsight,4,0,0
Local,3361164,1534305600000,1516723,4130791,949898,1664909,1262426,LinUCB_Disjoint_Multi_Target,6,0.1,0.0,0.0,0.0,Hindsight,4,0,0
Global,3361164,1534305600000,1516723,4130791,949898,1664909,1262426,LinUCB_Disjoint_Multi_Target,6,0.1,0.0,0.0,0.0,Hindsight,4,0,0
Local,4267029,1534327200000,1424197,3604046,861790,1615687,1113163,LinUCB_Disjoint_Multi_Target,6,0.1,0.0,0.0,0.0,Hindsight,4,0,0
Global,4267029,1534327200000,1424197,3604046,861790,1615687,1113163,LinUCB_Disjoint_Multi_Target,6,0.1,0.0,0.0,0.0,Hindsight,4,0,0
Local,5314011,1534348800000,1310148,3179708,573206,1502726,1006114,LinUCB_Disjoint_Multi_Target,6,0.1,0.0,0.0,0.0,Hindsight,4,0,0
Global,5314011,1534348800000,1310148,3179708,573206,1502726,1006114,LinUCB_Disjoint_Multi_Target,6,0.1,0.0,0.0,0.0,Hindsight,4,0,0
Local,5726250,1534363199000,1260554,2972057,478967,1486921,961164,LinUCB_Disjoint_Multi_Target,6,0.1,0.0,0.0,0.0,Hindsight,4,0,0
Global,5726250,1534363199000,1260554,2972057,478967,1486921,961164,LinUCB_Disjoint_Multi_Target,6,0.1,0.0,0.0,0.0,Hindsight,4,0,0
Local,5979990,1534384801000,1237583,2844112,411259,1473052,939918,LinUCB_Disjoint_Multi_Target,6,0.1,0.0,0.0,0.0,Hindsight,4,0,0
Global,5979990,1534384801000,1237583,2844112,411259,1473052,939918,LinUCB_Disjoint_Multi_Target,6,0.1,0.0,0.0,0.0,Hindsight,4,0,0
Local,6734652,1534406401000,1153498,2457584,241527,1435446,863208,LinUCB_Disjoint_Multi_Target,6,0.1,0.0,0.0,0.0,Hindsight,4,0,0
Global,6734652,1534406401000,1153498,2457584,241527,1435446,863208,LinUCB_Disjoint_Multi_Target,6,0.1,0.0,0.0,0.0,Hindsight,4,0,0
Local,7863533,1534428001000,1046398,1718607,96674,1355528,805176,LinUCB_Disjoint_Multi_Target,6,0.1,0.0,0.0,0.0,Hindsight,4,0,0
Global,7863533,1534428001000,1046398,1718607,96674,1355528,805176,LinUCB_Disjoint_Multi_Target,6,0.1,0.0,0.0,0.0,Hindsight,4,0,0
Local,8560378,1534449599000,960382,1211259,67105,1322613,764179,LinUCB_Disjoint_Multi_Target,6,0.1,0.0,0.0,0.0,Hindsight,4,0,0
Global,8560378,1534449599000,960382,1211259,67105,1322613,764179,LinUCB_Disjoint_Multi_Target,6,0.1,0.0,0.0,0.0,Hindsight,4,0,0
Local,8811097,1534471200000,899113,1067922,64107,1314763,728915,LinUCB_Disjoint_Multi_Target,6,0.1,0.0,0.0,0.0,Hindsight,4,0,0
Global,8811097,1534471200000,899113,1067922,64107,1314763,728915,LinUCB_Disjoint_Multi_Target,6,0.1,0.0,0.0,0.0,Hindsight,4,0,0
Local,9572684,1534492800000,598312,707521,49928,1297245,660228,LinUCB_Disjoint_Multi_Target,6,0.1,0.0,0.0,0.0,Hindsight,4,0,0
Global,9572684,1534492800000,598312,707521,49928,1297245,660228,LinUCB_Disjoint_Multi_Target,6,0.1,0.0,0.0,0.0,Hindsight,4,0,0
Local,10549106,1534514400000,244688,221374,29723,1260478,580550,LinUCB_Disjoint_Multi_Target,6,0.1,0.0,0.0,0.0,Hindsight,4,0,0
Global,10549106,1534514400000,244688,221374,29723,1260478,580550,LinUCB_Disjoint_Multi_Target,6,0.1,0.0,0.0,0.0,Hindsight,4,0,0
Local,11220337,1534536000000,38881,0,14014,1207111,464480,LinUCB_Disjoint_Multi_Target,6,0.1,0.0,0.0,0.0,Hindsight,4,0,0
Global,11220337,1534536000000,38881,-58903,14014,1207111,464480,LinUCB_Disjoint_Multi_Target,6,0.1,0.0,0.0,0.0,Hindsight,4,0,0
Local,11331020,1534539599000,15306,0,9266,1185486,403745,LinUCB_Disjoint_Multi_Target,6,0.1,0.0,0.0,0.0,Hindsight,4,0,0
Global,11331020,1534539599000,15306,-58903,9266,1185486,403745,LinUCB_Disjoint_Multi_Target,6,0.1,0.0,0.0,0.0,Hindsight,4,0,0
Local,11538116,1534561200000,12092,0,0,1084402,315240,LinUCB_Disjoint_Multi_Target,6,0.1,0.0,0.0,0.0,Hindsight,4,0,0
Global,11538116,1534561200000,12092,-58903,-5026,1084402,315240,LinUCB_Disjoint_Multi_Target,6,0.1,0.0,0.0,0.0,Hindsight,4,0,0
Local,12131153,1534582800000,0,0,0,727739,108171,LinUCB_Disjoint_Multi_Target,6,0.1,0.0,0.0,0.0,Hindsight,4,0,0
Global,12131153,1534582800000,-17212,-58903,-5026,727739,108171,LinUCB_Disjoint_Multi_Target,6,0.1,0.0,0.0,0.0,Hindsight,4,0,0
Local,12921745,1534604400000,0,0,0,249300,0,LinUCB_Disjoint_Multi_Target,6,0.1,0.0,0.0,0.0,Hindsight,4,0,0
Global,12921745,1534604400000,-17212,-58903,-5026,249300,-203981,LinUCB_Disjoint_Multi_Target,6,0.1,0.0,0.0,0.0,Hindsight,4,0,0
Local,13594727,1534626000000,0,0,0,0,0,LinUCB_Disjoint_Multi_Target,6,0.1,0.0,0.0,0.0,Hindsight,4,0,0
Global,13594727,1534626000000,-17212,-58903,-5026,-423681,-203981,LinUCB_Disjoint_Multi_Target,6,0.1,0.0,0.0,0.0,Hindsight,4,0,0
Local,13646663,1534629599000,0,0,0,0,0,LinUCB_Disjoint_Multi_Target,6,0.1,0.0,0.0,0.0,Hindsight,4,0,0
Global,13646663,1534629599000,-25212,-82554,-23782,-423749,-205442,LinUCB_Disjoint_Multi_Target,6,0.1,0.0,0.0,0.0,Hindsight,4,0,0
Local,13812775,1534651200000,0,0,0,0,0,LinUCB_Disjoint_Multi_Target,6,0.1,0.0,0.0,0.0,Hindsight,4,0,0
Global,13812775,1534651200000,-39583,-93320,-156538,-424774,-212635,LinUCB_Disjoint_Multi_Target,6,0.1,0.0,0.0,0.0,Hindsight,4,0,0
Local,14433317,1534672800000,0,0,0,0,0,LinUCB_Disjoint_Multi_Target,6,0.1,0.0,0.0,0.0,Hindsight,4,0,0
Global,14433317,1534672800000,-99032,-180851,-576336,-432117,-259055,LinUCB_Disjoint_Multi_Target,6,0.1,0.0,0.0,0.0,Hindsight,4,0,0
Local,15170226,1534694400000,0,0,0,0,0,LinUCB_Disjoint_Multi_Target,6,0.1,0.0,0.0,0.0,Hindsight,4,0,0
Global,15170226,1534694400000,-181295,-330463,-1009703,-445664,-317174,LinUCB_Disjoint_Multi_Target,6,0.1,0.0,0.0,0.0,Hindsight,4,0,0
Local,15782548,1534712399000,0,0,0,0,0,LinUCB_Disjoint_Multi_Target,6,0.1,0.0,0.0,0.0,Hindsight,4,0,0
Global,15782548,1534712399000,-246012,-538171,-1304846,-452538,-355054,LinUCB_Disjoint_Multi_Target,6,0.1,0.0,0.0,0.0,Hindsight,4,0,0
