MSE,CumulativeMSE,TotalImpressions,Method,RecommendationSizePercent,RecommendationSize,Timestamp,Alpha,TrainPart
0.0019045283635876788,0.0019045283635876788,458775.0,GP_Clustered_10,0.02,58336,1529485200.0,0.001
2.8921255033943985e-05,0.001693423997693809,907502.0,GP_Clustered_10,0.02,58336,1529488800.0,0.001
9.138388865054308e-06,0.0016241178477820076,1454051.0,GP_Clustered_10,0.02,58336,1529492400.0,0.001
2.658207751195037e-05,0.00161390593289147,1867223.0,GP_Clustered_10,0.02,58336,1529496000.0,0.001
1.952767964981854e-05,0.0015920636153209746,2225254.0,GP_Clustered_10,0.02,58336,1529499600.0,0.001
1.1441079037691012e-05,0.0015884033407589,2574843.0,GP_Clustered_10,0.02,58336,1529503200.0,0.001
4.815182800307532e-05,0.0016237522203713364,2947868.0,GP_Clustered_10,0.02,58336,1529506800.0,0.001
5.444631617966658e-05,0.0016457950539692373,3259547.0,GP_Clustered_10,0.02,58336,1529510400.0,0.001
2.2734159481574996e-05,0.0016649734111963278,3567316.0,GP_Clustered_10,0.02,58336,1529514000.0,0.001
3.0870411676437944e-06,0.0016791628333181071,3891463.0,GP_Clustered_10,0.02,58336,1529517600.0,0.001
3.8054015909237806e-05,0.0016872182055551763,4284670.0,GP_Clustered_10,0.02,58336,1529521200.0,0.001
6.272980205873542e-06,0.0016961707299936928,4762296.0,GP_Clustered_10,0.02,58336,1529524800.0,0.001
4.658818753587446e-06,0.001700703324050206,5190412.0,GP_Clustered_10,0.02,58336,1529528400.0,0.001
2.1810460780519456e-05,0.001711599892714735,5465266.0,GP_Clustered_10,0.02,58336,1529532000.0,0.001
0.0001415500027346111,0.00171165705660692,5599226.0,GP_Clustered_10,0.02,58336,1529535600.0,0.001
4.6992204989985097e-05,0.0017124654582738315,5663035.0,GP_Clustered_10,0.02,58336,1529539200.0,0.001
0.0001909104640655213,0.0017147869564124313,5715318.0,GP_Clustered_10,0.02,58336,1529543749.0,0.001
7.085280439683022e-05,0.001714828650988403,5771647.0,GP_Clustered_10,0.02,58336,1529548100.0,0.001
1.644291958479896e-05,0.0017144400990308068,5893490.0,GP_Clustered_10,0.02,58336,1529551700.0,0.001
3.303897853621919e-05,0.0017065797895562227,6195615.0,GP_Clustered_10,0.02,58336,1529555300.0,0.001
4.27944389331994e-06,0.0016887704472872312,6664225.0,GP_Clustered_10,0.02,58336,1529558900.0,0.001
3.627335982033438e-05,0.0016702716287515338,7159543.0,GP_Clustered_10,0.02,58336,1529562500.0,0.001
7.339636752899203e-06,0.001649879335561709,7704439.0,GP_Clustered_10,0.02,58336,1529566100.0,0.001
3.9597364718751254e-05,0.0016428987453840245,7956603.0,GP_Clustered_10,0.02,58336,1529569700.0,0.001
4.504397369734928e-05,0.0016440309611039105,8000909.0,GP_Clustered_10,0.02,58336,1529573300.0,0.001
0.0002333505108784771,0.001643837580911923,8056513.0,GP_Clustered_10,0.02,58336,1529576900.0,0.001
0.00022882039720489882,0.0016443835061109382,8117582.0,GP_Clustered_10,0.02,58336,1529580500.0,0.001
1.8631150681557182e-05,0.0016429903911130044,8171265.0,GP_Clustered_10,0.02,58336,1529584100.0,0.001
1.6577003885109195e-05,0.0016428205310347862,8231666.0,GP_Clustered_10,0.02,58336,1529587700.0,0.001
0.00017550510168350635,0.0016402253143448957,8305581.0,GP_Clustered_10,0.02,58336,1529591300.0,0.001
0.00011100368927902637,0.0016409857298541994,8368649.0,GP_Clustered_10,0.02,58336,1529594900.0,0.001
0.00012695335450511357,0.0016402417132340215,8447317.0,GP_Clustered_10,0.02,58336,1529598500.0,0.001
6.612746470622639e-05,0.0016375515212395835,8522794.0,GP_Clustered_10,0.02,58336,1529602100.0,0.001
3.353992293103462e-05,0.0016336248433517614,8582427.0,GP_Clustered_10,0.02,58336,1529605700.0,0.001
4.3066834524118725e-05,0.0016293841684749543,8651982.0,GP_Clustered_10,0.02,58336,1529609300.0,0.001
0.0001328389415423095,0.0016262065600285169,8734607.0,GP_Clustered_10,0.02,58336,1529612900.0,0.001
0.00021703596990741623,0.0016288852064084646,8785187.0,GP_Clustered_10,0.02,58336,1529616500.0,0.001
0.00028148998790022235,0.0016302847276828416,8824174.0,GP_Clustered_10,0.02,58336,1529625577.0,0.001
0.000176696978973144,0.0016305582681748615,8863714.0,GP_Clustered_10,0.02,58336,1529641557.0,0.001
0.00025176893142882353,0.0016294112666258471,8907340.0,GP_Clustered_10,0.02,58336,1529645460.0,0.001
0.00014933727833395786,0.0016300377595803355,8954134.0,GP_Clustered_10,0.02,58336,1529649060.0,0.001
0.00028451036399733333,0.0016320408881898992,9006745.0,GP_Clustered_10,0.02,58336,1529652660.0,0.001
0.00010424829925076091,0.0016361596668256222,9169529.0,GP_Clustered_10,0.02,58336,1529742660.0,0.001
2.3312053071152534e-05,0.0016453860645900698,9426864.0,GP_Clustered_10,0.02,58336,1529746260.0,0.001
2.3684950438717297e-05,0.0016552508405544444,9721613.0,GP_Clustered_10,0.02,58336,1529749860.0,0.001
2.227804890994661e-05,0.0016643530133602924,10035456.0,GP_Clustered_10,0.02,58336,1529753460.0,0.001
5.7687470084662174e-05,0.0016761800035901195,10329624.0,GP_Clustered_10,0.02,58336,1529757060.0,0.001
1.0633639160991923e-05,0.0016902135606137244,10611091.0,GP_Clustered_10,0.02,58336,1529760660.0,0.001
4.3434782644092856e-05,0.001702485788869472,10886883.0,GP_Clustered_10,0.02,58336,1529764260.0,0.001
6.310141481346323e-05,0.0017143386557430691,11155629.0,GP_Clustered_10,0.02,58336,1529767860.0,0.001
3.432193139954592e-05,0.001722302226896355,11475494.0,GP_Clustered_10,0.02,58336,1529771460.0,0.001
3.3801580893158393e-06,0.0017274282934437726,11772514.0,GP_Clustered_10,0.02,58336,1529775060.0,0.001
1.3692883378049013e-05,0.001734307177730981,11991091.0,GP_Clustered_10,0.02,58336,1529778660.0,0.001
8.209670371028347e-05,0.0017415852662992662,12258440.0,GP_Clustered_10,0.02,58336,1529782260.0,0.001
7.6085855300729635e-06,0.0017437758403586294,12520660.0,GP_Clustered_10,0.02,58336,1529785860.0,0.001
4.8531494293233805e-05,0.0017588431509861732,12829235.0,GP_Clustered_10,0.02,58336,1529789460.0,0.001
6.553351267521863e-05,0.001768260462374959,13027252.0,GP_Clustered_10,0.02,58336,1529793060.0,0.001
2.8728184737217846e-05,0.001770793487869454,13131475.0,GP_Clustered_10,0.02,58336,1529796660.0,0.001
0.00024312863661990957,0.0017721545209605034,13188967.0,GP_Clustered_10,0.02,58336,1529800329.0,0.001
0.00043901093879221496,0.00177451031122036,13236682.0,GP_Clustered_10,0.02,58336,1529805252.0,0.001
0.00026893940784793315,0.0017770950152755458,13296037.0,GP_Clustered_10,0.02,58336,1529811168.0,0.001
3.996730611250183e-05,0.0017802051655286032,13370897.0,GP_Clustered_10,0.02,58336,1529814768.0,0.001
3.0979083707170226e-05,0.0017889578203726924,13531910.0,GP_Clustered_10,0.02,58336,1529818368.0,0.001
3.3421441614935434e-06,0.0017981336088140883,13830794.0,GP_Clustered_10,0.02,58336,1529821968.0,0.001
3.376623068936079e-05,0.0018135641402121658,14214883.0,GP_Clustered_10,0.02,58336,1529825568.0,0.001
0.00014063685749914374,0.0018199390789722365,14392073.0,GP_Clustered_10,0.02,58336,1529830312.0,0.001
0.0019045283635876788,0.0019045283635876788,458775.0,GP_Clustered_10,0.05,145840,1529485200.0,0.001
2.8920744414591226e-05,0.0016934140294512002,907502.0,GP_Clustered_10,0.05,145840,1529488800.0,0.001
9.13845255131539e-06,0.001624112287342576,1454051.0,GP_Clustered_10,0.05,145840,1529492400.0,0.001
2.6583616781939263e-05,0.0016139014032649655,1867223.0,GP_Clustered_10,0.05,145840,1529496000.0,0.001
1.9526756824332766e-05,0.0015920634668265873,2225254.0,GP_Clustered_10,0.05,145840,1529499600.0,0.001
1.14427535148746e-05,0.0015884038233227595,2574843.0,GP_Clustered_10,0.05,145840,1529503200.0,0.001
4.815046430559414e-05,0.0016237483988555163,2947868.0,GP_Clustered_10,0.05,145840,1529506800.0,0.001
5.444656481149965e-05,0.0016457924580032131,3259547.0,GP_Clustered_10,0.05,145840,1529510400.0,0.001
2.273491636649185e-05,0.001664971288703765,3567316.0,GP_Clustered_10,0.05,145840,1529514000.0,0.001
3.0873436086018553e-06,0.0016791615741538685,3891463.0,GP_Clustered_10,0.05,145840,1529517600.0,0.001
3.805408281827604e-05,0.0016872171344127927,4284670.0,GP_Clustered_10,0.05,145840,1529521200.0,0.001
6.273219975209232e-06,0.0016961696014518336,4762296.0,GP_Clustered_10,0.05,145840,1529524800.0,0.001
4.6588692468008155e-06,0.0017007025035195287,5190412.0,GP_Clustered_10,0.05,145840,1529528400.0,0.001
2.1810891250966837e-05,0.0017115999114092058,5465266.0,GP_Clustered_10,0.05,145840,1529532000.0,0.001
0.00014155016340918204,0.0017116572024929338,5599226.0,GP_Clustered_10,0.05,145840,1529535600.0,0.001
4.6992415464695504e-05,0.0017124655222777799,5663035.0,GP_Clustered_10,0.05,145840,1529539200.0,0.001
0.0002345259749570788,0.001713686164185996,5705597.0,GP_Clustered_10,0.05,145840,1529542800.0,0.001
0.0002006031564586352,0.0017143178109737102,5745418.0,GP_Clustered_10,0.05,145840,1529546400.0,0.001
1.3306736932818204e-05,0.0017169304059441617,5820387.0,GP_Clustered_10,0.05,145840,1529550000.0,0.001
4.967668142556413e-06,0.0017120523093903741,6022423.0,GP_Clustered_10,0.05,145840,1529553600.0,0.001
7.2892859118794346e-06,0.0016972602725262363,6434382.0,GP_Clustered_10,0.05,145840,1529557200.0,0.001
2.058793035684841e-06,0.0016785855791887447,6923602.0,GP_Clustered_10,0.05,145840,1529560800.0,0.001
2.380581230934673e-05,0.0016614021575593037,7426785.0,GP_Clustered_10,0.05,145840,1529564400.0,0.001
2.9356183116143378e-05,0.0016418750903576574,7936659.0,GP_Clustered_10,0.05,145840,1529568000.0,0.001
7.320844411068047e-10,0.0016437114939632964,7980011.0,GP_Clustered_10,0.05,145840,1529571600.0,0.001
0.00025667897733992626,0.0016438560887858348,8026679.0,GP_Clustered_10,0.05,145840,1529575200.0,0.001
3.363819190591186e-08,0.0016445371478410115,8090734.0,GP_Clustered_10,0.05,145840,1529578800.0,0.001
9.271395308141918e-05,0.0016441980305081454,8144625.0,GP_Clustered_10,0.05,145840,1529582400.0,0.001
5.119542957613327e-05,0.0016430464180398428,8203207.0,GP_Clustered_10,0.05,145840,1529586000.0,0.001
5.641507350042476e-05,0.0016399575570377521,8274083.0,GP_Clustered_10,0.05,145840,1529589600.0,0.001
0.0001931848871778203,0.0016414111592190754,8336081.0,GP_Clustered_10,0.05,145840,1529593200.0,0.001
6.513418723903434e-05,0.0016415323846658589,8412704.0,GP_Clustered_10,0.05,145840,1529596800.0,0.001
9.111621900392413e-05,0.0016381998998082194,8489572.0,GP_Clustered_10,0.05,145840,1529600400.0,0.001
6.101404126055536e-05,0.0016352170779816218,8555149.0,GP_Clustered_10,0.05,145840,1529604000.0,0.001
0.0002025259481620581,0.001632095892966706,8619253.0,GP_Clustered_10,0.05,145840,1529607600.0,0.001
5.152043808989427e-05,0.0016265805145893205,8697021.0,GP_Clustered_10,0.05,145840,1529611200.0,0.001
0.0002494513139701182,0.0016268363303399856,8764997.0,GP_Clustered_10,0.05,145840,1529614800.0,0.001
3.7222926740853726e-08,0.001629125979339157,8800457.0,GP_Clustered_10,0.05,145840,1529618400.0,0.001
0.0008385319100243596,0.001629568468628901,8819506.0,GP_Clustered_10,0.05,145840,1529623159.0,0.001
0.0008004645465240309,0.0016309745120550118,8838211.0,GP_Clustered_10,0.05,145840,1529636549.0,0.001
0.000760858398394188,0.0016308788470879702,8855259.0,GP_Clustered_10,0.05,145840,1529640468.0,0.001
5.938293477645035e-10,0.001630232816299115,8890007.0,GP_Clustered_10,0.05,145840,1529644068.0,0.001
6.610897822816182e-05,0.0016292014742495264,8935476.0,GP_Clustered_10,0.05,145840,1529647668.0,0.001
0.00015937841383209216,0.0016311093940507909,8985601.0,GP_Clustered_10,0.05,145840,1529651268.0,0.001
0.00017354386101336788,0.0016316026600191006,9066097.0,GP_Clustered_10,0.05,145840,1529741268.0,0.001
5.173997538175649e-05,0.0016422083697262703,9316883.0,GP_Clustered_10,0.05,145840,1529744868.0,0.001
8.537521982960812e-05,0.0016522145352599218,9609009.0,GP_Clustered_10,0.05,145840,1529748468.0,0.001
6.609877572385687e-06,0.001660385009713153,9910979.0,GP_Clustered_10,0.05,145840,1529752068.0,0.001
3.2241937545356225e-06,0.001673104319233341,10220963.0,GP_Clustered_10,0.05,145840,1529755668.0,0.001
2.796930852508645e-05,0.0016844014768547801,10506716.0,GP_Clustered_10,0.05,145840,1529759268.0,0.001
8.434886189531231e-05,0.0016981773295996956,10778757.0,GP_Clustered_10,0.05,145840,1529762868.0,0.001
3.668540072732531e-06,0.0017077220612309594,11052198.0,GP_Clustered_10,0.05,145840,1529766468.0,0.001
2.643089533473202e-05,0.001719057219680259,11354336.0,GP_Clustered_10,0.05,145840,1529770068.0,0.001
2.526921648911515e-09,0.0017244589747603906,11660254.0,GP_Clustered_10,0.05,145840,1529773668.0,0.001
1.1470151483538797e-05,0.0017334194531869712,11921223.0,GP_Clustered_10,0.05,145840,1529777268.0,0.001
3.4236528274277996e-05,0.0017387845902179535,12183487.0,GP_Clustered_10,0.05,145840,1529780868.0,0.001
1.5082510958782803e-05,0.0017418447745614375,12382115.0,GP_Clustered_10,0.05,145840,1529784468.0,0.001
1.1769974310428988e-05,0.0017523101199043859,12721049.0,GP_Clustered_10,0.05,145840,1529788068.0,0.001
5.311723633327765e-05,0.0017649431306539336,12965227.0,GP_Clustered_10,0.05,145840,1529791668.0,0.001
0.00011975842093767781,0.0017697523638985988,13098582.0,GP_Clustered_10,0.05,145840,1529795268.0,0.001
0.000379242067170881,0.0017718017753157761,13169604.0,GP_Clustered_10,0.05,145840,1529798868.0,0.001
0.00011771166691165551,0.0017727659305252093,13211981.0,GP_Clustered_10,0.05,145840,1529802468.0,0.001
0.0003750885440909712,0.0017750478110655857,13243892.0,GP_Clustered_10,0.05,145840,1529806068.0,0.001
0.000475171505826581,0.0017763422639647923,13277494.0,GP_Clustered_10,0.05,145840,1529809668.0,0.001
1.8362572193057243e-05,0.0017781208436743782,13332118.0,GP_Clustered_10,0.05,145840,1529813268.0,0.001
3.352908215361743e-05,0.0017839782847218725,13451094.0,GP_Clustered_10,0.05,145840,1529816868.0,0.001
4.139169288689847e-09,0.001794421196636631,13690312.0,GP_Clustered_10,0.05,145840,1529820468.0,0.001
3.35045443182706e-05,0.001806415789427557,14047942.0,GP_Clustered_10,0.05,145840,1529824068.0,0.001
6.0822707458464154e-05,0.0018196556416294773,14392069.0,GP_Clustered_10,0.05,145840,1529828038.0,0.001
0.0019045283635876788,0.0019045283635876788,458775.0,GP_Clustered_10,0.1,291680,1529485200.0,0.001
2.8920492530409243e-05,0.001693419538804583,907502.0,GP_Clustered_10,0.1,291680,1529488800.0,0.001
9.138652934021587e-06,0.0016241129087848016,1454051.0,GP_Clustered_10,0.1,291680,1529492400.0,0.001
2.65830596526087e-05,0.0016139013964805548,1867223.0,GP_Clustered_10,0.1,291680,1529496000.0,0.001
1.952798919621976e-05,0.0015920593819538321,2225254.0,GP_Clustered_10,0.1,291680,1529499600.0,0.001
1.1441315515644208e-05,0.0015883996141316627,2574843.0,GP_Clustered_10,0.1,291680,1529503200.0,0.001
4.8153630736468396e-05,0.0016237491901427022,2947868.0,GP_Clustered_10,0.1,291680,1529506800.0,0.001
5.444620868140929e-05,0.001645793096590843,3259547.0,GP_Clustered_10,0.1,291680,1529510400.0,0.001
2.2733711036297028e-05,0.0016649714443089261,3567316.0,GP_Clustered_10,0.1,291680,1529514000.0,0.001
3.0874357169967857e-06,0.0016791606634286925,3891463.0,GP_Clustered_10,0.1,291680,1529517600.0,0.001
3.805398017679837e-05,0.0016872162915740581,4284670.0,GP_Clustered_10,0.1,291680,1529521200.0,0.001
6.273119198046014e-06,0.0016961694740630362,4762296.0,GP_Clustered_10,0.1,291680,1529524800.0,0.001
4.658572019476485e-06,0.00170070277590181,5190412.0,GP_Clustered_10,0.1,291680,1529528400.0,0.001
2.1810872064851477e-05,0.0017115998947807365,5465266.0,GP_Clustered_10,0.1,291680,1529532000.0,0.001
0.00014154968690473127,0.0017116572320151425,5599226.0,GP_Clustered_10,0.1,291680,1529535600.0,0.001
4.69987859493431e-05,0.001712465470354101,5663035.0,GP_Clustered_10,0.1,291680,1529539200.0,0.001
0.0002345313631277769,0.0017136859610443742,5705597.0,GP_Clustered_10,0.1,291680,1529542800.0,0.001
0.00020060313705273273,0.001714317586544307,5745418.0,GP_Clustered_10,0.1,291680,1529546400.0,0.001
1.3307213048478422e-05,0.0017169301071472813,5820387.0,GP_Clustered_10,0.1,291680,1529550000.0,0.001
4.9681503451861794e-06,0.00171205207656911,6022423.0,GP_Clustered_10,0.1,291680,1529553600.0,0.001
7.28829429395599e-06,0.0016972601504390854,6434382.0,GP_Clustered_10,0.1,291680,1529557200.0,0.001
2.0584949517469487e-06,0.0016785847312773396,6923602.0,GP_Clustered_10,0.1,291680,1529560800.0,0.001
2.380648018512238e-05,0.0016614006761190394,7426785.0,GP_Clustered_10,0.1,291680,1529564400.0,0.001
2.9356206912367443e-05,0.0016418720684644602,7936659.0,GP_Clustered_10,0.1,291680,1529568000.0,0.001
7.252136032564377e-10,0.001643708537610883,7980011.0,GP_Clustered_10,0.1,291680,1529571600.0,0.001
0.0002566691422959459,0.001643853052340657,8026679.0,GP_Clustered_10,0.1,291680,1529575200.0,0.001
3.249001511637443e-08,0.0016445342458650874,8090734.0,GP_Clustered_10,0.1,291680,1529578800.0,0.001
9.271330695269139e-05,0.0016441950800865322,8144625.0,GP_Clustered_10,0.1,291680,1529582400.0,0.001
5.119404845878362e-05,0.001643043445800049,8203207.0,GP_Clustered_10,0.1,291680,1529586000.0,0.001
5.64114637994893e-05,0.0016399545754009887,8274083.0,GP_Clustered_10,0.1,291680,1529589600.0,0.001
0.00019318496820893203,0.0016414080584632293,8336081.0,GP_Clustered_10,0.1,291680,1529593200.0,0.001
6.513509941913977e-05,0.00164152921347052,8412704.0,GP_Clustered_10,0.1,291680,1529596800.0,0.001
9.111370386902881e-05,0.0016381965453384003,8489572.0,GP_Clustered_10,0.1,291680,1529600400.0,0.001
6.101355817261126e-05,0.0016352138525457156,8555149.0,GP_Clustered_10,0.1,291680,1529604000.0,0.001
0.00020252532573823129,0.001632092593548601,8619253.0,GP_Clustered_10,0.1,291680,1529607600.0,0.001
5.152253991089112e-05,0.0016265770922711362,8697021.0,GP_Clustered_10,0.1,291680,1529611200.0,0.001
0.00024945148832626244,0.0016268332045770518,8764997.0,GP_Clustered_10,0.1,291680,1529614800.0,0.001
3.756025992468435e-08,0.0016291229312326726,8800457.0,GP_Clustered_10,0.1,291680,1529618400.0,0.001
0.0006250279474158108,0.0016294544184345533,8816432.0,GP_Clustered_10,0.1,291680,1529622000.0,0.001
0.001688398989668116,0.0016305311031338146,8825295.0,GP_Clustered_10,0.1,291680,1529626274.0,0.001
0.0005428175609338893,0.0016305274907912374,8834499.0,GP_Clustered_10,0.1,291680,1529634563.0,0.001
0.0002247463492713879,0.0016305774888854068,8843412.0,GP_Clustered_10,0.1,291680,1529638163.0,0.001
0.0003610432575723996,0.0016303369256329364,8865540.0,GP_Clustered_10,0.1,291680,1529641763.0,0.001
0.00027048100813625907,0.0016296329320970879,8906135.0,GP_Clustered_10,0.1,291680,1529645363.0,0.001
0.00010689050576870256,0.0016300533668740787,8952832.0,GP_Clustered_10,0.1,291680,1529648963.0,0.001
0.00022790462023414233,0.0016319582667637346,9005374.0,GP_Clustered_10,0.1,291680,1529652563.0,0.001
3.176453006249025e-05,0.0016361155760856794,9162460.0,GP_Clustered_10,0.1,291680,1529742563.0,0.001
4.284686576926313e-05,0.0016457135189696717,9418920.0,GP_Clustered_10,0.1,291680,1529746163.0,0.001
3.381523378017624e-05,0.0016547031222273675,9713974.0,GP_Clustered_10,0.1,291680,1529749763.0,0.001
4.147431273264341e-05,0.001664390739911914,10026821.0,GP_Clustered_10,0.1,291680,1529753363.0,0.001
6.77402575322301e-06,0.0016759800485879218,10321907.0,GP_Clustered_10,0.1,291680,1529756963.0,0.001
2.8324151629225575e-05,0.001689966308660873,10603757.0,GP_Clustered_10,0.1,291680,1529760563.0,0.001
6.87463324797303e-05,0.0017023368344497062,10879590.0,GP_Clustered_10,0.1,291680,1529764163.0,0.001
6.686718026412895e-05,0.001713683569411586,11148206.0,GP_Clustered_10,0.1,291680,1529767763.0,0.001
2.8238421300416123e-05,0.001721816270091149,11466514.0,GP_Clustered_10,0.1,291680,1529771363.0,0.001
3.68467005571238e-05,0.0017275984564278815,11764367.0,GP_Clustered_10,0.1,291680,1529774963.0,0.001
4.0528430596948935e-05,0.001734350278923992,11986130.0,GP_Clustered_10,0.1,291680,1529778563.0,0.001
4.4725728933037855e-05,0.001741431286351016,12253729.0,GP_Clustered_10,0.1,291680,1529782163.0,0.001
1.1641262286621463e-05,0.0017433216565090935,12510692.0,GP_Clustered_10,0.1,291680,1529785763.0,0.001
2.241558941812149e-05,0.0017591790141729242,12822156.0,GP_Clustered_10,0.1,291680,1529789363.0,0.001
3.473292474832575e-05,0.0017683260152553716,13023281.0,GP_Clustered_10,0.1,291680,1529792963.0,0.001
0.0002067909367259992,0.001770751415936963,13129429.0,GP_Clustered_10,0.1,291680,1529796563.0,0.001
0.00015637837330841173,0.0017720372137116128,13186919.0,GP_Clustered_10,0.1,291680,1529800163.0,0.001
0.0002439527334195887,0.0017738949664280314,13223728.0,GP_Clustered_10,0.1,291680,1529803763.0,0.001
0.00035267860117394405,0.0017755256771580393,13254850.0,GP_Clustered_10,0.1,291680,1529807363.0,0.001
0.0002341060278302891,0.0017769338376707716,13293200.0,GP_Clustered_10,0.1,291680,1529810963.0,0.001
0.00015336830138825908,0.0017800351354713701,13364769.0,GP_Clustered_10,0.1,291680,1529814563.0,0.001
0.00015460739169968375,0.0017884982695736719,13519636.0,GP_Clustered_10,0.1,291680,1529818163.0,0.001
1.7099593884201402e-05,0.0017982790723255582,13811210.0,GP_Clustered_10,0.1,291680,1529821763.0,0.001
7.867185026722831e-06,0.0018128114434311099,14191991.0,GP_Clustered_10,0.1,291680,1529825363.0,0.001
0.00012451835076512902,0.0018199157610140385,14392073.0,GP_Clustered_10,0.1,291680,1529830312.0,0.001
0.0019045283635876788,0.0019045283635876788,458775.0,GP_Clustered_10,0.02,58336,1529485200.0,0.0001
2.8920677895821397e-05,0.0016934184336997442,907502.0,GP_Clustered_10,0.02,58336,1529488800.0,0.0001
9.138293675824491e-06,0.0016241121988584998,1454051.0,GP_Clustered_10,0.02,58336,1529492400.0,0.0001
2.6582950709916845e-05,0.0016138996614467398,1867223.0,GP_Clustered_10,0.02,58336,1529496000.0,0.0001
1.9526414995227025e-05,0.0015920573163249576,2225254.0,GP_Clustered_10,0.02,58336,1529499600.0,0.0001
1.1440801811180253e-05,0.0015883971367916681,2574843.0,GP_Clustered_10,0.02,58336,1529503200.0,0.0001
4.815319649917331e-05,0.0016237467823754634,2947868.0,GP_Clustered_10,0.02,58336,1529506800.0,0.0001
5.444669323835325e-05,0.001645790751461768,3259547.0,GP_Clustered_10,0.02,58336,1529510400.0,0.0001
2.2732849618272768e-05,0.0016649698839898374,3567316.0,GP_Clustered_10,0.02,58336,1529514000.0,0.0001
3.086819284169296e-06,0.0016791612375256176,3891463.0,GP_Clustered_10,0.02,58336,1529517600.0,0.0001
3.80554708056612e-05,0.0016872175037851924,4284670.0,GP_Clustered_10,0.02,58336,1529521200.0,0.0001
6.273385567678947e-06,0.0016961707286583686,4762296.0,GP_Clustered_10,0.02,58336,1529524800.0,0.0001
4.658820792243355e-06,0.0017007039169223456,5190412.0,GP_Clustered_10,0.02,58336,1529528400.0,0.0001
2.180979451252294e-05,0.0017116017221848394,5465266.0,GP_Clustered_10,0.02,58336,1529532000.0,0.0001
0.00014155240522862233,0.001711658713535722,5599226.0,GP_Clustered_10,0.02,58336,1529535600.0,0.0001
0.00016061537708191001,0.00171373766798809,5686208.0,GP_Clustered_10,0.02,58336,1529540994.0,0.0001
1.0947713142080717e-08,0.0017145291412545593,5770334.0,GP_Clustered_10,0.02,58336,1529548030.0,0.0001
0.00011705024579290552,0.0017150138452867337,5889774.0,GP_Clustered_10,0.02,58336,1529551630.0,0.0001
5.696240966477923e-05,0.0017065351185839126,6187591.0,GP_Clustered_10,0.02,58336,1529555230.0,0.0001
8.562164107489154e-06,0.0016895200007678733,6654765.0,GP_Clustered_10,0.02,58336,1529558830.0,0.0001
3.0254329319763305e-05,0.0016698923046276986,7149812.0,GP_Clustered_10,0.02,58336,1529562430.0,0.0001
2.0148524556504157e-05,0.0016500482784180435,7694567.0,GP_Clustered_10,0.02,58336,1529566030.0,0.0001
2.2957701824400306e-05,0.0016425733060831582,7955745.0,GP_Clustered_10,0.02,58336,1529569630.0,0.0001
1.449624496271574e-09,0.0016439624308598774,8000023.0,GP_Clustered_10,0.02,58336,1529573230.0,0.0001
0.00021677752592229983,0.001643967323826613,8055262.0,GP_Clustered_10,0.02,58336,1529576830.0,0.0001
0.00019538717672858968,0.001644341897054075,8116567.0,GP_Clustered_10,0.02,58336,1529580430.0,0.0001
8.816022042133761e-09,0.0016430871950262015,8170169.0,GP_Clustered_10,0.02,58336,1529584030.0,0.0001
1.8411530335445543e-08,0.001642951622121022,8230395.0,GP_Clustered_10,0.02,58336,1529587630.0,0.0001
0.00013476417575373242,0.001640088324219817,8304443.0,GP_Clustered_10,0.02,58336,1529591230.0,0.0001
8.056840029895051e-05,0.0016411629242095058,8366520.0,GP_Clustered_10,0.02,58336,1529594830.0,0.0001
0.00011326372541256783,0.001640404850166825,8445860.0,GP_Clustered_10,0.02,58336,1529598430.0,0.0001
3.957390754320812e-05,0.0016375605835004118,8521521.0,GP_Clustered_10,0.02,58336,1529602030.0,0.0001
1.674214521283513e-05,0.0016337292133862735,8581261.0,GP_Clustered_10,0.02,58336,1529605630.0,0.0001
1.4393976916443673e-05,0.0016294082998998228,8650623.0,GP_Clustered_10,0.02,58336,1529609230.0,0.0001
9.652883002426382e-05,0.0016261027581984226,8733319.0,GP_Clustered_10,0.02,58336,1529612830.0,0.0001
0.00019522093290801044,0.0016289101540412593,8784435.0,GP_Clustered_10,0.02,58336,1529616430.0,0.0001
0.0006812212726805504,0.001629403138831298,8809345.0,GP_Clustered_10,0.02,58336,1529620030.0,0.0001
0.00016978399417368783,0.001630712074841313,8832873.0,GP_Clustered_10,0.02,58336,1529633213.0,0.0001
0.0005670467956868077,0.001630995488699365,8853984.0,GP_Clustered_10,0.02,58336,1529640287.0,0.0001
0.00032507746680808655,0.0016301875821048317,8887776.0,GP_Clustered_10,0.02,58336,1529643887.0,0.0001
2.215966094785078e-05,0.0016293961372431088,8933153.0,GP_Clustered_10,0.02,58336,1529647487.0,0.0001
6.058162049450386e-05,0.0016310883863665541,8982629.0,GP_Clustered_10,0.02,58336,1529651087.0,0.0001
0.00010024883192813651,0.0016307801962763477,9052284.0,GP_Clustered_10,0.02,58336,1529741087.0,0.0001
3.9535014258032526e-05,0.001641884905404175,9304709.0,GP_Clustered_10,0.02,58336,1529744687.0,0.0001
3.78308925316861e-05,0.0016510066327103008,9594861.0,GP_Clustered_10,0.02,58336,1529748287.0,0.0001
3.6596335335450976e-05,0.0016603724727579127,9894793.0,GP_Clustered_10,0.02,58336,1529751887.0,0.0001
6.696058643181566e-05,0.0016726386190690015,10207673.0,GP_Clustered_10,0.02,58336,1529755487.0,0.0001
3.5015430902747026e-05,0.0016843974829136522,10492490.0,GP_Clustered_10,0.02,58336,1529759087.0,0.0001
2.5682468551133245e-05,0.0016970619367421128,10764648.0,GP_Clustered_10,0.02,58336,1529762687.0,0.0001
3.270397416899793e-05,0.0017077382325359218,11039789.0,GP_Clustered_10,0.02,58336,1529766287.0,0.0001
4.349137934205284e-05,0.0017183258906732805,11338232.0,GP_Clustered_10,0.02,58336,1529769887.0,0.0001
3.243382464303524e-05,0.0017239878506268632,11646042.0,GP_Clustered_10,0.02,58336,1529773487.0,0.0001
3.766469882572236e-06,0.001733064913420777,11913263.0,GP_Clustered_10,0.02,58336,1529777087.0,0.0001
5.3338803216006615e-05,0.0017376001796891622,12175111.0,GP_Clustered_10,0.02,58336,1529780687.0,0.0001
3.6380511063466815e-05,0.0017416423973419012,12367474.0,GP_Clustered_10,0.02,58336,1529784287.0,0.0001
2.9526951646662553e-05,0.001750990617575764,12705535.0,GP_Clustered_10,0.02,58336,1529787887.0,0.0001
5.9701929919879134e-05,0.0017642409174006151,12956223.0,GP_Clustered_10,0.02,58336,1529791487.0,0.0001
3.631295126764287e-05,0.0017695635410245269,13093750.0,GP_Clustered_10,0.02,58336,1529795087.0,0.0001
0.0002588693481129101,0.0017715464193531472,13166971.0,GP_Clustered_10,0.02,58336,1529798687.0,0.0001
0.0002866078458895374,0.001773787201574065,13229658.0,GP_Clustered_10,0.02,58336,1529804436.0,0.0001
0.00027638769389215853,0.0017766630512207,13287427.0,GP_Clustered_10,0.02,58336,1529810525.0,0.0001
0.00010720580162234778,0.0017792051220201586,13352566.0,GP_Clustered_10,0.02,58336,1529814125.0,0.0001
7.740658657078496e-05,0.0017869065540287085,13494345.0,GP_Clustered_10,0.02,58336,1529817725.0,0.0001
3.6144891957686783e-06,0.0017966890404513037,13770201.0,GP_Clustered_10,0.02,58336,1529821325.0,0.0001
2.4065231678025323e-05,0.0018099674999663402,14143288.0,GP_Clustered_10,0.02,58336,1529824925.0,0.0001
9.615103790296299e-05,0.001819860537676318,14392072.0,GP_Clustered_10,0.02,58336,1529828579.0,0.0001
0.0019045283635876788,0.0019045283635876788,458775.0,GP_Clustered_10,0.05,145840,1529485200.0,0.0001
2.892073864900934e-05,0.0016934183252976453,907502.0,GP_Clustered_10,0.05,145840,1529488800.0,0.0001
9.138355690865497e-06,0.0016241140130025535,1454051.0,GP_Clustered_10,0.05,145840,1529492400.0,0.0001
2.658293076989473e-05,0.0016139010941203188,1867223.0,GP_Clustered_10,0.05,145840,1529496000.0,0.0001
1.952668037233355e-05,0.0015920594139101408,2225254.0,GP_Clustered_10,0.05,145840,1529499600.0,0.0001
1.1441297340079971e-05,0.0015883991730008937,2574843.0,GP_Clustered_10,0.05,145840,1529503200.0,0.0001
4.815290869227074e-05,0.0016237476295266672,2947868.0,GP_Clustered_10,0.05,145840,1529506800.0,0.0001
5.444670338124523e-05,0.001645790680335053,3259547.0,GP_Clustered_10,0.05,145840,1529510400.0,0.0001
2.2734725454933694e-05,0.0016649675909554277,3567316.0,GP_Clustered_10,0.05,145840,1529514000.0,0.0001
3.0873629792332965e-06,0.0016791567941093354,3891463.0,GP_Clustered_10,0.05,145840,1529517600.0,0.0001
3.805228575568792e-05,0.001687211709627258,4284670.0,GP_Clustered_10,0.05,145840,1529521200.0,0.0001
6.2737222140283545e-06,0.0016961637440474488,4762296.0,GP_Clustered_10,0.05,145840,1529524800.0,0.0001
4.658403761796629e-06,0.0017006965681112616,5190412.0,GP_Clustered_10,0.05,145840,1529528400.0,0.0001
2.1812149536191186e-05,0.0017115924672743501,5465266.0,GP_Clustered_10,0.05,145840,1529532000.0,0.0001
0.00014154685509119177,0.0017116497409450152,5599226.0,GP_Clustered_10,0.05,145840,1529535600.0,0.0001
4.699766221443624e-05,0.0017124580638742284,5663035.0,GP_Clustered_10,0.05,145840,1529539200.0,0.0001
0.0002345312661497609,0.001713678689160305,5705597.0,GP_Clustered_10,0.05,145840,1529542800.0,0.0001
0.00020061312797086105,0.0017143103949279611,5745418.0,GP_Clustered_10,0.05,145840,1529546400.0,0.0001
1.3307807586065656e-05,0.001716922755842443,5820387.0,GP_Clustered_10,0.05,145840,1529550000.0,0.0001
4.969847607741204e-06,0.0017120455088286007,6022423.0,GP_Clustered_10,0.05,145840,1529553600.0,0.0001
7.290016116828829e-06,0.0016972556175682343,6434382.0,GP_Clustered_10,0.05,145840,1529557200.0,0.0001
2.0601163523437103e-06,0.0016785830979919405,6923602.0,GP_Clustered_10,0.05,145840,1529560800.0,0.0001
2.3805949016728466e-05,0.0016614021025950746,7426785.0,GP_Clustered_10,0.05,145840,1529564400.0,0.0001
2.9356289815359928e-05,0.0016418757070992092,7936659.0,GP_Clustered_10,0.05,145840,1529568000.0,0.0001
7.575611706237102e-10,0.001643712003187,7980011.0,GP_Clustered_10,0.05,145840,1529571600.0,0.0001
0.00025667423065134685,0.0016438566542871886,8026679.0,GP_Clustered_10,0.05,145840,1529575200.0,0.0001
3.412742946349349e-08,0.0016445377300449886,8090734.0,GP_Clustered_10,0.05,145840,1529578800.0,0.0001
9.271358386426864e-05,0.0016441985692069764,8144625.0,GP_Clustered_10,0.05,145840,1529582400.0,0.0001
5.119569863962229e-05,0.0016430469903616384,8203207.0,GP_Clustered_10,0.05,145840,1529586000.0,0.0001
5.641178979904814e-05,0.0016399581994196392,8274083.0,GP_Clustered_10,0.05,145840,1529589600.0,0.0001
0.0001931794298945212,0.0016414118067588704,8336081.0,GP_Clustered_10,0.05,145840,1529593200.0,0.0001
6.513443866573329e-05,0.0016415330102833392,8412704.0,GP_Clustered_10,0.05,145840,1529596800.0,0.0001
9.111916599596133e-05,0.0016382005089267465,8489572.0,GP_Clustered_10,0.05,145840,1529600400.0,0.0001
6.101878810944906e-05,0.0016352178949618622,8555149.0,GP_Clustered_10,0.05,145840,1529604000.0,0.0001
0.0002025239550792502,0.0016320966126893782,8619253.0,GP_Clustered_10,0.05,145840,1529607600.0,0.0001
5.152368133047925e-05,0.0016265812343556187,8697021.0,GP_Clustered_10,0.05,145840,1529611200.0,0.0001
0.00024944966432710033,0.001626837234554586,8764997.0,GP_Clustered_10,0.05,145840,1529614800.0,0.0001
3.729027051831279e-08,0.0016291268524438397,8800457.0,GP_Clustered_10,0.05,145840,1529618400.0,0.0001
0.0006250138521752191,0.0016294583032838254,8816432.0,GP_Clustered_10,0.05,145840,1529622000.0,0.0001
0.0014104497081429144,0.0016302828038301626,8824213.0,GP_Clustered_10,0.05,145840,1529625600.0,0.0001
3.1527164671142544e-07,0.0016306673118508148,8830700.0,GP_Clustered_10,0.05,145840,1529631154.0,0.0001
0.00207780354666473,0.001630983248972314,8836944.0,GP_Clustered_10,0.05,145840,1529636032.0,0.0001
7.607366313962595e-05,0.0016304873275933246,8850046.0,GP_Clustered_10,0.05,145840,1529639632.0,0.0001
3.303375111684202e-05,0.0016304533104266347,8880235.0,GP_Clustered_10,0.05,145840,1529643232.0,0.0001
0.00024638854885756573,0.0016301458250793396,8924784.0,GP_Clustered_10,0.05,145840,1529646832.0,0.0001
0.0001449662221899817,0.0016314040138198462,8972966.0,GP_Clustered_10,0.05,145840,1529650432.0,0.0001
0.00020883412943799033,0.0016319666376688948,9025537.0,GP_Clustered_10,0.05,145840,1529654032.0,0.0001
1.263609265989935e-05,0.001640487257176232,9262780.0,GP_Clustered_10,0.05,145840,1529744032.0,0.0001
1.4296101429139178e-05,0.0016496918938124652,9542036.0,GP_Clustered_10,0.05,145840,1529747632.0,0.0001
3.0557386133802645e-05,0.0016592164135590933,9836145.0,GP_Clustered_10,0.05,145840,1529751232.0,0.0001
3.1361320706412646e-05,0.001668560024655953,10154315.0,GP_Clustered_10,0.05,145840,1529754832.0,0.0001
5.627095856890784e-05,0.001680082716191904,10438097.0,GP_Clustered_10,0.05,145840,1529758432.0,0.0001
3.9815834400829176e-05,0.001695170464585723,10713678.0,GP_Clustered_10,0.05,145840,1529762032.0,0.0001
3.57373036186658e-05,0.0017074194145125091,10992743.0,GP_Clustered_10,0.05,145840,1529765632.0,0.0001
5.239680775371582e-05,0.0017163625923503649,11278516.0,GP_Clustered_10,0.05,145840,1529769232.0,0.0001
1.9056334183176484e-05,0.0017235671978382845,11592697.0,GP_Clustered_10,0.05,145840,1529772832.0,0.0001
1.0364417379812228e-05,0.0017307942011171194,11881607.0,GP_Clustered_10,0.05,145840,1529776432.0,0.0001
1.8074114519925183e-05,0.0017353104704684419,12102590.0,GP_Clustered_10,0.05,145840,1529780032.0,0.0001
4.861373374709861e-05,0.0017416995933265758,12328634.0,GP_Clustered_10,0.05,145840,1529783632.0,0.0001
5.927354177497679e-05,0.00174988732096042,12648482.0,GP_Clustered_10,0.05,145840,1529787232.0,0.0001
6.64265189682166e-05,0.0017634556336767774,12918914.0,GP_Clustered_10,0.05,145840,1529790832.0,0.0001
5.75703012148421e-05,0.0017694240701486498,13074961.0,GP_Clustered_10,0.05,145840,1529794432.0,0.0001
0.00021926679052573062,0.0017713049176175776,13156854.0,GP_Clustered_10,0.05,145840,1529798032.0,0.0001
0.00021367090520696465,0.0017723735649949673,13203537.0,GP_Clustered_10,0.05,145840,1529801632.0,0.0001
0.00037260661896975386,0.0017750011231950982,13246376.0,GP_Clustered_10,0.05,145840,1529806371.0,0.0001
0.00020536321189353776,0.0017763380951187938,13285276.0,GP_Clustered_10,0.05,145840,1529810349.0,0.0001
0.000333324527135442,0.001778962046506359,13348126.0,GP_Clustered_10,0.05,145840,1529813949.0,0.0001
5.113439123088313e-05,0.0017862279311466793,13484842.0,GP_Clustered_10,0.05,145840,1529817549.0,0.0001
2.601537947177091e-05,0.0017962607239505643,13753356.0,GP_Clustered_10,0.05,145840,1529821149.0,0.0001
3.233107490913725e-05,0.0018086709761862038,14123487.0,GP_Clustered_10,0.05,145840,1529824749.0,0.0001
8.533142303362896e-05,0.0018197686903197673,14392071.0,GP_Clustered_10,0.05,145840,1529828406.0,0.0001
0.0019045283635876788,0.0019045283635876788,458775.0,GP_Clustered_10,0.1,291680,1529485200.0,0.0001
2.892074531006465e-05,0.0016934184144191521,907502.0,GP_Clustered_10,0.1,291680,1529488800.0,0.0001
9.138242530335089e-06,0.0016241122270578103,1454051.0,GP_Clustered_10,0.1,291680,1529492400.0,0.0001
2.6582774599756662e-05,0.001613899437444407,1867223.0,GP_Clustered_10,0.1,291680,1529496000.0,0.0001
1.9526369552626665e-05,0.0015920568925192307,2225254.0,GP_Clustered_10,0.1,291680,1529499600.0,0.0001
1.1440857028782388e-05,0.0015883967369366753,2574843.0,GP_Clustered_10,0.1,291680,1529503200.0,0.0001
4.815404697300895e-05,0.0016237486988851901,2947868.0,GP_Clustered_10,0.1,291680,1529506800.0,0.0001
5.444720847846129e-05,0.0016457936758481272,3259547.0,GP_Clustered_10,0.1,291680,1529510400.0,0.0001
2.27332255563812e-05,0.0016649721474898392,3567316.0,GP_Clustered_10,0.1,291680,1529514000.0,0.0001
3.08731780749781e-06,0.0016791613110675974,3891463.0,GP_Clustered_10,0.1,291680,1529517600.0,0.0001
3.805327783687138e-05,0.0016872161916831633,4284670.0,GP_Clustered_10,0.1,291680,1529521200.0,0.0001
6.273551767706055e-06,0.0016961678686721313,4762296.0,GP_Clustered_10,0.1,291680,1529524800.0,0.0001
4.658182778636709e-06,0.0017007001343986234,5190412.0,GP_Clustered_10,0.1,291680,1529528400.0,0.0001
2.181310450911166e-05,0.0017115952517790405,5465266.0,GP_Clustered_10,0.1,291680,1529532000.0,0.0001
0.00014154451147477615,0.001711652642353992,5599226.0,GP_Clustered_10,0.1,291680,1529535600.0,0.0001
4.700238942185846e-05,0.0017124609218617012,5663035.0,GP_Clustered_10,0.1,291680,1529539200.0,0.0001
0.0002345314966440957,0.0017136814508016884,5705597.0,GP_Clustered_10,0.1,291680,1529542800.0,0.0001
0.00020062051670686158,0.0017143131289767354,5745418.0,GP_Clustered_10,0.1,291680,1529546400.0,0.0001
1.3307051281507188e-05,0.0017169251618173818,5820387.0,GP_Clustered_10,0.1,291680,1529550000.0,0.0001
4.9726243872438024e-06,0.0017120491040461022,6022423.0,GP_Clustered_10,0.1,291680,1529553600.0,0.0001
7.291737559537035e-06,0.0016972620480897914,6434382.0,GP_Clustered_10,0.1,291680,1529557200.0,0.0001
2.062111993593983e-06,0.0016785938647452803,6923602.0,GP_Clustered_10,0.1,291680,1529560800.0,0.0001
2.380610778646935e-05,0.0016614160934727649,7426785.0,GP_Clustered_10,0.1,291680,1529564400.0,0.0001
2.9355016981280225e-05,0.0016418947684144146,7936659.0,GP_Clustered_10,0.1,291680,1529568000.0,0.0001
8.364485816801506e-10,0.001643730765799934,7980011.0,GP_Clustered_10,0.1,291680,1529571600.0,0.0001
0.00025667360146880994,0.0016438754089997281,8026679.0,GP_Clustered_10,0.1,291680,1529575200.0,0.0001
3.73054307841917e-08,0.0016445563642492234,8090734.0,GP_Clustered_10,0.1,291680,1529578800.0,0.0001
9.272418595832457e-05,0.0016442172623881966,8144625.0,GP_Clustered_10,0.1,291680,1529582400.0,0.0001
5.120363249086642e-05,0.0016430659171632798,8203207.0,GP_Clustered_10,0.1,291680,1529586000.0,0.0001
5.642088983488157e-05,0.00163997780628864,8274083.0,GP_Clustered_10,0.1,291680,1529589600.0,0.0001
0.0001931760066686124,0.0016414311362757438,8336081.0,GP_Clustered_10,0.1,291680,1529593200.0,0.0001
6.513409171570738e-05,0.0016415523252490843,8412704.0,GP_Clustered_10,0.1,291680,1529596800.0,0.0001
9.114074200725703e-05,0.001638220412389059,8489572.0,GP_Clustered_10,0.1,291680,1529600400.0,0.0001
6.103187710187722e-05,0.0016352383060222095,8555149.0,GP_Clustered_10,0.1,291680,1529604000.0,0.0001
0.00020253187670366218,0.001632117534386439,8619253.0,GP_Clustered_10,0.1,291680,1529607600.0,0.0001
5.15407136399233e-05,0.0016266030078922779,8697021.0,GP_Clustered_10,0.1,291680,1529611200.0,0.0001
0.00024943016157257853,0.0016268589217231849,8764997.0,GP_Clustered_10,0.1,291680,1529614800.0,0.0001
4.085523176430736e-08,0.0016291481565847634,8800457.0,GP_Clustered_10,0.1,291680,1529618400.0,0.0001
0.0006250268986776685,0.0016294795516262558,8816432.0,GP_Clustered_10,0.1,291680,1529622000.0,0.0001
0.0014103787265420278,0.001630303925277059,8824213.0,GP_Clustered_10,0.1,291680,1529625600.0,0.0001
0.0001479861589063706,0.001630751994380668,8830967.0,GP_Clustered_10,0.1,291680,1529631462.0,0.0001
0.001814331879932762,0.0016308891355338786,8837569.0,GP_Clustered_10,0.1,291680,1529636309.0,0.0001
0.0006379293471266206,0.001631116824276309,8851635.0,GP_Clustered_10,0.1,291680,1529639909.0,0.0001
0.0001577154757574123,0.0016303632159434447,8883291.0,GP_Clustered_10,0.1,291680,1529643509.0,0.0001
0.0003318982228663742,0.0016299534777535984,8928405.0,GP_Clustered_10,0.1,291680,1529647109.0,0.0001
0.0002683141752856521,0.0016314021346678382,8976763.0,GP_Clustered_10,0.1,291680,1529650709.0,0.0001
0.00030522042418758207,0.001631897852538172,9029092.0,GP_Clustered_10,0.1,291680,1529654309.0,0.0001
3.968974310784384e-06,0.0016417426947175336,9280724.0,GP_Clustered_10,0.1,291680,1529744309.0,0.0001
3.1606201292475034e-05,0.0016497213493164564,9564962.0,GP_Clustered_10,0.1,291680,1529747909.0,0.0001
3.376795986494798e-06,0.0016588895989496741,9861048.0,GP_Clustered_10,0.1,291680,1529751509.0,0.0001
5.9952799514538435e-05,0.0016704089194753335,10177204.0,GP_Clustered_10,0.1,291680,1529755109.0,0.0001
1.4035873065526081e-05,0.0016810113134701893,10461495.0,GP_Clustered_10,0.1,291680,1529758709.0,0.0001
2.5597450015375064e-05,0.0016959730044976203,10734559.0,GP_Clustered_10,0.1,291680,1529762309.0,0.0001
2.149459798058814e-05,0.0017078852047960086,11013168.0,GP_Clustered_10,0.1,291680,1529765909.0,0.0001
2.747758440869693e-05,0.0017173130495789577,11303691.0,GP_Clustered_10,0.1,291680,1529769509.0,0.0001
1.606184317863214e-05,0.0017233655666776487,11614944.0,GP_Clustered_10,0.1,291680,1529773109.0,0.0001
8.141814112110861e-05,0.0017322163293338865,11896640.0,GP_Clustered_10,0.1,291680,1529776709.0,0.0001
6.17554241296131e-05,0.0017351045348118314,12139152.0,GP_Clustered_10,0.1,291680,1529780309.0,0.0001
8.470802047432268e-05,0.0017417884536465758,12339486.0,GP_Clustered_10,0.1,291680,1529783909.0,0.0001
1.5016180877967967e-05,0.0017508008644961715,12671529.0,GP_Clustered_10,0.1,291680,1529787509.0,0.0001
4.914850217922782e-05,0.0017636741848222695,12935411.0,GP_Clustered_10,0.1,291680,1529791109.0,0.0001
4.7267407805423524e-05,0.0017696064679797827,13083180.0,GP_Clustered_10,0.1,291680,1529794709.0,0.0001
3.833211871167182e-05,0.0017710888081641854,13161260.0,GP_Clustered_10,0.1,291680,1529798309.0,0.0001
0.0003748487973619605,0.0017725019941720456,13206498.0,GP_Clustered_10,0.1,291680,1529801909.0,0.0001
0.0007684955872962768,0.0017744870540094184,13238944.0,GP_Clustered_10,0.1,291680,1529805509.0,0.0001
0.00015269025248401097,0.0017762844265494496,13271599.0,GP_Clustered_10,0.1,291680,1529809109.0,0.0001
6.0801102423696006e-05,0.0017780389690210986,13320791.0,GP_Clustered_10,0.1,291680,1529812709.0,0.0001
0.0001226433866767426,0.0017820866872983515,13426581.0,GP_Clustered_10,0.1,291680,1529816309.0,0.0001
1.849594884489533e-05,0.001792048467770384,13642539.0,GP_Clustered_10,0.1,291680,1529819909.0,0.0001
4.892600775438426e-05,0.0018045293598963337,13989390.0,GP_Clustered_10,0.1,291680,1529823509.0,0.0001
3.754716876680553e-05,0.0018183096137880021,14388172.0,GP_Clustered_10,0.1,291680,1529827109.0,0.0001
0.0019045283635876788,0.0019045283635876788,458775.0,GP_Clustered_10,0.02,58336,1529485200.0,1e-05
2.8920756144816473e-05,0.001693418419205133,907502.0,GP_Clustered_10,0.02,58336,1529488800.0,1e-05
9.138269231762162e-06,0.0016241123037182155,1454051.0,GP_Clustered_10,0.02,58336,1529492400.0,1e-05
2.658295106416815e-05,0.001613900076515924,1867223.0,GP_Clustered_10,0.02,58336,1529496000.0,1e-05
1.9526698513186297e-05,0.0015920588596469267,2225254.0,GP_Clustered_10,0.02,58336,1529499600.0,1e-05
1.144167005625944e-05,0.0015883988841303009,2574843.0,GP_Clustered_10,0.02,58336,1529503200.0,1e-05
4.8152764088729316e-05,0.0016237472803683475,2947868.0,GP_Clustered_10,0.02,58336,1529506800.0,1e-05
2.9791059126763683e-05,0.0016509438605014054,3316480.0,GP_Clustered_10,0.02,58336,1529511099.0,1e-05
1.2616264402791174e-09,0.0016675047133049333,3700183.0,GP_Clustered_10,0.02,58336,1529515509.0,1e-05
1.919525383280344e-06,0.0016850502210489788,4221463.0,GP_Clustered_10,0.02,58336,1529520713.0,1e-05
9.572539462524152e-06,0.0016959545982551851,4742889.0,GP_Clustered_10,0.02,58336,1529524669.0,1e-05
4.640156404037453e-09,0.0017058101978260991,5341057.0,GP_Clustered_10,0.02,58336,1529530151.0,1e-05
1.5500979798094628e-05,0.0017132745220072622,5984918.0,GP_Clustered_10,0.02,58336,1529553138.0,1e-05
1.0265362800372919e-05,0.0016890184023970588,6666199.0,GP_Clustered_10,0.02,58336,1529558914.0,1e-05
8.035855587864174e-09,0.0016699495322438545,7161511.0,GP_Clustered_10,0.02,58336,1529562514.0,1e-05
1.1006785089942991e-05,0.0016497158409325278,7706385.0,GP_Clustered_10,0.02,58336,1529566114.0,1e-05
4.3858024601937315e-05,0.0016429790476096748,7956788.0,GP_Clustered_10,0.02,58336,1529569714.0,1e-05
9.010228630894937e-05,0.0016442405358965849,8001070.0,GP_Clustered_10,0.02,58336,1529573314.0,1e-05
0.00025080470090536183,0.001643899898746237,8056781.0,GP_Clustered_10,0.02,58336,1529576914.0,1e-05
0.00022907452818998208,0.0016443352480512714,8117788.0,GP_Clustered_10,0.02,58336,1529580514.0,1e-05
1.8630498290145534e-05,0.0016429377218757791,8171494.0,GP_Clustered_10,0.02,58336,1529584114.0,1e-05
1.65804567207045e-05,0.0016427671899514255,8231901.0,GP_Clustered_10,0.02,58336,1529587714.0,1e-05
0.0001755366658823913,0.0016401734386431767,8305808.0,GP_Clustered_10,0.02,58336,1529591314.0,1e-05
0.00012644969627614982,0.0016410189663563274,8369052.0,GP_Clustered_10,0.02,58336,1529594914.0,1e-05
0.00012703325537373694,0.0016401657320145944,8447673.0,GP_Clustered_10,0.02,58336,1529598514.0,1e-05
6.622305789120238e-05,0.0016374946412181035,8523052.0,GP_Clustered_10,0.02,58336,1529602114.0,1e-05
3.355853337096736e-05,0.0016335731076926863,8582657.0,GP_Clustered_10,0.02,58336,1529605714.0,1e-05
5.740827344829556e-05,0.0016294476073411342,8652210.0,GP_Clustered_10,0.02,58336,1529609314.0,1e-05
0.00014489389585285308,0.0016262652147622854,8734854.0,GP_Clustered_10,0.02,58336,1529612914.0,1e-05
0.00021742557453228355,0.0016288466624461945,8785349.0,GP_Clustered_10,0.02,58336,1529616514.0,1e-05
0.0007370465617551069,0.0016294382167082028,8809727.0,GP_Clustered_10,0.02,58336,1529620114.0,1e-05
1.6139596354117348e-07,0.0016296618315046938,8820769.0,GP_Clustered_10,0.02,58336,1529623714.0,1e-05
0.002714118725349878,0.0016306552882293331,8828857.0,GP_Clustered_10,0.02,58336,1529629317.0,1e-05
0.0013106553865123427,0.001630745784845771,8835713.0,GP_Clustered_10,0.02,58336,1529635350.0,1e-05
0.0004539161861438809,0.0016302957435044088,8846729.0,GP_Clustered_10,0.02,58336,1529638950.0,1e-05
0.0001136026270513409,0.001630060342114053,8873120.0,GP_Clustered_10,0.02,58336,1529642550.0,1e-05
0.00018599338658814381,0.0016294860032845238,8916077.0,GP_Clustered_10,0.02,58336,1529646150.0,1e-05
0.00016761028045124982,0.0016308486611461388,8963713.0,GP_Clustered_10,0.02,58336,1529649750.0,1e-05
0.00013262820008579134,0.0016317181474864329,9016444.0,GP_Clustered_10,0.02,58336,1529653350.0,1e-05
4.487575053953795e-05,0.0016382783109861428,9216735.0,GP_Clustered_10,0.02,58336,1529743350.0,1e-05
4.817318151355824e-05,0.0016470057493048796,9486063.0,GP_Clustered_10,0.02,58336,1529746950.0,1e-05
5.4663102274512964e-05,0.0016583250719628376,9778221.0,GP_Clustered_10,0.02,58336,1529750550.0,1e-05
4.7011075904501666e-05,0.0016669222233241774,10096648.0,GP_Clustered_10,0.02,58336,1529754150.0,1e-05
2.7713605515915014e-05,0.0016784234875593669,10384840.0,GP_Clustered_10,0.02,58336,1529757750.0,1e-05
1.4381319763532003e-05,0.0016918044295166032,10662541.0,GP_Clustered_10,0.02,58336,1529761350.0,1e-05
5.421909577614967e-05,0.001704833189932431,10938725.0,GP_Clustered_10,0.02,58336,1529764950.0,1e-05
3.257145935360053e-05,0.0017172802222157077,11214516.0,GP_Clustered_10,0.02,58336,1529768550.0,1e-05
3.1009866537054745e-05,0.0017231667616066822,11536498.0,GP_Clustered_10,0.02,58336,1529772150.0,1e-05
6.493034429614326e-05,0.0017296498182345944,11828526.0,GP_Clustered_10,0.02,58336,1529775750.0,1e-05
1.946360473741033e-05,0.0017352164334432237,12033881.0,GP_Clustered_10,0.02,58336,1529779350.0,1e-05
5.300285817634487e-05,0.0017418398765842028,12297540.0,GP_Clustered_10,0.02,58336,1529782950.0,1e-05
8.581960456478635e-05,0.0017468206277504394,12588168.0,GP_Clustered_10,0.02,58336,1529786550.0,1e-05
2.0845269964290104e-05,0.0017607340324555017,12875785.0,GP_Clustered_10,0.02,58336,1529790150.0,1e-05
3.725566996624825e-05,0.0017701894843548973,13117069.0,GP_Clustered_10,0.02,58336,1529796011.0,1e-05
1.872828147258036e-05,0.0017806316405538241,13383693.0,GP_Clustered_10,0.02,58336,1529815177.0,1e-05
6.088725031466424e-06,0.0017948458983014259,13711917.0,GP_Clustered_10,0.02,58336,1529820709.0,1e-05
3.02976216880918e-05,0.0018067904935485022,14074176.0,GP_Clustered_10,0.02,58336,1529824309.0,1e-05
6.586662483182457e-05,0.0018197153671202734,14392069.0,GP_Clustered_10,0.02,58336,1529828038.0,1e-05
0.0019045283635876788,0.0019045283635876788,458775.0,GP_Clustered_10,0.05,145840,1529485200.0,1e-05
2.8920751669022263e-05,0.0016934183847354754,907502.0,GP_Clustered_10,0.05,145840,1529488800.0,1e-05
9.138360472180357e-06,0.001624114057716638,1454051.0,GP_Clustered_10,0.05,145840,1529492400.0,1e-05
2.6582964418438644e-05,0.0016139014761338217,1867223.0,GP_Clustered_10,0.05,145840,1529496000.0,1e-05
1.9526615678913565e-05,0.0015920596121293494,2225254.0,GP_Clustered_10,0.05,145840,1529499600.0,1e-05
1.1441357650395203e-05,0.0015883993423644388,2574843.0,GP_Clustered_10,0.05,145840,1529503200.0,1e-05
4.815323967513929e-05,0.0016237487561284944,2947868.0,GP_Clustered_10,0.05,145840,1529506800.0,1e-05
5.444685906576409e-05,0.001645792302341322,3259547.0,GP_Clustered_10,0.05,145840,1529510400.0,1e-05
2.2733434998109088e-05,0.001664970597888738,3567316.0,GP_Clustered_10,0.05,145840,1529514000.0,1e-05
3.087076656408191e-06,0.0016791607500996183,3891463.0,GP_Clustered_10,0.05,145840,1529517600.0,1e-05
3.805424385822154e-05,0.001687216237233488,4284670.0,GP_Clustered_10,0.05,145840,1529521200.0,1e-05
6.273453295580083e-06,0.0016961687350475422,4762296.0,GP_Clustered_10,0.05,145840,1529524800.0,1e-05
4.658783060986747e-06,0.0017007019253748865,5190412.0,GP_Clustered_10,0.05,145840,1529528400.0,1e-05
2.1810209198133852e-05,0.0017115994219016578,5465266.0,GP_Clustered_10,0.05,145840,1529532000.0,1e-05
0.00014155190027508946,0.0017116564684427674,5599226.0,GP_Clustered_10,0.05,145840,1529535600.0,1e-05
0.00014711000505435913,0.001714081415354639,5707772.0,GP_Clustered_10,0.05,145840,1529543014.0,1e-05
2.062977349798945e-05,0.0017161949804597053,5853132.0,GP_Clustered_10,0.05,145840,1529550866.0,1e-05
2.3912531237502617e-05,0.0017103742318754199,6103632.0,GP_Clustered_10,0.05,145840,1529554466.0,1e-05
3.100306208168821e-09,0.0016939998454921015,6550498.0,GP_Clustered_10,0.05,145840,1529558066.0,1e-05
1.4181303230070124e-05,0.0016732231179602407,7043061.0,GP_Clustered_10,0.05,145840,1529561666.0,1e-05
1.8686951855692187e-05,0.0016540485978405258,7577524.0,GP_Clustered_10,0.05,145840,1529565266.0,1e-05
3.7826238423461936e-05,0.0016428854893312808,7946915.0,GP_Clustered_10,0.05,145840,1529568866.0,1e-05
2.28317480439306e-05,0.0016443869549081455,7990646.0,GP_Clustered_10,0.05,145840,1529572466.0,1e-05
1.970564658861177e-05,0.0016435661762554223,8041415.0,GP_Clustered_10,0.05,145840,1529576066.0,1e-05
4.746215307672944e-05,0.0016439175181459321,8104675.0,GP_Clustered_10,0.05,145840,1529579666.0,1e-05
0.00013144233452341535,0.001643225352096447,8157914.0,GP_Clustered_10,0.05,145840,1529583266.0,1e-05
0.00021761853451096212,0.0016430852238786594,8217549.0,GP_Clustered_10,0.05,145840,1529586866.0,1e-05
2.7156365211531622e-05,0.0016399615221720932,8291060.0,GP_Clustered_10,0.05,145840,1529590466.0,1e-05
0.0002574065300738054,0.001641803770564487,8349239.0,GP_Clustered_10,0.05,145840,1529594066.0,1e-05
0.00013802065894149212,0.0016408673338668429,8428849.0,GP_Clustered_10,0.05,145840,1529597666.0,1e-05
0.00016556019566205213,0.0016378417385526658,8507230.0,GP_Clustered_10,0.05,145840,1529601266.0,1e-05
0.00011376640666005751,0.0016342416092301664,8568765.0,GP_Clustered_10,0.05,145840,1529604866.0,1e-05
3.0240375314504442e-05,0.0016302418149463623,8635141.0,GP_Clustered_10,0.05,145840,1529608466.0,1e-05
0.0001805873292189018,0.001626424939641642,8718051.0,GP_Clustered_10,0.05,145840,1529612066.0,1e-05
0.00025902393491130895,0.00162822747063586,8775832.0,GP_Clustered_10,0.05,145840,1529615666.0,1e-05
0.00033596218395309915,0.0016293076879955078,8805544.0,GP_Clustered_10,0.05,145840,1529619266.0,1e-05
0.001131000263792562,0.001629578118228871,8818784.0,GP_Clustered_10,0.05,145840,1529622867.0,1e-05
0.0021240640810890337,0.0016304512713670228,8826300.0,GP_Clustered_10,0.05,145840,1529626962.0,1e-05
0.0006039794507867241,0.001630699362271658,8832914.0,GP_Clustered_10,0.05,145840,1529633255.0,1e-05
0.002071571115298269,0.0016310117420089503,8839177.0,GP_Clustered_10,0.05,145840,1529636892.0,1e-05
0.0007972497426507542,0.0016308337240235947,8855448.0,GP_Clustered_10,0.05,145840,1529640492.0,1e-05
2.8616249856374894e-05,0.0016302794479452047,8890308.0,GP_Clustered_10,0.05,145840,1529644092.0,1e-05
6.605890481033657e-05,0.0016291306544299418,8935808.0,GP_Clustered_10,0.05,145840,1529647692.0,1e-05
0.00015913305767205867,0.0016310240065224928,8986017.0,GP_Clustered_10,0.05,145840,1529651292.0,1e-05
0.0001827256959037098,0.0016313689625779204,9067955.0,GP_Clustered_10,0.05,145840,1529741292.0,1e-05
5.975717349459268e-05,0.0016421235876511889,9318531.0,GP_Clustered_10,0.05,145840,1529744892.0,1e-05
1.3640965445421858e-05,0.001652591842237537,9610997.0,GP_Clustered_10,0.05,145840,1529748492.0,1e-05
1.9819472280385465e-05,0.0016604150913344963,9913165.0,GP_Clustered_10,0.05,145840,1529752092.0,1e-05
6.462485652146305e-06,0.0016728932166017898,10222820.0,GP_Clustered_10,0.05,145840,1529755692.0,1e-05
4.542418513179269e-05,0.0016845728033099269,10508582.0,GP_Clustered_10,0.05,145840,1529759292.0,1e-05
6.112510185986446e-09,0.00169825579064763,10780590.0,GP_Clustered_10,0.05,145840,1529762892.0,1e-05
2.5565610445419687e-05,0.0017079975686839903,11053906.0,GP_Clustered_10,0.05,145840,1529766492.0,1e-05
5.604751703102828e-05,0.0017195146338571214,11356527.0,GP_Clustered_10,0.05,145840,1529770092.0,1e-05
6.541437006864269e-06,0.0017243401968660842,11662208.0,GP_Clustered_10,0.05,145840,1529773692.0,1e-05
1.151804858448932e-05,0.001733250252440951,11922383.0,GP_Clustered_10,0.05,145840,1529777292.0,1e-05
4.185905278453e-05,0.001738790357749612,12184592.0,GP_Clustered_10,0.05,145840,1529780892.0,1e-05
2.501580049146167e-05,0.0017417010553739808,12384284.0,GP_Clustered_10,0.05,145840,1529784492.0,1e-05
1.4730591805860691e-05,0.0017520952170170534,12723184.0,GP_Clustered_10,0.05,145840,1529788092.0,1e-05
6.561037160918664e-05,0.001765001907534657,12966500.0,GP_Clustered_10,0.05,145840,1529791692.0,1e-05
0.00015035651414435058,0.0017699694332550728,13099240.0,GP_Clustered_10,0.05,145840,1529795292.0,1e-05
0.00038073869329593427,0.0017717519070163561,13169987.0,GP_Clustered_10,0.05,145840,1529798892.0,1e-05
0.00040977741774516024,0.0017732530420361814,13216238.0,GP_Clustered_10,0.05,145840,1529802944.0,1e-05
0.0003067731355535971,0.0017759963682974786,13268294.0,GP_Clustered_10,0.05,145840,1529808794.0,1e-05
0.0002850252659983206,0.00177799995856721,13317319.0,GP_Clustered_10,0.05,145840,1529812522.0,1e-05
0.00027520646844266954,0.0017820279388348504,13418802.0,GP_Clustered_10,0.05,145840,1529816122.0,1e-05
7.177481412159923e-05,0.0017915821974398573,13627371.0,GP_Clustered_10,0.05,145840,1529819722.0,1e-05
7.283249748801322e-05,0.001804446429389554,13969832.0,GP_Clustered_10,0.05,145840,1529823322.0,1e-05
3.010531071910219e-05,0.0018181445323446972,14367838.0,GP_Clustered_10,0.05,145840,1529826922.0,1e-05
0.0019045283635876788,0.0019045283635876788,458775.0,GP_Clustered_10,0.1,291680,1529485200.0,1e-05
2.8920755121722452e-05,0.0016934184076416092,907502.0,GP_Clustered_10,0.1,291680,1529488800.0,1e-05
9.138246794099877e-06,0.0016241121910826075,1454051.0,GP_Clustered_10,0.1,291680,1529492400.0,1e-05
2.658301804566195e-05,0.0016139003688461935,1867223.0,GP_Clustered_10,0.1,291680,1529496000.0,1e-05
1.9526638481031408e-05,0.0015920588814845107,2225254.0,GP_Clustered_10,0.1,291680,1529499600.0,1e-05
1.1441012426078046e-05,0.0015883985878073958,2574843.0,GP_Clustered_10,0.1,291680,1529503200.0,1e-05
4.815363162375543e-05,0.0016237490192171778,2947868.0,GP_Clustered_10,0.1,291680,1529506800.0,1e-05
5.444718054169326e-05,0.0016457939719253085,3259547.0,GP_Clustered_10,0.1,291680,1529510400.0,1e-05
2.2732674532497487e-05,0.0016649733790817516,3567316.0,GP_Clustered_10,0.1,291680,1529514000.0,1e-05
3.087013242943789e-06,0.0016791638049832884,3891463.0,GP_Clustered_10,0.1,291680,1529517600.0,1e-05
3.80538550133072e-05,0.001687218880366985,4284670.0,GP_Clustered_10,0.1,291680,1529521200.0,1e-05
6.273483206817999e-06,0.0016961710435129,4762296.0,GP_Clustered_10,0.1,291680,1529524800.0,1e-05
4.658701125180498e-06,0.0017007039095128134,5190412.0,GP_Clustered_10,0.1,291680,1529528400.0,1e-05
2.181051292898558e-05,0.001711600987785419,5465266.0,GP_Clustered_10,0.1,291680,1529532000.0,1e-05
0.00014154979793427018,0.001711657969719255,5599226.0,GP_Clustered_10,0.1,291680,1529535600.0,1e-05
4.6993783406130896e-05,0.0017124662625618388,5663035.0,GP_Clustered_10,0.1,291680,1529539200.0,1e-05
0.00023453178068322974,0.0017136869510202477,5705597.0,GP_Clustered_10,0.1,291680,1529542800.0,1e-05
0.0002006098212896813,0.001714318648768712,5745418.0,GP_Clustered_10,0.1,291680,1529546400.0,1e-05
1.3308136629160909e-05,0.0017169311114590892,5820387.0,GP_Clustered_10,0.1,291680,1529550000.0,1e-05
4.968126362957473e-06,0.0017120529702920285,6022423.0,GP_Clustered_10,0.1,291680,1529553600.0,1e-05
7.288988256985271e-06,0.0016972611584126687,6434382.0,GP_Clustered_10,0.1,291680,1529557200.0,1e-05
2.059003623010053e-06,0.001678586040493719,6923602.0,GP_Clustered_10,0.1,291680,1529560800.0,1e-05
2.380607887089701e-05,0.0016614022205447122,7426785.0,GP_Clustered_10,0.1,291680,1529564400.0,1e-05
2.9357295101656724e-05,0.0016418726250364665,7936659.0,GP_Clustered_10,0.1,291680,1529568000.0,1e-05
6.813792582436207e-10,0.0016437092269402734,7980011.0,GP_Clustered_10,0.1,291680,1529571600.0,1e-05
0.0002566766826274381,0.0016438538732538761,8026679.0,GP_Clustered_10,0.1,291680,1529575200.0,1e-05
3.081839104479154e-08,0.001644535041357172,8090734.0,GP_Clustered_10,0.1,291680,1529578800.0,1e-05
9.27059169355564e-05,0.001644195817990227,8144625.0,GP_Clustered_10,0.1,291680,1529582400.0,1e-05
5.1190420792324145e-05,0.0016430440778848706,8203207.0,GP_Clustered_10,0.1,291680,1529586000.0,1e-05
5.6407557304006746e-05,0.001639954966571583,8274083.0,GP_Clustered_10,0.1,291680,1529589600.0,1e-05
0.00019318224545312405,0.0016414086923368417,8336081.0,GP_Clustered_10,0.1,291680,1529593200.0,1e-05
6.51348563425993e-05,0.0016415299244900957,8412704.0,GP_Clustered_10,0.1,291680,1529596800.0,1e-05
9.111239953695188e-05,0.0016381972454103718,8489572.0,GP_Clustered_10,0.1,291680,1529600400.0,1e-05
6.1014331902702664e-05,0.0016352144516407602,8555149.0,GP_Clustered_10,0.1,291680,1529604000.0,1e-05
0.00020252254947835643,0.001632093042694326,8619253.0,GP_Clustered_10,0.1,291680,1529607600.0,1e-05
5.151838891895666e-05,0.0016265773806392009,8697021.0,GP_Clustered_10,0.1,291680,1529611200.0,1e-05
0.0002494546365315892,0.0016268333861115501,8764997.0,GP_Clustered_10,0.1,291680,1529614800.0,1e-05
3.69667472456951e-08,0.001629123034228824,8800457.0,GP_Clustered_10,0.1,291680,1529618400.0,1e-05
0.0006250157892562291,0.0016294544967366041,8816432.0,GP_Clustered_10,0.1,291680,1529622000.0,1e-05
0.0014104507176296173,0.0016302790018332383,8824213.0,GP_Clustered_10,0.1,291680,1529625600.0,1e-05
0.0023277603980669708,0.0016306853558069527,8829357.0,GP_Clustered_10,0.1,291680,1529629771.0,1e-05
0.0009464810026029401,0.00163050234000955,8834636.0,GP_Clustered_10,0.1,291680,1529634669.0,1e-05
0.00022006221210715834,0.001630516628756273,8843743.0,GP_Clustered_10,0.1,291680,1529638269.0,1e-05
0.0003941236727387906,0.0016302641539203745,8866549.0,GP_Clustered_10,0.1,291680,1529641869.0,1e-05
0.0002685282570390039,0.0016293920532572904,8907454.0,GP_Clustered_10,0.1,291680,1529645469.0,1e-05
0.00014936428836534877,0.0016300197363147916,8954242.0,GP_Clustered_10,0.1,291680,1529649069.0,1e-05
0.00028451663503356427,0.0016320227791131298,9006853.0,GP_Clustered_10,0.1,291680,1529652669.0,1e-05
6.105716720580553e-06,0.0016362699593566311,9170137.0,GP_Clustered_10,0.1,291680,1529742669.0,1e-05
3.105273608073356e-05,0.001645469960940365,9427599.0,GP_Clustered_10,0.1,291680,1529746269.0,1e-05
2.7074222407797794e-05,0.00165523301700767,9722319.0,GP_Clustered_10,0.1,291680,1529749869.0,1e-05
2.5455307804040644e-05,0.0016643211330131871,10036240.0,GP_Clustered_10,0.1,291680,1529753469.0,1e-05
3.993585476421805e-09,0.0016761497741864572,10330393.0,GP_Clustered_10,0.1,291680,1529757069.0,1e-05
1.7726730009897603e-05,0.0016902893469232232,10611775.0,GP_Clustered_10,0.1,291680,1529760669.0,1e-05
5.067595440281497e-05,0.0017025637615688044,10887528.0,GP_Clustered_10,0.1,291680,1529764269.0,1e-05
7.051640328830019e-05,0.0017144096841776825,11156296.0,GP_Clustered_10,0.1,291680,1529767869.0,1e-05
4.053816575809046e-05,0.001722343726284446,11476336.0,GP_Clustered_10,0.1,291680,1529771469.0,1e-05
1.0102661216294087e-05,0.0017274842034105066,11773246.0,GP_Clustered_10,0.1,291680,1529775069.0,1e-05
1.3717177343856904e-05,0.0017342380192697088,11991523.0,GP_Clustered_10,0.1,291680,1529778669.0,1e-05
9.69922023118447e-05,0.0017418344771133764,12258924.0,GP_Clustered_10,0.1,291680,1529782269.0,1e-05
1.1400400357488407e-05,0.0017437212294617254,12521573.0,GP_Clustered_10,0.1,291680,1529785869.0,1e-05
5.5051942623062103e-05,0.001758906996404283,12829839.0,GP_Clustered_10,0.1,291680,1529789469.0,1e-05
7.065769456215262e-05,0.001768277929004643,13027613.0,GP_Clustered_10,0.1,291680,1529793069.0,1e-05
4.793013989309614e-05,0.0017709088835651788,13131669.0,GP_Clustered_10,0.1,291680,1529796669.0,1e-05
0.00019424152982729052,0.0017720158978612552,13188233.0,GP_Clustered_10,0.1,291680,1529800269.0,1e-05
0.0002739774993136457,0.0017738500103575657,13224656.0,GP_Clustered_10,0.1,291680,1529803869.0,1e-05
0.00017894632180259255,0.0017759247748718216,13263700.0,GP_Clustered_10,0.1,291680,1529808334.0,1e-05
0.00041176870724223024,0.001777677383843097,13307314.0,GP_Clustered_10,0.1,291680,1529811934.0,1e-05
0.00015726616287274836,0.001780712993228589,13396141.0,GP_Clustered_10,0.1,291680,1529815534.0,1e-05
4.8165270242660644e-05,0.0017912450770456105,13582492.0,GP_Clustered_10,0.1,291680,1529819134.0,1e-05
8.863456874466506e-05,0.0018028084465151904,13908819.0,GP_Clustered_10,0.1,291680,1529822734.0,1e-05
1.2687058718365554e-05,0.0018161746840884292,14302016.0,GP_Clustered_10,0.1,291680,1529826334.0,1e-05
0.0002766701363296682,0.0018199230098706121,14392073.0,GP_Clustered_10,0.1,291680,1529830312.0,1e-05
