Clicks,Impressions,TotalImpressions,Method,Timestamp,BatchCTR,ModelCTR,MSE,MMSE,FullMSE,FullROC,FullTPR,FullFPR,FullFNR,FullPPR,ModelCalibration,ModelNE,ModelRIG,Hours,TrainPart,RecommendationPart,Alpha,EqClicks
0,359,80000,Random,1534230522000,0.0,0.0,0.353,nan,0.0,nan,nan,0.0,nan,nan,nan,nan,nan,12,0.2,0.2,0.0,0.2
4,2257,90000,Random,1534233133000,0.00177,0.00177,0.334,3.01e+04,0.000517,inf,0.4,0.0,0.6,1.0,0.4,1.43e+02,-1.42e+02,12,0.2,0.2,0.0,0.2
6,4370,100000,Random,1534235080000,0.00137,0.00137,0.343,3.08e+04,0.00102,inf,0.214,0.0,0.786,1.0,0.214,1.02e+02,-1.01e+02,12,0.2,0.2,0.0,0.2
14,6359,110000,Random,1534237020000,0.0022,0.0022,0.338,3.04e+04,0.000949,inf,0.318,0.0,0.682,1.0,0.318,95.3,-94.3,12,0.2,0.2,0.0,0.2
14,8383,120000,Random,1534237809000,0.00167,0.00167,0.338,3.04e+04,0.000865,inf,0.28,0.0,0.72,1.0,0.28,1.08e+02,-1.07e+02,12,0.2,0.2,0.0,0.2
14,10362,130000,Random,1534238283000,0.00135,0.00135,0.339,3.05e+04,0.000736,inf,0.269,0.0,0.731,1.0,0.269,1.27e+02,-1.26e+02,12,0.2,0.2,0.0,0.2
14,12348,140000,Random,1534238758000,0.00113,0.00113,0.338,3.04e+04,0.000682,inf,0.25,0.0,0.75,1.0,0.25,1.38e+02,-1.37e+02,12,0.2,0.2,0.0,0.2
14,14419,150000,Random,1534239231000,0.000971,0.000971,0.338,3.04e+04,0.00067,inf,0.226,0.0,0.774,1.0,0.226,1.45e+02,-1.44e+02,12,0.2,0.2,0.0,0.2
14,16481,160000,Random,1534239678000,0.000849,0.000849,0.338,3.04e+04,0.000649,inf,0.209,0.0,0.791,1.0,0.209,1.52e+02,-1.51e+02,12,0.2,0.2,0.0,0.2
16,18459,170000,Random,1534240145000,0.000867,0.000867,0.338,3.04e+04,0.000622,inf,0.219,0.0,0.781,1.0,0.219,1.56e+02,-1.55e+02,12,0.2,0.2,0.0,0.2
18,20528,180000,Random,1534240603000,0.000877,0.000877,0.34,3.06e+04,0.0006,inf,0.228,0.0,0.772,1.0,0.228,1.6e+02,-1.59e+02,12,0.2,0.2,0.0,0.2
18,22426,190000,Random,1534241040000,0.000803,0.000803,0.339,3.05e+04,0.0006,inf,0.212,0.0,0.788,1.0,0.212,1.62e+02,-1.61e+02,12,0.2,0.2,0.0,0.2
18,24542,200000,Random,1534241392000,0.000733,0.000733,0.339,3.05e+04,0.000567,inf,0.207,0.0,0.793,1.0,0.207,1.72e+02,-1.71e+02,12,0.2,0.2,0.0,0.2
19,26539,210000,Random,1534241771000,0.000716,0.000716,0.339,3.05e+04,0.00057,inf,0.202,0.0,0.798,1.0,0.202,1.72e+02,-1.71e+02,12,0.2,0.2,0.0,0.2
23,28533,220000,Random,1534242178000,0.000806,0.000806,0.338,3.04e+04,0.000558,inf,0.225,0.0,0.775,1.0,0.225,1.7e+02,-1.69e+02,12,0.2,0.2,0.0,0.2
25,30394,230000,Random,1534242555000,0.000823,0.000823,0.337,3.04e+04,0.0006,inf,0.216,0.0,0.784,1.0,0.216,1.61e+02,-1.6e+02,12,0.2,0.2,0.0,0.2
30,32326,240000,Random,1534242961000,0.000928,0.000928,0.337,3.03e+04,0.000575,inf,0.244,0.0,0.756,1.0,0.244,1.62e+02,-1.61e+02,12,0.2,0.2,0.0,0.2
32,34491,250000,Random,1534243389000,0.000928,0.000928,0.337,3.03e+04,0.000565,inf,0.248,0.0,0.752,1.0,0.248,1.63e+02,-1.62e+02,12,0.2,0.2,0.0,0.2
32,36526,260000,Random,1534243839000,0.000876,0.000876,0.337,3.03e+04,0.000545,inf,0.244,0.0,0.756,1.0,0.244,1.7e+02,-1.69e+02,12,0.2,0.2,0.0,0.2
32,38413,270000,Random,1534244369000,0.000833,0.000833,0.336,3.02e+04,0.000517,inf,0.244,0.0,0.756,1.0,0.244,1.77e+02,-1.76e+02,12,0.2,0.2,0.0,0.2
36,40479,280000,Random,1534244952000,0.000889,0.000889,0.336,3.03e+04,0.000491,inf,0.267,0.0,0.733,1.0,0.267,1.81e+02,-1.8e+02,12,0.2,0.2,0.0,0.2
36,42759,290000,Random,1534245515000,0.000842,0.000842,0.336,3.03e+04,0.000496,inf,0.255,0.0,0.745,1.0,0.255,1.81e+02,-1.8e+02,12,0.2,0.2,0.0,0.2
40,44802,300000,Random,1534246104000,0.000893,0.000893,0.336,3.02e+04,0.000501,inf,0.265,0.0,0.735,1.0,0.265,1.78e+02,-1.77e+02,12,0.2,0.2,0.0,0.2
46,46812,310000,Random,1534247537000,0.000983,0.000983,0.336,3.02e+04,0.000505,inf,0.282,0.0,0.718,1.0,0.282,1.73e+02,-1.72e+02,12,0.2,0.2,0.0,0.2
50,48606,320000,Random,1534249254000,0.00103,0.00103,0.335,3.02e+04,0.000509,inf,0.289,0.0,0.711,1.0,0.289,1.7e+02,-1.69e+02,12,0.2,0.2,0.0,0.2
52,50564,330000,Random,1534251078000,0.00103,0.00103,0.335,3.01e+04,0.00056,inf,0.269,0.0,0.731,1.0,0.269,1.6e+02,-1.59e+02,12,0.2,0.2,0.0,0.2
52,52484,340000,Random,1534253062000,0.000991,0.000991,0.334,3.01e+04,0.000623,inf,0.242,0.0,0.758,1.0,0.242,1.5e+02,-1.49e+02,12,0.2,0.2,0.0,0.2
61,54336,350000,Random,1534255389000,0.00112,0.00112,0.334,3.01e+04,0.000633,inf,0.262,0.0,0.738,1.0,0.262,1.44e+02,-1.43e+02,12,0.2,0.2,0.0,0.2
61,56334,360000,Random,1534257581000,0.00108,0.00108,0.334,3e+04,0.000632,inf,0.255,0.0,0.745,1.0,0.255,1.46e+02,-1.45e+02,12,0.2,0.2,0.0,0.2
63,58342,370000,Random,1534259856000,0.00108,0.00108,0.333,3e+04,0.000655,inf,0.248,0.0,0.752,1.0,0.248,1.42e+02,-1.41e+02,12,0.2,0.2,0.0,0.2
67,60230,380000,Random,1534261751000,0.00111,0.00111,0.333,3e+04,0.000653,inf,0.254,0.0,0.746,1.0,0.254,1.41e+02,-1.4e+02,12,0.2,0.2,0.0,0.2
69,62229,390000,Random,1534263446000,0.00111,0.00111,0.333,3e+04,0.000645,inf,0.256,0.0,0.744,1.0,0.256,1.43e+02,-1.42e+02,12,0.2,0.2,0.0,0.2
71,64258,400000,Random,1534265239000,0.0011,0.0011,0.333,3e+04,0.000656,inf,0.252,0.0,0.748,1.0,0.252,1.41e+02,-1.4e+02,12,0.2,0.2,0.0,0.2
71,66149,410000,Random,1534266923000,0.00107,0.00107,0.333,3e+04,0.00066,inf,0.245,0.0,0.755,1.0,0.245,1.42e+02,-1.41e+02,12,0.2,0.2,0.0,0.2
71,67890,420000,Random,1534268308000,0.00105,0.00105,0.333,2.99e+04,0.000664,inf,0.238,0.0,0.762,1.0,0.238,1.42e+02,-1.41e+02,12,0.2,0.2,0.0,0.2
71,69586,430000,Random,1534269833000,0.00102,0.00102,0.332,2.99e+04,0.000651,inf,0.237,0.0,0.763,1.0,0.237,1.44e+02,-1.43e+02,12,0.2,0.2,0.0,0.2
71,71369,440000,Random,1534271417000,0.000995,0.000995,0.332,2.99e+04,0.000655,inf,0.231,0.0,0.769,1.0,0.231,1.44e+02,-1.43e+02,12,0.2,0.2,0.0,0.2
75,73546,450000,Random,1534273126000,0.00102,0.00102,0.332,2.99e+04,0.000638,inf,0.24,0.0,0.76,1.0,0.24,1.46e+02,-1.45e+02,12,0.2,0.2,0.0,0.2
75,75549,460000,Random,1534274187000,0.0,0.000993,0.332,2.99e+04,0.000626,inf,0.239,0.0,0.761,1.0,0.239,1.49e+02,-1.48e+02,12,0.2,0.2,0.0,0.2
75,77528,470000,Random,1534275150000,0.0,0.000967,0.332,2.99e+04,0.000636,inf,0.231,0.0,0.769,1.0,0.231,1.48e+02,-1.47e+02,12,0.2,0.2,0.0,0.2
79,79611,480000,Random,1534276125000,0.000666,0.000992,0.332,2.99e+04,0.00064,inf,0.235,0.0,0.765,1.0,0.235,1.47e+02,-1.46e+02,12,0.2,0.2,0.0,0.2
85,81555,490000,Random,1534277264000,0.00126,0.00104,0.332,2.99e+04,0.000629,inf,0.247,0.0,0.753,1.0,0.247,1.47e+02,-1.46e+02,12,0.2,0.2,0.0,0.2
87,83531,500000,Random,1534278741000,0.00121,0.00104,0.332,2.99e+04,0.000614,inf,0.251,0.0,0.749,1.0,0.251,1.49e+02,-1.48e+02,12,0.2,0.2,0.0,0.2
88,85703,510000,Random,1534280123000,0.00107,0.00103,0.332,2.99e+04,0.000609,inf,0.251,0.0,0.749,1.0,0.251,1.51e+02,-1.5e+02,12,0.2,0.2,0.0,0.2
88,87698,520000,Random,1534281467000,0.000923,0.001,0.332,2.99e+04,0.0006,inf,0.249,0.0,0.751,1.0,0.249,1.53e+02,-1.52e+02,12,0.2,0.2,0.0,0.2
92,89755,530000,Random,1534284186000,0.00105,0.00103,0.332,2.99e+04,0.000591,inf,0.256,0.0,0.744,1.0,0.256,1.54e+02,-1.53e+02,12,0.2,0.2,0.0,0.2
94,91699,540000,Random,1534291736000,0.00105,0.00103,0.332,2.99e+04,0.000583,inf,0.259,0.0,0.741,1.0,0.259,1.55e+02,-1.54e+02,12,0.2,0.2,0.0,0.2
94,93525,550000,Random,1534303549000,0.000954,0.00101,0.332,2.98e+04,0.000579,inf,0.256,0.0,0.744,1.0,0.256,1.56e+02,-1.55e+02,12,0.2,0.2,0.0,0.2
98,95273,560000,Random,1534307206000,0.00106,0.00103,0.331,2.98e+04,0.000583,inf,0.259,0.0,0.741,1.0,0.259,1.55e+02,-1.54e+02,12,0.2,0.2,0.0,0.2
102,97404,570000,Random,1534309534000,0.00113,0.00105,0.332,2.98e+04,0.000576,inf,0.265,0.0,0.735,1.0,0.265,1.55e+02,-1.54e+02,12,0.2,0.2,0.0,0.2
109,99610,580000,Random,1534311545000,0.00131,0.00109,0.332,2.99e+04,0.00058,inf,0.273,0.0,0.728,1.0,0.273,1.53e+02,-1.52e+02,12,0.2,0.2,0.0,0.2
117,101558,590000,Random,1534313392000,0.0015,0.00115,0.332,2.99e+04,0.00059,inf,0.279,0.0,0.721,1.0,0.279,1.5e+02,-1.49e+02,12,0.2,0.2,0.0,0.2
117,103385,600000,Random,1534315246000,0.00141,0.00113,0.332,2.99e+04,0.000602,inf,0.271,0.0,0.729,1.0,0.271,1.48e+02,-1.47e+02,12,0.2,0.2,0.0,0.2
117,105289,610000,Random,1534317171000,0.0,0.00111,0.331,2.98e+04,0.000602,inf,0.268,0.0,0.732,1.0,0.268,1.49e+02,-1.48e+02,12,0.2,0.2,0.0,0.2
119,107212,620000,Random,1534320381000,0.000745,0.00111,0.331,2.98e+04,0.000613,inf,0.264,0.0,0.736,1.0,0.264,1.47e+02,-1.46e+02,12,0.2,0.2,0.0,0.2
119,109148,630000,Random,1534323181000,0.000433,0.00109,0.331,2.98e+04,0.000609,inf,0.262,0.0,0.738,1.0,0.262,1.48e+02,-1.47e+02,12,0.2,0.2,0.0,0.2
123,111220,640000,Random,1534325598000,0.000897,0.00111,0.331,2.98e+04,0.000623,inf,0.26,0.0,0.74,1.0,0.26,1.46e+02,-1.45e+02,12,0.2,0.2,0.0,0.2
125,113167,650000,Random,1534327658000,0.000926,0.0011,0.331,2.98e+04,0.000626,inf,0.259,0.0,0.741,1.0,0.259,1.45e+02,-1.44e+02,12,0.2,0.2,0.0,0.2
127,115069,660000,Random,1534329653000,0.000949,0.0011,0.331,2.98e+04,0.000636,inf,0.256,0.0,0.744,1.0,0.256,1.44e+02,-1.43e+02,12,0.2,0.2,0.0,0.2
129,117017,670000,Random,1534330131000,0.000961,0.0011,0.331,2.98e+04,0.000629,inf,0.257,0.0,0.743,1.0,0.257,1.45e+02,-1.44e+02,12,0.2,0.2,0.0,0.2
129,118708,680000,Random,1534331503000,0.000846,0.00109,0.331,2.98e+04,0.000635,inf,0.252,0.0,0.748,1.0,0.252,1.44e+02,-1.43e+02,12,0.2,0.2,0.0,0.2
131,120607,690000,Random,1534333629000,0.000871,0.00109,0.331,2.98e+04,0.000636,inf,0.252,0.0,0.748,1.0,0.252,1.44e+02,-1.43e+02,12,0.2,0.2,0.0,0.2
135,122587,700000,Random,1534335522000,0.000997,0.0011,0.331,2.98e+04,0.000635,inf,0.255,0.0,0.745,1.0,0.255,1.44e+02,-1.43e+02,12,0.2,0.2,0.0,0.2
135,124517,710000,Random,1534336843000,0.000901,0.00108,0.331,2.98e+04,0.000651,inf,0.247,0.0,0.753,1.0,0.247,1.42e+02,-1.41e+02,12,0.2,0.2,0.0,0.2
137,126505,720000,Random,1534338615000,0.00091,0.00108,0.331,2.98e+04,0.000653,inf,0.246,0.0,0.754,1.0,0.246,1.42e+02,-1.41e+02,12,0.2,0.2,0.0,0.2
137,128453,730000,Random,1534340321000,0.000836,0.00107,0.331,2.98e+04,0.000655,inf,0.243,0.0,0.757,1.0,0.243,1.42e+02,-1.41e+02,12,0.2,0.2,0.0,0.2
139,130416,740000,Random,1534342086000,0.00085,0.00107,0.331,2.98e+04,0.000651,inf,0.244,0.0,0.756,1.0,0.244,1.43e+02,-1.42e+02,12,0.2,0.2,0.0,0.2
139,132385,750000,Random,1534344716000,0.00079,0.00105,0.331,2.98e+04,0.000654,inf,0.24,0.0,0.76,1.0,0.24,1.43e+02,-1.42e+02,12,0.2,0.2,0.0,0.2
139,134390,760000,Random,1534347536000,0.000737,0.00103,0.331,2.98e+04,0.000673,inf,0.232,0.0,0.768,1.0,0.232,1.41e+02,-1.4e+02,12,0.2,0.2,0.0,0.2
139,136375,770000,Random,1534351686000,0.000691,0.00102,0.332,2.98e+04,0.000681,inf,0.228,0.0,0.772,1.0,0.228,1.4e+02,-1.39e+02,12,0.2,0.2,0.0,0.2
141,138460,780000,Random,1534354982000,0.000707,0.00102,0.332,2.99e+04,0.00068,inf,0.228,0.0,0.772,1.0,0.228,1.4e+02,-1.39e+02,12,0.2,0.2,0.0,0.2
141,140486,790000,Random,1534357894000,0.000667,0.001,0.332,2.99e+04,0.00068,inf,0.226,0.0,0.774,1.0,0.226,1.4e+02,-1.39e+02,12,0.2,0.2,0.0,0.2
143,142492,800000,Random,1534360456000,0.00227,0.001,0.332,2.99e+04,0.000679,inf,0.226,0.0,0.774,1.0,0.226,1.41e+02,-1.4e+02,12,0.2,0.2,0.0,0.2
143,144509,810000,Random,1534363202000,0.00069,0.00099,0.332,2.99e+04,0.0007,inf,0.218,0.0,0.782,1.0,0.218,1.38e+02,-1.37e+02,12,0.2,0.2,0.0,0.2
143,146566,820000,Random,1534365824000,0.000403,0.000976,0.332,2.99e+04,0.000707,inf,0.214,0.0,0.786,1.0,0.214,1.38e+02,-1.37e+02,12,0.2,0.2,0.0,0.2
143,148468,830000,Random,1534368977000,0.000292,0.000963,0.332,2.99e+04,0.000705,inf,0.212,0.0,0.788,1.0,0.212,1.38e+02,-1.37e+02,12,0.2,0.2,0.0,0.2
143,150259,840000,Random,1534373398000,0.000231,0.000952,0.332,2.99e+04,0.000706,inf,0.21,0.0,0.79,1.0,0.21,1.38e+02,-1.37e+02,12,0.2,0.2,0.0,0.2
145,151907,850000,Random,1534385203000,0.000388,0.000955,0.332,2.98e+04,0.000702,inf,0.211,0.0,0.789,1.0,0.211,1.39e+02,-1.38e+02,12,0.2,0.2,0.0,0.2
147,153746,860000,Random,1534389850000,0.000494,0.000956,0.332,2.98e+04,0.000704,inf,0.211,0.0,0.789,1.0,0.211,1.39e+02,-1.38e+02,12,0.2,0.2,0.0,0.2
151,155684,870000,Random,1534392624000,0.00071,0.00097,0.332,2.98e+04,0.000709,inf,0.212,0.0,0.788,1.0,0.212,1.38e+02,-1.37e+02,12,0.2,0.2,0.0,0.2
151,157813,880000,Random,1534394546000,0.000617,0.000957,0.332,2.98e+04,0.000712,inf,0.209,0.0,0.791,1.0,0.209,1.37e+02,-1.36e+02,12,0.2,0.2,0.0,0.2
151,159755,890000,Random,1534395725000,0.000551,0.000945,0.332,2.98e+04,0.000713,inf,0.207,0.0,0.793,1.0,0.207,1.38e+02,-1.37e+02,12,0.2,0.2,0.0,0.2
151,161809,900000,Random,1534396763000,0.000495,0.000933,0.332,2.98e+04,0.000712,inf,0.205,0.0,0.795,1.0,0.205,1.38e+02,-1.37e+02,12,0.2,0.2,0.0,0.2
153,163613,910000,Random,1534397763000,0.000545,0.000935,0.331,2.98e+04,0.000706,inf,0.207,0.0,0.793,1.0,0.207,1.39e+02,-1.38e+02,12,0.2,0.2,0.0,0.2
155,165491,920000,Random,1534398810000,0.000586,0.000937,0.331,2.98e+04,0.000702,inf,0.208,0.0,0.792,1.0,0.208,1.39e+02,-1.38e+02,12,0.2,0.2,0.0,0.2
161,167583,930000,Random,1534399810000,0.00077,0.000961,0.332,2.98e+04,0.000701,inf,0.212,0.0,0.788,1.0,0.212,1.39e+02,-1.38e+02,12,0.2,0.2,0.0,0.2
161,169401,940000,Random,1534400762000,0.00072,0.00095,0.331,2.98e+04,0.000698,inf,0.211,0.0,0.789,1.0,0.211,1.39e+02,-1.38e+02,12,0.2,0.2,0.0,0.2
165,171493,950000,Random,1534401665000,0.000803,0.000962,0.332,2.98e+04,0.000694,inf,0.214,0.0,0.786,1.0,0.214,1.4e+02,-1.39e+02,12,0.2,0.2,0.0,0.2
165,173585,960000,Random,1534402944000,0.0,0.000951,0.332,2.98e+04,0.000693,inf,0.213,0.0,0.787,1.0,0.213,1.4e+02,-1.39e+02,12,0.2,0.2,0.0,0.2
167,175572,970000,Random,1534404554000,0.000932,0.000951,0.332,2.99e+04,0.000688,inf,0.214,0.0,0.786,1.0,0.214,1.41e+02,-1.4e+02,12,0.2,0.2,0.0,0.2
171,177708,980000,Random,1534406678000,0.0014,0.000962,0.332,2.99e+04,0.000685,inf,0.217,0.0,0.783,1.0,0.217,1.41e+02,-1.4e+02,12,0.2,0.2,0.0,0.2
173,179703,990000,Random,1534408296000,0.00127,0.000963,0.332,2.99e+04,0.000687,inf,0.217,0.0,0.783,1.0,0.217,1.41e+02,-1.4e+02,12,0.2,0.2,0.0,0.2
175,181648,1000000,Random,1534409850000,0.00122,0.000963,0.332,2.99e+04,0.000681,inf,0.218,0.0,0.782,1.0,0.218,1.41e+02,-1.4e+02,12,0.2,0.2,0.0,0.2
175,183763,1010000,Random,1534411218000,0.000967,0.000952,0.332,2.99e+04,0.000676,inf,0.217,0.0,0.783,1.0,0.217,1.43e+02,-1.42e+02,12,0.2,0.2,0.0,0.2
177,185610,1020000,Random,1534412547000,0.000985,0.000954,0.332,2.98e+04,0.000675,inf,0.218,0.0,0.782,1.0,0.218,1.43e+02,-1.42e+02,12,0.2,0.2,0.0,0.2
177,187549,1030000,Random,1534413738000,0.00085,0.000944,0.332,2.98e+04,0.000671,inf,0.217,0.0,0.783,1.0,0.217,1.43e+02,-1.42e+02,12,0.2,0.2,0.0,0.2
177,189541,1040000,Random,1534414717000,0.000745,0.000934,0.332,2.98e+04,0.000671,inf,0.215,0.0,0.785,1.0,0.215,1.44e+02,-1.43e+02,12,0.2,0.2,0.0,0.2
179,191579,1050000,Random,1534415715000,0.000771,0.000934,0.332,2.98e+04,0.000672,inf,0.215,0.0,0.785,1.0,0.215,1.44e+02,-1.43e+02,12,0.2,0.2,0.0,0.2
179,193427,1060000,Random,1534416795000,0.0007,0.000925,0.332,2.98e+04,0.000669,inf,0.214,0.0,0.786,1.0,0.214,1.44e+02,-1.43e+02,12,0.2,0.2,0.0,0.2
179,195559,1070000,Random,1534417984000,0.000633,0.000915,0.332,2.98e+04,0.000674,inf,0.211,0.0,0.789,1.0,0.211,1.44e+02,-1.43e+02,12,0.2,0.2,0.0,0.2
181,197816,1080000,Random,1534419362000,0.000656,0.000915,0.332,2.99e+04,0.000671,inf,0.212,0.0,0.788,1.0,0.212,1.44e+02,-1.43e+02,12,0.2,0.2,0.0,0.2
183,199742,1090000,Random,1534420806000,0.000684,0.000916,0.332,2.99e+04,0.000672,inf,0.212,0.0,0.788,1.0,0.212,1.44e+02,-1.43e+02,12,0.2,0.2,0.0,0.2
183,201578,1100000,Random,1534422367000,0.000639,0.000908,0.332,2.99e+04,0.000673,inf,0.21,0.0,0.79,1.0,0.21,1.44e+02,-1.43e+02,12,0.2,0.2,0.0,0.2
189,203356,1110000,Random,1534424007000,0.000802,0.000929,0.332,2.99e+04,0.000677,inf,0.213,0.0,0.787,1.0,0.213,1.43e+02,-1.42e+02,12,0.2,0.2,0.0,0.2
191,205193,1120000,Random,1534425654000,0.000818,0.000931,0.332,2.99e+04,0.000678,inf,0.213,0.0,0.787,1.0,0.213,1.43e+02,-1.42e+02,12,0.2,0.2,0.0,0.2
193,207140,1130000,Random,1534427629000,0.000831,0.000932,0.332,2.99e+04,0.000681,inf,0.212,0.0,0.788,1.0,0.212,1.42e+02,-1.41e+02,12,0.2,0.2,0.0,0.2
199,209275,1140000,Random,1534430030000,0.000948,0.000951,0.332,2.99e+04,0.000686,inf,0.215,0.0,0.785,1.0,0.215,1.41e+02,-1.4e+02,12,0.2,0.2,0.0,0.2
199,211514,1150000,Random,1534432685000,0.000893,0.000941,0.332,2.99e+04,0.000685,inf,0.213,0.0,0.787,1.0,0.213,1.42e+02,-1.41e+02,12,0.2,0.2,0.0,0.2
205,213518,1160000,Random,1534435216000,0.000998,0.00096,0.332,2.99e+04,0.00068,inf,0.218,0.0,0.782,1.0,0.218,1.42e+02,-1.41e+02,12,0.2,0.2,0.0,0.2
207,215561,1170000,Random,1534437668000,0.000997,0.00096,0.332,2.99e+04,0.000676,inf,0.219,0.0,0.781,1.0,0.219,1.42e+02,-1.41e+02,12,0.2,0.2,0.0,0.2
211,217403,1180000,Random,1534440148000,0.00105,0.000971,0.332,2.99e+04,0.000683,inf,0.219,0.0,0.781,1.0,0.219,1.41e+02,-1.4e+02,12,0.2,0.2,0.0,0.2
215,219435,1190000,Random,1534442382000,0.00109,0.00098,0.332,2.99e+04,0.000676,inf,0.222,0.0,0.778,1.0,0.222,1.42e+02,-1.41e+02,12,0.2,0.2,0.0,0.2
215,221561,1200000,Random,1534443290000,0.00104,0.00097,0.332,2.99e+04,0.000672,inf,0.222,0.0,0.778,1.0,0.222,1.43e+02,-1.42e+02,12,0.2,0.2,0.0,0.2
215,223637,1210000,Random,1534444170000,0.000996,0.000961,0.332,2.99e+04,0.000672,inf,0.221,0.0,0.779,1.0,0.221,1.43e+02,-1.42e+02,12,0.2,0.2,0.0,0.2
217,225677,1220000,Random,1534445085000,0.000995,0.000962,0.332,2.99e+04,0.000671,inf,0.221,0.0,0.779,1.0,0.221,1.43e+02,-1.42e+02,12,0.2,0.2,0.0,0.2
219,227663,1230000,Random,1534446108000,0.0,0.000962,0.332,2.99e+04,0.00067,inf,0.221,0.0,0.779,1.0,0.221,1.43e+02,-1.42e+02,12,0.2,0.2,0.0,0.2
219,229621,1240000,Random,1534447127000,0.0,0.000954,0.332,2.99e+04,0.000666,inf,0.221,0.0,0.779,1.0,0.221,1.44e+02,-1.43e+02,12,0.2,0.2,0.0,0.2
223,231542,1250000,Random,1534448060000,0.000974,0.000963,0.332,2.99e+04,0.000661,inf,0.224,0.0,0.776,1.0,0.224,1.45e+02,-1.44e+02,12,0.2,0.2,0.0,0.2
225,233617,1260000,Random,1534448931000,0.000971,0.000963,0.332,2.99e+04,0.00066,inf,0.224,0.0,0.776,1.0,0.224,1.45e+02,-1.44e+02,12,0.2,0.2,0.0,0.2
225,235835,1270000,Random,1534449777000,0.000714,0.000954,0.332,2.99e+04,0.000661,inf,0.222,0.0,0.778,1.0,0.222,1.45e+02,-1.44e+02,12,0.2,0.2,0.0,0.2
225,238033,1280000,Random,1534450669000,0.000566,0.000945,0.332,2.99e+04,0.000676,inf,0.217,0.0,0.783,1.0,0.217,1.43e+02,-1.42e+02,12,0.2,0.2,0.0,0.2
229,240301,1290000,Random,1534451620000,0.000777,0.000953,0.332,2.99e+04,0.000678,inf,0.218,0.0,0.782,1.0,0.218,1.42e+02,-1.41e+02,12,0.2,0.2,0.0,0.2
231,242199,1300000,Random,1534452774000,0.000813,0.000954,0.332,2.99e+04,0.000676,inf,0.219,0.0,0.781,1.0,0.219,1.43e+02,-1.42e+02,12,0.2,0.2,0.0,0.2
233,244154,1310000,Random,1534454221000,0.000837,0.000954,0.332,2.99e+04,0.000671,inf,0.22,0.0,0.78,1.0,0.22,1.44e+02,-1.43e+02,12,0.2,0.2,0.0,0.2
235,246035,1320000,Random,1534456307000,0.00086,0.000955,0.332,2.99e+04,0.000668,inf,0.221,0.0,0.779,1.0,0.221,1.44e+02,-1.43e+02,12,0.2,0.2,0.0,0.2
235,247977,1330000,Random,1534461577000,0.000779,0.000948,0.332,2.99e+04,0.000668,inf,0.219,0.0,0.781,1.0,0.219,1.44e+02,-1.43e+02,12,0.2,0.2,0.0,0.2
237,249975,1340000,Random,1534472632000,0.000799,0.000948,0.332,2.99e+04,0.000666,inf,0.22,0.0,0.78,1.0,0.22,1.44e+02,-1.43e+02,12,0.2,0.2,0.0,0.2
241,251945,1350000,Random,1534477730000,0.000898,0.000957,0.332,2.99e+04,0.000662,inf,0.223,0.0,0.777,1.0,0.223,1.45e+02,-1.44e+02,12,0.2,0.2,0.0,0.2
241,253957,1360000,Random,1534479624000,0.00083,0.000949,0.332,2.99e+04,0.00066,inf,0.222,0.0,0.778,1.0,0.222,1.45e+02,-1.44e+02,12,0.2,0.2,0.0,0.2
241,255921,1370000,Random,1534480895000,0.000772,0.000942,0.332,2.99e+04,0.000658,inf,0.221,0.0,0.779,1.0,0.221,1.46e+02,-1.45e+02,12,0.2,0.2,0.0,0.2
243,257863,1380000,Random,1534481963000,0.000789,0.000942,0.332,2.99e+04,0.000656,inf,0.222,0.0,0.778,1.0,0.222,1.46e+02,-1.45e+02,12,0.2,0.2,0.0,0.2
243,259876,1390000,Random,1534482912000,0.00074,0.000935,0.332,2.99e+04,0.000653,inf,0.221,0.0,0.779,1.0,0.221,1.47e+02,-1.46e+02,12,0.2,0.2,0.0,0.2
243,261657,1400000,Random,1534483769000,0.000701,0.000929,0.332,2.99e+04,0.000658,inf,0.218,0.0,0.782,1.0,0.218,1.46e+02,-1.45e+02,12,0.2,0.2,0.0,0.2
247,263525,1410000,Random,1534484543000,0.000776,0.000937,0.332,2.99e+04,0.000659,inf,0.22,0.0,0.78,1.0,0.22,1.46e+02,-1.45e+02,12,0.2,0.2,0.0,0.2
251,265566,1420000,Random,1534485253000,0.000839,0.000945,0.332,2.99e+04,0.000657,inf,0.222,0.0,0.778,1.0,0.222,1.46e+02,-1.45e+02,12,0.2,0.2,0.0,0.2
253,267527,1430000,Random,1534485897000,0.000848,0.000946,0.332,2.99e+04,0.000656,inf,0.222,0.0,0.778,1.0,0.222,1.46e+02,-1.45e+02,12,0.2,0.2,0.0,0.2
253,269577,1440000,Random,1534486510000,0.000807,0.000939,0.332,2.99e+04,0.000656,inf,0.221,0.0,0.779,1.0,0.221,1.46e+02,-1.45e+02,12,0.2,0.2,0.0,0.2
253,271712,1450000,Random,1534487121000,0.000768,0.000931,0.332,2.99e+04,0.000658,inf,0.219,0.0,0.781,1.0,0.219,1.46e+02,-1.45e+02,12,0.2,0.2,0.0,0.2
259,273578,1460000,Random,1534487701000,0.000867,0.000947,0.332,2.99e+04,0.000658,inf,0.222,0.0,0.778,1.0,0.222,1.46e+02,-1.45e+02,12,0.2,0.2,0.0,0.2
267,275243,1470000,Random,1534488284000,0.001,0.00097,0.332,2.99e+04,0.00066,inf,0.225,0.0,0.775,1.0,0.225,1.44e+02,-1.43e+02,12,0.2,0.2,0.0,0.2
269,277210,1480000,Random,1534488863000,0.001,0.00097,0.332,2.99e+04,0.00066,inf,0.225,0.0,0.775,1.0,0.225,1.45e+02,-1.44e+02,12,0.2,0.2,0.0,0.2
270,279355,1490000,Random,1534489407000,0.00118,0.000967,0.332,2.99e+04,0.00066,inf,0.225,0.0,0.775,1.0,0.225,1.45e+02,-1.44e+02,12,0.2,0.2,0.0,0.2
272,281406,1500000,Random,1534489872000,0.00104,0.000967,0.332,2.99e+04,0.000661,inf,0.225,0.0,0.775,1.0,0.225,1.45e+02,-1.44e+02,12,0.2,0.2,0.0,0.2
276,283453,1510000,Random,1534490393000,0.00142,0.000974,0.332,2.99e+04,0.000659,inf,0.226,0.0,0.774,1.0,0.226,1.45e+02,-1.44e+02,12,0.2,0.2,0.0,0.2
280,285428,1520000,Random,1534490966000,0.00159,0.000981,0.332,2.99e+04,0.000657,inf,0.228,0.0,0.772,1.0,0.228,1.45e+02,-1.44e+02,12,0.2,0.2,0.0,0.2
280,287539,1530000,Random,1534491525000,0.00122,0.000974,0.332,2.99e+04,0.000654,inf,0.228,0.0,0.772,1.0,0.228,1.45e+02,-1.44e+02,12,0.2,0.2,0.0,0.2
280,289381,1540000,Random,1534492324000,0.00101,0.000968,0.332,2.99e+04,0.000651,inf,0.227,0.0,0.773,1.0,0.227,1.46e+02,-1.45e+02,12,0.2,0.2,0.0,0.2
282,291189,1550000,Random,1534493602000,0.00103,0.000968,0.332,2.99e+04,0.000655,inf,0.226,0.0,0.774,1.0,0.226,1.45e+02,-1.44e+02,12,0.2,0.2,0.0,0.2
282,293082,1560000,Random,1534495463000,0.000892,0.000962,0.332,2.99e+04,0.000653,inf,0.226,0.0,0.774,1.0,0.226,1.46e+02,-1.45e+02,12,0.2,0.2,0.0,0.2
286,295113,1570000,Random,1534498586000,0.00102,0.000969,0.332,2.99e+04,0.000652,inf,0.227,0.0,0.773,1.0,0.227,1.46e+02,-1.45e+02,12,0.2,0.2,0.0,0.2
290,296942,1580000,Random,1534502189000,0.00114,0.000977,0.332,2.99e+04,0.00065,inf,0.229,0.0,0.771,1.0,0.229,1.46e+02,-1.45e+02,12,0.2,0.2,0.0,0.2
298,299013,1590000,Random,1534505417000,0.00141,0.000997,0.332,2.99e+04,0.000652,inf,0.232,0.0,0.768,1.0,0.232,1.45e+02,-1.44e+02,12,0.2,0.2,0.0,0.2
301,301046,1600000,Random,1534508988000,0.00142,0.001,0.332,2.99e+04,0.000655,inf,0.232,0.0,0.768,1.0,0.232,1.45e+02,-1.44e+02,12,0.2,0.2,0.0,0.2
303,303006,1610000,Random,1534511641000,0.00139,0.001,0.332,2.99e+04,0.000653,inf,0.233,0.0,0.767,1.0,0.233,1.45e+02,-1.44e+02,12,0.2,0.2,0.0,0.2
307,304930,1620000,Random,1534514309000,0.00144,0.00101,0.332,2.99e+04,0.000653,inf,0.234,0.0,0.766,1.0,0.234,1.45e+02,-1.44e+02,12,0.2,0.2,0.0,0.2
309,306738,1630000,Random,1534517574000,0.00142,0.00101,0.332,2.99e+04,0.000659,inf,0.232,0.0,0.768,1.0,0.232,1.44e+02,-1.43e+02,12,0.2,0.2,0.0,0.2
311,308668,1640000,Random,1534520894000,0.00139,0.00101,0.332,2.99e+04,0.00067,inf,0.229,0.0,0.771,1.0,0.229,1.42e+02,-1.41e+02,12,0.2,0.2,0.0,0.2
315,310554,1650000,Random,1534524403000,0.00144,0.00101,0.332,2.99e+04,0.000673,inf,0.23,0.0,0.77,1.0,0.23,1.42e+02,-1.41e+02,12,0.2,0.2,0.0,0.2
321,312277,1660000,Random,1534527837000,0.00154,0.00103,0.332,2.99e+04,0.00068,inf,0.23,0.0,0.77,1.0,0.23,1.4e+02,-1.39e+02,12,0.2,0.2,0.0,0.2
331,314087,1670000,Random,1534530420000,0.00174,0.00105,0.332,2.99e+04,0.000687,inf,0.232,0.0,0.768,1.0,0.232,1.38e+02,-1.37e+02,12,0.2,0.2,0.0,0.2
333,316177,1680000,Random,1534532730000,0.0,0.00105,0.332,2.99e+04,0.00069,inf,0.232,0.0,0.768,1.0,0.232,1.38e+02,-1.37e+02,12,0.2,0.2,0.0,0.2
336,318185,1690000,Random,1534535060000,0.00127,0.00106,0.332,2.99e+04,0.0007,inf,0.23,0.0,0.77,1.0,0.23,1.37e+02,-1.36e+02,12,0.2,0.2,0.0,0.2
344,320167,1700000,Random,1534537401000,0.00253,0.00107,0.332,2.99e+04,0.000713,inf,0.229,0.0,0.771,1.0,0.229,1.34e+02,-1.33e+02,12,0.2,0.2,0.0,0.2
348,321995,1710000,Random,1534540360000,0.00243,0.00108,0.332,2.99e+04,0.000718,inf,0.229,0.0,0.771,1.0,0.229,1.34e+02,-1.33e+02,12,0.2,0.2,0.0,0.2
352,323820,1720000,Random,1534549834000,0.00237,0.00109,0.332,2.99e+04,0.000722,inf,0.229,0.0,0.771,1.0,0.229,1.33e+02,-1.32e+02,12,0.2,0.2,0.0,0.2
354,325704,1730000,Random,1534567401000,0.00212,0.00109,0.332,2.99e+04,0.000735,inf,0.226,0.0,0.774,1.0,0.226,1.31e+02,-1.3e+02,12,0.2,0.2,0.0,0.2
358,327464,1740000,Random,1534572037000,0.00215,0.00109,0.332,2.98e+04,0.000742,inf,0.225,0.0,0.775,1.0,0.225,1.3e+02,-1.29e+02,12,0.2,0.2,0.0,0.2
360,329341,1750000,Random,1534574438000,0.002,0.00109,0.332,2.98e+04,0.000754,inf,0.222,0.0,0.778,1.0,0.222,1.29e+02,-1.28e+02,12,0.2,0.2,0.0,0.2
368,331185,1760000,Random,1534576780000,0.00236,0.00111,0.332,2.98e+04,0.000764,inf,0.223,0.0,0.777,1.0,0.223,1.27e+02,-1.26e+02,12,0.2,0.2,0.0,0.2
380,333269,1770000,Random,1534579425000,0.00478,0.00114,0.332,2.98e+04,0.000771,inf,0.226,0.0,0.774,1.0,0.226,1.26e+02,-1.25e+02,12,0.2,0.2,0.0,0.2
380,335326,1780000,Random,1534581740000,0.00281,0.00113,0.332,2.98e+04,0.00078,inf,0.223,0.0,0.777,1.0,0.223,1.25e+02,-1.24e+02,12,0.2,0.2,0.0,0.2
380,337073,1790000,Random,1534583752000,0.00208,0.00113,0.332,2.98e+04,0.000785,inf,0.221,0.0,0.779,1.0,0.221,1.25e+02,-1.24e+02,12,0.2,0.2,0.0,0.2
386,338979,1800000,Random,1534585634000,0.00231,0.00114,0.332,2.98e+04,0.000795,inf,0.22,0.0,0.78,1.0,0.22,1.23e+02,-1.22e+02,12,0.2,0.2,0.0,0.2
394,340867,1810000,Random,1534587510000,0.00266,0.00116,0.331,2.98e+04,0.000798,inf,0.222,0.0,0.778,1.0,0.222,1.23e+02,-1.22e+02,12,0.2,0.2,0.0,0.2
394,342829,1820000,Random,1534589602000,0.00224,0.00115,0.331,2.98e+04,0.000802,inf,0.22,0.0,0.78,1.0,0.22,1.22e+02,-1.21e+02,12,0.2,0.2,0.0,0.2
400,344691,1830000,Random,1534592289000,0.00237,0.00116,0.331,2.98e+04,0.000816,inf,0.219,0.0,0.781,1.0,0.219,1.21e+02,-1.2e+02,12,0.2,0.2,0.0,0.2
408,346685,1840000,Random,1534595209000,0.00257,0.00118,0.331,2.98e+04,0.000827,inf,0.219,0.0,0.781,1.0,0.219,1.19e+02,-1.18e+02,12,0.2,0.2,0.0,0.2
410,348613,1850000,Random,1534598002000,0.00241,0.00118,0.331,2.98e+04,0.000842,inf,0.216,0.0,0.784,1.0,0.216,1.18e+02,-1.17e+02,12,0.2,0.2,0.0,0.2
414,350605,1860000,Random,1534601008000,0.00237,0.00118,0.331,2.98e+04,0.000848,inf,0.215,0.0,0.785,1.0,0.215,1.17e+02,-1.16e+02,12,0.2,0.2,0.0,0.2
418,352544,1870000,Random,1534604078000,0.00234,0.00119,0.331,2.98e+04,0.000857,inf,0.214,0.0,0.786,1.0,0.214,1.16e+02,-1.15e+02,12,0.2,0.2,0.0,0.2
422,354364,1880000,Random,1534608394000,0.00233,0.00119,0.331,2.98e+04,0.000855,inf,0.215,0.0,0.785,1.0,0.215,1.16e+02,-1.15e+02,12,0.2,0.2,0.0,0.2
422,356289,1890000,Random,1534614127000,0.00216,0.00118,0.331,2.98e+04,0.000863,inf,0.213,0.0,0.787,1.0,0.213,1.16e+02,-1.15e+02,12,0.2,0.2,0.0,0.2
424,358216,1900000,Random,1534618210000,0.00208,0.00118,0.331,2.98e+04,0.000868,inf,0.211,0.0,0.789,1.0,0.211,1.15e+02,-1.14e+02,12,0.2,0.2,0.0,0.2
428,360127,1910000,Random,1534622078000,0.00122,0.00119,0.331,2.98e+04,0.00088,inf,0.21,0.0,0.79,1.0,0.21,1.14e+02,-1.13e+02,12,0.2,0.2,0.0,0.2
430,362143,1920000,Random,1534626962000,0.0011,0.00119,0.331,2.98e+04,0.000881,inf,0.21,0.0,0.79,1.0,0.21,1.14e+02,-1.13e+02,12,0.2,0.2,0.0,0.2
432,364153,1930000,Random,1534632816000,0.00106,0.00119,0.331,2.98e+04,0.000878,inf,0.21,0.0,0.79,1.0,0.21,1.14e+02,-1.13e+02,12,0.2,0.2,0.0,0.2
434,365983,1940000,Random,1534644043000,0.00107,0.00119,0.331,2.98e+04,0.000879,inf,0.21,0.0,0.79,1.0,0.21,1.14e+02,-1.13e+02,12,0.2,0.2,0.0,0.2
438,367943,1950000,Random,1534654314000,0.00127,0.00119,0.331,2.98e+04,0.000887,inf,0.209,0.0,0.791,1.0,0.209,1.13e+02,-1.12e+02,12,0.2,0.2,0.0,0.2
440,370050,1960000,Random,1534657772000,0.00121,0.00119,0.331,2.98e+04,0.000887,inf,0.209,0.0,0.791,1.0,0.209,1.14e+02,-1.13e+02,12,0.2,0.2,0.0,0.2
444,372202,1970000,Random,1534660012000,0.00131,0.00119,0.332,2.98e+04,0.000891,inf,0.209,0.0,0.791,1.0,0.209,1.13e+02,-1.12e+02,12,0.2,0.2,0.0,0.2
450,374429,1980000,Random,1534661764000,0.00151,0.0012,0.332,2.98e+04,0.000896,inf,0.209,0.0,0.791,1.0,0.209,1.13e+02,-1.12e+02,12,0.2,0.2,0.0,0.2
454,376503,1990000,Random,1534663440000,0.0022,0.00121,0.332,2.99e+04,0.000904,inf,0.208,0.0,0.792,1.0,0.208,1.12e+02,-1.11e+02,12,0.2,0.2,0.0,0.2
458,378559,2000000,Random,1534665155000,0.00207,0.00121,0.332,2.98e+04,0.000903,inf,0.209,0.0,0.791,1.0,0.209,1.12e+02,-1.11e+02,12,0.2,0.2,0.0,0.2
460,380709,2010000,Random,1534666965000,0.00166,0.00121,0.332,2.99e+04,0.000905,inf,0.208,0.0,0.792,1.0,0.208,1.12e+02,-1.11e+02,12,0.2,0.2,0.0,0.2
466,382843,2020000,Random,1534668900000,0.00196,0.00122,0.332,2.99e+04,0.000908,inf,0.209,0.0,0.791,1.0,0.209,1.11e+02,-1.1e+02,12,0.2,0.2,0.0,0.2
472,385179,2030000,Random,1534671105000,0.0021,0.00123,0.332,2.99e+04,0.000911,inf,0.21,0.0,0.79,1.0,0.21,1.11e+02,-1.1e+02,12,0.2,0.2,0.0,0.2
478,387301,2040000,Random,1534673670000,0.00222,0.00123,0.332,2.99e+04,0.000921,inf,0.209,0.0,0.791,1.0,0.209,1.1e+02,-1.09e+02,12,0.2,0.2,0.0,0.2
484,389361,2050000,Random,1534676097000,0.00232,0.00124,0.332,2.99e+04,0.000923,inf,0.21,0.0,0.79,1.0,0.21,1.1e+02,-1.09e+02,12,0.2,0.2,0.0,0.2
490,391322,2060000,Random,1534678522000,0.0024,0.00125,0.332,2.99e+04,0.000923,inf,0.211,0.0,0.789,1.0,0.211,1.09e+02,-1.08e+02,12,0.2,0.2,0.0,0.2
494,393411,2070000,Random,1534680289000,0.00235,0.00126,0.332,2.99e+04,0.000931,inf,0.21,0.0,0.79,1.0,0.21,1.09e+02,-1.08e+02,12,0.2,0.2,0.0,0.2
500,395565,2080000,Random,1534682096000,0.00239,0.00126,0.332,2.99e+04,0.000937,inf,0.211,0.0,0.789,1.0,0.211,1.08e+02,-1.07e+02,12,0.2,0.2,0.0,0.2
504,397484,2090000,Random,1534684023000,0.00237,0.00127,0.332,2.99e+04,0.00094,inf,0.211,0.0,0.789,1.0,0.211,1.08e+02,-1.07e+02,12,0.2,0.2,0.0,0.2
506,399442,2100000,Random,1534685743000,0.00226,0.00127,0.332,2.99e+04,0.000942,inf,0.21,0.0,0.79,1.0,0.21,1.08e+02,-1.07e+02,12,0.2,0.2,0.0,0.2
512,401355,2110000,Random,1534687446000,0.00232,0.00128,0.332,2.99e+04,0.00094,inf,0.211,0.0,0.789,1.0,0.211,1.08e+02,-1.07e+02,12,0.2,0.2,0.0,0.2
512,403185,2120000,Random,1534690210000,0.00218,0.00127,0.332,2.99e+04,0.000939,inf,0.211,0.0,0.789,1.0,0.211,1.08e+02,-1.07e+02,12,0.2,0.2,0.0,0.2
512,405158,2130000,Random,1534693900000,0.00203,0.00126,0.332,2.99e+04,0.000936,inf,0.211,0.0,0.789,1.0,0.211,1.08e+02,-1.07e+02,12,0.2,0.2,0.0,0.2
512,407145,2140000,Random,1534697164000,0.00191,0.00126,0.332,2.99e+04,0.000938,inf,0.209,0.0,0.791,1.0,0.209,1.08e+02,-1.07e+02,12,0.2,0.2,0.0,0.2
516,409074,2150000,Random,1534700514000,0.00192,0.00126,0.332,2.99e+04,0.000941,inf,0.209,0.0,0.791,1.0,0.209,1.08e+02,-1.07e+02,12,0.2,0.2,0.0,0.2
520,411095,2160000,Random,1534703297000,0.00192,0.00126,0.332,2.99e+04,0.000944,inf,0.209,0.0,0.791,1.0,0.209,1.08e+02,-1.07e+02,12,0.2,0.2,0.0,0.2
522,413067,2170000,Random,1534705684000,0.0,0.00126,0.332,2.99e+04,0.000942,inf,0.209,0.0,0.791,1.0,0.209,1.08e+02,-1.07e+02,12,0.2,0.2,0.0,0.2
524,415113,2180000,Random,1534708067000,0.000823,0.00126,0.332,2.99e+04,0.000946,inf,0.209,0.0,0.791,1.0,0.209,1.07e+02,-1.06e+02,12,0.2,0.2,0.0,0.2
530,417097,2190000,Random,1534710806000,0.00181,0.00127,0.332,2.99e+04,0.000953,inf,0.208,0.0,0.792,1.0,0.208,1.07e+02,-1.06e+02,12,0.2,0.2,0.0,0.2
532,418993,2200000,Random,1534717280000,0.00158,0.00127,0.332,2.99e+04,0.000955,inf,0.208,0.0,0.792,1.0,0.208,1.07e+02,-1.06e+02,12,0.2,0.2,0.0,0.2
534,420952,2210000,Random,1534737593000,0.00145,0.00127,0.332,2.99e+04,0.000955,inf,0.208,0.0,0.792,1.0,0.208,1.07e+02,-1.06e+02,12,0.2,0.2,0.0,0.2
542,423029,2220000,Random,1534741997000,0.00193,0.00128,0.332,2.99e+04,0.000958,inf,0.209,0.0,0.791,1.0,0.209,1.06e+02,-1.05e+02,12,0.2,0.2,0.0,0.2
545,424889,2230000,Random,1534745913000,0.00188,0.00128,0.332,2.99e+04,0.000956,inf,0.209,0.0,0.791,1.0,0.209,1.06e+02,-1.05e+02,12,0.2,0.2,0.0,0.2
545,426786,2240000,Random,1534749757000,0.0,0.00128,0.332,2.98e+04,0.000956,inf,0.209,0.0,0.791,1.0,0.209,1.06e+02,-1.05e+02,12,0.2,0.2,0.0,0.2
549,428858,2250000,Random,1534752867000,0.00138,0.00128,0.332,2.99e+04,0.000953,inf,0.21,0.0,0.79,1.0,0.21,1.07e+02,-1.06e+02,12,0.2,0.2,0.0,0.2
553,430790,2260000,Random,1534754638000,0.00165,0.00128,0.332,2.99e+04,0.000955,inf,0.21,0.0,0.79,1.0,0.21,1.06e+02,-1.05e+02,12,0.2,0.2,0.0,0.2
553,432786,2270000,Random,1534755288000,0.00117,0.00128,0.332,2.99e+04,0.000953,inf,0.209,0.0,0.791,1.0,0.209,1.07e+02,-1.06e+02,12,0.2,0.2,0.0,0.2
555,434687,2280000,Random,1534755966000,0.00114,0.00128,0.332,2.99e+04,0.000952,inf,0.209,0.0,0.791,1.0,0.209,1.07e+02,-1.06e+02,12,0.2,0.2,0.0,0.2
555,436640,2290000,Random,1534756616000,0.000936,0.00127,0.332,2.99e+04,0.000948,inf,0.209,0.0,0.791,1.0,0.209,1.07e+02,-1.06e+02,12,0.2,0.2,0.0,0.2
559,438481,2300000,Random,1534757269000,0.00112,0.00127,0.332,2.99e+04,0.000945,inf,0.21,0.0,0.79,1.0,0.21,1.07e+02,-1.06e+02,12,0.2,0.2,0.0,0.2
559,440546,2310000,Random,1534757955000,0.000959,0.00127,0.332,2.99e+04,0.000942,inf,0.21,0.0,0.79,1.0,0.21,1.08e+02,-1.07e+02,12,0.2,0.2,0.0,0.2
561,442554,2320000,Random,1534758714000,0.000964,0.00127,0.332,2.99e+04,0.000938,inf,0.211,0.0,0.789,1.0,0.211,1.08e+02,-1.07e+02,12,0.2,0.2,0.0,0.2
561,444588,2330000,Random,1534759435000,0.000859,0.00126,0.332,2.99e+04,0.000934,inf,0.211,0.0,0.789,1.0,0.211,1.08e+02,-1.07e+02,12,0.2,0.2,0.0,0.2
563,446615,2340000,Random,1534760055000,0.000871,0.00126,0.332,2.99e+04,0.00093,inf,0.211,0.0,0.789,1.0,0.211,1.09e+02,-1.08e+02,12,0.2,0.2,0.0,0.2
565,448669,2350000,Random,1534760743000,0.00088,0.00126,0.332,2.99e+04,0.000928,inf,0.211,0.0,0.789,1.0,0.211,1.09e+02,-1.08e+02,12,0.2,0.2,0.0,0.2
565,450691,2360000,Random,1534761451000,0.000808,0.00125,0.332,2.99e+04,0.000925,inf,0.211,0.0,0.789,1.0,0.211,1.09e+02,-1.08e+02,12,0.2,0.2,0.0,0.2
565,452748,2370000,Random,1534762047000,0.000746,0.00125,0.332,2.99e+04,0.000924,inf,0.211,0.0,0.789,1.0,0.211,1.09e+02,-1.08e+02,12,0.2,0.2,0.0,0.2
567,454693,2380000,Random,1534762661000,0.000765,0.00125,0.332,2.99e+04,0.00092,inf,0.211,0.0,0.789,1.0,0.211,1.1e+02,-1.09e+02,12,0.2,0.2,0.0,0.2
568,456676,2390000,Random,1534763343000,0.000749,0.00124,0.332,2.99e+04,0.000919,inf,0.211,0.0,0.789,1.0,0.211,1.1e+02,-1.09e+02,12,0.2,0.2,0.0,0.2
568,458683,2400000,Random,1534764145000,0.000703,0.00124,0.332,2.99e+04,0.000916,inf,0.211,0.0,0.789,1.0,0.211,1.1e+02,-1.09e+02,12,0.2,0.2,0.0,0.2
570,460700,2410000,Random,1534765837000,0.000719,0.00124,0.332,2.99e+04,0.000916,inf,0.211,0.0,0.789,1.0,0.211,1.1e+02,-1.09e+02,12,0.2,0.2,0.0,0.2
570,462683,2420000,Random,1534769113000,0.000681,0.00123,0.332,2.99e+04,0.000917,inf,0.21,0.0,0.79,1.0,0.21,1.1e+02,-1.09e+02,12,0.2,0.2,0.0,0.2
576,464707,2430000,Random,1534771729000,0.0008,0.00124,0.332,2.99e+04,0.000918,inf,0.211,0.0,0.789,1.0,0.211,1.1e+02,-1.09e+02,12,0.2,0.2,0.0,0.2
580,466849,2440000,Random,1534774209000,0.000856,0.00124,0.332,2.99e+04,0.000921,inf,0.211,0.0,0.789,1.0,0.211,1.1e+02,-1.09e+02,12,0.2,0.2,0.0,0.2
580,468773,2450000,Random,1534777792000,0.000817,0.00124,0.332,2.99e+04,0.000921,inf,0.21,0.0,0.79,1.0,0.21,1.1e+02,-1.09e+02,12,0.2,0.2,0.0,0.2
582,470580,2460000,Random,1534781387000,0.000829,0.00124,0.332,2.99e+04,0.000926,inf,0.209,0.0,0.791,1.0,0.209,1.1e+02,-1.09e+02,12,0.2,0.2,0.0,0.2
584,472503,2470000,Random,1534784842000,0.000838,0.00124,0.332,2.99e+04,0.000932,inf,0.208,0.0,0.792,1.0,0.208,1.09e+02,-1.08e+02,12,0.2,0.2,0.0,0.2
590,474627,2480000,Random,1534788032000,0.000924,0.00124,0.332,2.99e+04,0.000937,inf,0.208,0.0,0.792,1.0,0.208,1.09e+02,-1.08e+02,12,0.2,0.2,0.0,0.2
590,476785,2490000,Random,1534790647000,0.000885,0.00124,0.332,2.99e+04,0.000942,inf,0.206,0.0,0.794,1.0,0.206,1.08e+02,-1.07e+02,12,0.2,0.2,0.0,0.2
594,478716,2500000,Random,1534793389000,0.00191,0.00124,0.332,2.99e+04,0.000947,inf,0.206,0.0,0.794,1.0,0.206,1.08e+02,-1.07e+02,12,0.2,0.2,0.0,0.2
608,480727,2510000,Random,1534796208000,0.00523,0.00126,0.332,2.99e+04,0.000953,inf,0.208,0.0,0.792,1.0,0.208,1.07e+02,-1.06e+02,12,0.2,0.2,0.0,0.2
621,482904,2520000,Random,1534801278000,0.00554,0.00129,0.332,2.99e+04,0.000955,inf,0.21,0.0,0.79,1.0,0.21,1.07e+02,-1.06e+02,12,0.2,0.2,0.0,0.2
623,484852,2530000,Random,1534827770000,0.00432,0.00128,0.332,2.99e+04,0.000962,inf,0.209,0.0,0.791,1.0,0.209,1.06e+02,-1.05e+02,12,0.2,0.2,0.0,0.2
625,486840,2540000,Random,1534835014000,0.0,0.00128,0.332,2.99e+04,0.000965,inf,0.208,0.0,0.792,1.0,0.208,1.06e+02,-1.05e+02,12,0.2,0.2,0.0,0.2
633,488847,2550000,Random,1534840634000,0.00389,0.00129,0.332,2.99e+04,0.000967,inf,0.209,0.0,0.791,1.0,0.209,1.05e+02,-1.04e+02,12,0.2,0.2,0.0,0.2
635,490758,2560000,Random,1534842151000,0.00252,0.00129,0.332,2.99e+04,0.00097,inf,0.209,0.0,0.791,1.0,0.209,1.05e+02,-1.04e+02,12,0.2,0.2,0.0,0.2
635,492690,2570000,Random,1534843655000,0.0017,0.00129,0.332,2.99e+04,0.000968,inf,0.208,0.0,0.792,1.0,0.208,1.05e+02,-1.04e+02,12,0.2,0.2,0.0,0.2
637,494573,2580000,Random,1534845055000,0.00154,0.00129,0.332,2.99e+04,0.000967,inf,0.209,0.0,0.791,1.0,0.209,1.06e+02,-1.05e+02,12,0.2,0.2,0.0,0.2
638,496633,2590000,Random,1534846311000,0.00132,0.00128,0.332,2.99e+04,0.000964,inf,0.208,0.0,0.792,1.0,0.208,1.06e+02,-1.05e+02,12,0.2,0.2,0.0,0.2
638,498728,2600000,Random,1534847422000,0.00109,0.00128,0.332,2.99e+04,0.000962,inf,0.208,0.0,0.792,1.0,0.208,1.06e+02,-1.05e+02,12,0.2,0.2,0.0,0.2
638,500744,2610000,Random,1534848567000,0.000932,0.00127,0.332,2.99e+04,0.00096,inf,0.208,0.0,0.792,1.0,0.208,1.06e+02,-1.05e+02,12,0.2,0.2,0.0,0.2
640,502743,2620000,Random,1534850693000,0.00094,0.00127,0.332,2.99e+04,0.000961,inf,0.208,0.0,0.792,1.0,0.208,1.06e+02,-1.05e+02,12,0.2,0.2,0.0,0.2
643,504795,2630000,Random,1534853834000,0.001,0.00127,0.332,2.99e+04,0.000963,inf,0.207,0.0,0.793,1.0,0.207,1.06e+02,-1.05e+02,12,0.2,0.2,0.0,0.2
647,506821,2640000,Random,1534856778000,0.0011,0.00128,0.332,2.99e+04,0.000969,inf,0.207,0.0,0.793,1.0,0.207,1.06e+02,-1.05e+02,12,0.2,0.2,0.0,0.2
649,508728,2650000,Random,1534859707000,0.00109,0.00128,0.332,2.99e+04,0.000975,inf,0.206,0.0,0.794,1.0,0.206,1.05e+02,-1.04e+02,12,0.2,0.2,0.0,0.2
653,510782,2660000,Random,1534862479000,0.00117,0.00128,0.332,2.99e+04,0.000978,inf,0.205,0.0,0.795,1.0,0.205,1.05e+02,-1.04e+02,12,0.2,0.2,0.0,0.2
655,512875,2670000,Random,1534865612000,0.00115,0.00128,0.332,2.99e+04,0.00098,inf,0.205,0.0,0.795,1.0,0.205,1.05e+02,-1.04e+02,12,0.2,0.2,0.0,0.2
658,514830,2680000,Random,1534869367000,0.00118,0.00128,0.332,2.99e+04,0.000981,inf,0.205,0.0,0.795,1.0,0.205,1.05e+02,-1.04e+02,12,0.2,0.2,0.0,0.2
660,516838,2690000,Random,1534872928000,0.00116,0.00128,0.332,2.99e+04,0.000982,inf,0.205,0.0,0.795,1.0,0.205,1.05e+02,-1.04e+02,12,0.2,0.2,0.0,0.2
662,518897,2700000,Random,1534875933000,0.00115,0.00128,0.332,2.99e+04,0.000983,inf,0.204,0.0,0.796,1.0,0.204,1.05e+02,-1.04e+02,12,0.2,0.2,0.0,0.2
667,520896,2710000,Random,1534878485000,0.00177,0.00128,0.332,2.99e+04,0.000981,inf,0.205,0.0,0.795,1.0,0.205,1.05e+02,-1.04e+02,12,0.2,0.2,0.0,0.2
668,522892,2720000,Random,1534879811000,0.000781,0.00128,0.332,2.99e+04,0.00098,inf,0.205,0.0,0.795,1.0,0.205,1.05e+02,-1.04e+02,12,0.2,0.2,0.0,0.2
669,524880,2730000,Random,1534881135000,0.000659,0.00127,0.332,2.99e+04,0.000979,inf,0.205,0.0,0.795,1.0,0.205,1.05e+02,-1.04e+02,12,0.2,0.2,0.0,0.2
669,526905,2740000,Random,1534882437000,0.000456,0.00127,0.332,2.99e+04,0.000977,inf,0.205,0.0,0.795,1.0,0.205,1.05e+02,-1.04e+02,12,0.2,0.2,0.0,0.2
672,528797,2750000,Random,1534883895000,0.000709,0.00127,0.332,2.99e+04,0.000976,inf,0.205,0.0,0.795,1.0,0.205,1.05e+02,-1.04e+02,12,0.2,0.2,0.0,0.2
674,530899,2760000,Random,1534885575000,0.000757,0.00127,0.332,2.99e+04,0.000975,inf,0.205,0.0,0.795,1.0,0.205,1.05e+02,-1.04e+02,12,0.2,0.2,0.0,0.2
674,532922,2770000,Random,1534890658000,0.000635,0.00126,0.332,2.99e+04,0.000977,inf,0.204,0.0,0.796,1.0,0.204,1.05e+02,-1.04e+02,12,0.2,0.2,0.0,0.2
674,534931,2780000,Random,1534910606000,0.000548,0.00126,0.332,2.99e+04,0.000975,inf,0.204,0.0,0.796,1.0,0.204,1.05e+02,-1.04e+02,12,0.2,0.2,0.0,0.2
675,536946,2790000,Random,1534916123000,0.000542,0.00126,0.332,2.99e+04,0.000974,inf,0.204,0.0,0.796,1.0,0.204,1.06e+02,-1.05e+02,12,0.2,0.2,0.0,0.2
677,538912,2800000,Random,1534920858000,0.000592,0.00126,0.332,2.99e+04,0.000971,inf,0.204,0.0,0.796,1.0,0.204,1.06e+02,-1.05e+02,12,0.2,0.2,0.0,0.2
679,540727,2810000,Random,1534924749000,0.00121,0.00126,0.332,2.99e+04,0.000969,inf,0.204,0.0,0.796,1.0,0.204,1.06e+02,-1.05e+02,12,0.2,0.2,0.0,0.2
681,542662,2820000,Random,1534931082000,0.00111,0.00125,0.332,2.99e+04,0.000968,inf,0.204,0.0,0.796,1.0,0.204,1.06e+02,-1.05e+02,12,0.2,0.2,0.0,0.2
683,544592,2830000,Random,1534935325000,0.00109,0.00125,0.332,2.99e+04,0.000969,inf,0.204,0.0,0.796,1.0,0.204,1.06e+02,-1.05e+02,12,0.2,0.2,0.0,0.2
686,546537,2840000,Random,1534938624000,0.00121,0.00126,0.332,2.99e+04,0.000969,inf,0.204,0.0,0.796,1.0,0.204,1.06e+02,-1.05e+02,12,0.2,0.2,0.0,0.2
690,548482,2850000,Random,1534940895000,0.00138,0.00126,0.332,2.99e+04,0.000971,inf,0.204,0.0,0.796,1.0,0.204,1.06e+02,-1.05e+02,12,0.2,0.2,0.0,0.2
692,550390,2860000,Random,1534943469000,0.00133,0.00126,0.332,2.99e+04,0.000973,inf,0.204,0.0,0.796,1.0,0.204,1.06e+02,-1.05e+02,12,0.2,0.2,0.0,0.2
693,552466,2870000,Random,1534946121000,0.00119,0.00125,0.332,2.99e+04,0.000972,inf,0.203,0.0,0.797,1.0,0.203,1.06e+02,-1.05e+02,12,0.2,0.2,0.0,0.2
696,554497,2880000,Random,1534951553000,0.00123,0.00126,0.332,2.99e+04,0.000974,inf,0.203,0.0,0.797,1.0,0.203,1.06e+02,-1.05e+02,12,0.2,0.2,0.0,0.2
700,556700,2890000,Random,1534958373000,0.0013,0.00126,0.332,2.99e+04,0.000972,inf,0.204,0.0,0.796,1.0,0.204,1.06e+02,-1.05e+02,12,0.2,0.2,0.0,0.2
702,558783,2900000,Random,1534964353000,0.00127,0.00126,0.332,2.99e+04,0.000975,inf,0.203,0.0,0.797,1.0,0.203,1.06e+02,-1.05e+02,12,0.2,0.2,0.0,0.2
703,560818,2910000,Random,1534968845000,0.000492,0.00125,0.332,2.99e+04,0.000975,inf,0.203,0.0,0.797,1.0,0.203,1.06e+02,-1.05e+02,12,0.2,0.2,0.0,0.2
704,562838,2920000,Random,1534974790000,0.000493,0.00125,0.332,2.99e+04,0.000978,inf,0.202,0.0,0.798,1.0,0.202,1.05e+02,-1.04e+02,12,0.2,0.2,0.0,0.2
708,564775,2930000,Random,1534997991000,0.001,0.00125,0.332,2.99e+04,0.000979,inf,0.202,0.0,0.798,1.0,0.202,1.05e+02,-1.04e+02,12,0.2,0.2,0.0,0.2
711,566851,2940000,Random,1535002812000,0.00112,0.00125,0.332,2.99e+04,0.000981,inf,0.202,0.0,0.798,1.0,0.202,1.05e+02,-1.04e+02,12,0.2,0.2,0.0,0.2
712,568753,2950000,Random,1535006266000,0.001,0.00125,0.332,2.99e+04,0.000983,inf,0.201,0.0,0.799,1.0,0.201,1.05e+02,-1.04e+02,12,0.2,0.2,0.0,0.2
716,570912,2960000,Random,1535008974000,0.00162,0.00125,0.332,2.99e+04,0.000983,inf,0.202,0.0,0.798,1.0,0.202,1.05e+02,-1.04e+02,12,0.2,0.2,0.0,0.2
721,572946,2970000,Random,1535012121000,0.00214,0.00126,0.332,2.99e+04,0.000981,inf,0.203,0.0,0.797,1.0,0.203,1.05e+02,-1.04e+02,12,0.2,0.2,0.0,0.2
726,575031,2980000,Random,1535016548000,0.00224,0.00126,0.332,2.99e+04,0.000983,inf,0.203,0.0,0.797,1.0,0.203,1.05e+02,-1.04e+02,12,0.2,0.2,0.0,0.2
731,577076,2990000,Random,1535021087000,0.0023,0.00127,0.332,2.99e+04,0.000983,inf,0.204,0.0,0.796,1.0,0.204,1.05e+02,-1.04e+02,12,0.2,0.2,0.0,0.2
737,579112,3000000,Random,1535025941000,0.00244,0.00127,0.332,2.99e+04,0.000986,inf,0.204,0.0,0.796,1.0,0.204,1.04e+02,-1.03e+02,12,0.2,0.2,0.0,0.2
741,581061,3010000,Random,1535031041000,0.00237,0.00128,0.332,2.99e+04,0.00099,inf,0.203,0.0,0.797,1.0,0.203,1.04e+02,-1.03e+02,12,0.2,0.2,0.0,0.2
746,582955,3020000,Random,1535035996000,0.00241,0.00128,0.332,2.99e+04,0.000993,inf,0.203,0.0,0.797,1.0,0.203,1.04e+02,-1.03e+02,12,0.2,0.2,0.0,0.2
751,584892,3030000,Random,1535040812000,0.00243,0.00128,0.332,2.99e+04,0.000992,inf,0.204,0.0,0.796,1.0,0.204,1.04e+02,-1.03e+02,12,0.2,0.2,0.0,0.2
757,586838,3040000,Random,1535044629000,0.00251,0.00129,0.332,2.99e+04,0.000993,inf,0.205,0.0,0.795,1.0,0.205,1.04e+02,-1.03e+02,12,0.2,0.2,0.0,0.2
760,588939,3050000,Random,1535050454000,0.00239,0.00129,0.332,2.99e+04,0.000992,inf,0.205,0.0,0.795,1.0,0.205,1.04e+02,-1.03e+02,12,0.2,0.2,0.0,0.2
761,590950,3060000,Random,1535054062000,0.000532,0.00129,0.332,2.99e+04,0.000993,inf,0.204,0.0,0.796,1.0,0.204,1.04e+02,-1.03e+02,12,0.2,0.2,0.0,0.2
763,593027,3070000,Random,1535057298000,0.000758,0.00129,0.332,2.99e+04,0.000993,inf,0.204,0.0,0.796,1.0,0.204,1.04e+02,-1.03e+02,12,0.2,0.2,0.0,0.2
764,594992,3080000,Random,1535072023000,0.000675,0.00128,0.332,2.99e+04,0.000993,inf,0.204,0.0,0.796,1.0,0.204,1.04e+02,-1.03e+02,12,0.2,0.2,0.0,0.2
765,596945,3090000,Random,1535085739000,0.000635,0.00128,0.332,2.99e+04,0.000992,inf,0.204,0.0,0.796,1.0,0.204,1.04e+02,-1.03e+02,12,0.2,0.2,0.0,0.2
767,598953,3100000,Random,1535089641000,0.000708,0.00128,0.332,2.99e+04,0.00099,inf,0.204,0.0,0.796,1.0,0.204,1.04e+02,-1.03e+02,12,0.2,0.2,0.0,0.2
768,600922,3110000,Random,1535092580000,0.000675,0.00128,0.332,2.99e+04,0.00099,inf,0.204,0.0,0.796,1.0,0.204,1.04e+02,-1.03e+02,12,0.2,0.2,0.0,0.2
770,602872,3120000,Random,1535095147000,0.00212,0.00128,0.332,2.99e+04,0.000988,inf,0.204,0.0,0.796,1.0,0.204,1.04e+02,-1.03e+02,12,0.2,0.2,0.0,0.2
771,604831,3130000,Random,1535097967000,0.00103,0.00127,0.332,2.99e+04,0.000987,inf,0.204,0.0,0.796,1.0,0.204,1.04e+02,-1.03e+02,12,0.2,0.2,0.0,0.2
773,606858,3140000,Random,1535099303000,0.00101,0.00127,0.332,2.99e+04,0.000984,inf,0.204,0.0,0.796,1.0,0.204,1.05e+02,-1.04e+02,12,0.2,0.2,0.0,0.2
775,609043,3150000,Random,1535101891000,0.000984,0.00127,0.332,2.99e+04,0.000984,inf,0.204,0.0,0.796,1.0,0.204,1.05e+02,-1.04e+02,12,0.2,0.2,0.0,0.2
780,610960,3160000,Random,1535105170000,0.00133,0.00128,0.332,2.99e+04,0.000986,inf,0.204,0.0,0.796,1.0,0.204,1.04e+02,-1.03e+02,12,0.2,0.2,0.0,0.2
784,612949,3170000,Random,1535108501000,0.00145,0.00128,0.332,2.99e+04,0.000989,inf,0.204,0.0,0.796,1.0,0.204,1.04e+02,-1.03e+02,12,0.2,0.2,0.0,0.2
789,615048,3180000,Random,1535112039000,0.0016,0.00128,0.333,2.99e+04,0.000991,inf,0.204,0.0,0.796,1.0,0.204,1.04e+02,-1.03e+02,12,0.2,0.2,0.0,0.2
791,616955,3190000,Random,1535115431000,0.00153,0.00128,0.333,2.99e+04,0.000995,inf,0.203,0.0,0.797,1.0,0.203,1.04e+02,-1.03e+02,12,0.2,0.2,0.0,0.2
795,618984,3200000,Random,1535119199000,0.00158,0.00128,0.333,2.99e+04,0.000996,inf,0.204,0.0,0.796,1.0,0.204,1.04e+02,-1.03e+02,12,0.2,0.2,0.0,0.2
796,621059,3210000,Random,1535122282000,0.00146,0.00128,0.333,2.99e+04,0.000995,inf,0.203,0.0,0.797,1.0,0.203,1.04e+02,-1.03e+02,12,0.2,0.2,0.0,0.2
796,623128,3220000,Random,1535124897000,0.00132,0.00128,0.333,2.99e+04,0.000995,inf,0.203,0.0,0.797,1.0,0.203,1.04e+02,-1.03e+02,12,0.2,0.2,0.0,0.2
798,625059,3230000,Random,1535129292000,0.0013,0.00128,0.333,2.99e+04,0.000993,inf,0.203,0.0,0.797,1.0,0.203,1.04e+02,-1.03e+02,12,0.2,0.2,0.0,0.2
799,627003,3240000,Random,1535131967000,0.00124,0.00127,0.333,2.99e+04,0.000992,inf,0.203,0.0,0.797,1.0,0.203,1.04e+02,-1.03e+02,12,0.2,0.2,0.0,0.2
802,628895,3250000,Random,1535133638000,0.00126,0.00128,0.333,2.99e+04,0.000991,inf,0.203,0.0,0.797,1.0,0.203,1.04e+02,-1.03e+02,12,0.2,0.2,0.0,0.2
804,630865,3260000,Random,1535135444000,0.00124,0.00127,0.333,2.99e+04,0.000989,inf,0.204,0.0,0.796,1.0,0.204,1.04e+02,-1.03e+02,12,0.2,0.2,0.0,0.2
804,632750,3270000,Random,1535137313000,0.0,0.00127,0.332,2.99e+04,0.000987,inf,0.203,0.0,0.797,1.0,0.203,1.04e+02,-1.03e+02,12,0.2,0.2,0.0,0.2
804,634630,3280000,Random,1535139129000,0.0,0.00127,0.332,2.99e+04,0.000985,inf,0.203,0.0,0.797,1.0,0.203,1.05e+02,-1.04e+02,12,0.2,0.2,0.0,0.2
805,636625,3290000,Random,1535141925000,0.000251,0.00126,0.332,2.99e+04,0.000984,inf,0.203,0.0,0.797,1.0,0.203,1.05e+02,-1.04e+02,12,0.2,0.2,0.0,0.2
805,638522,3300000,Random,1535145393000,0.00017,0.00126,0.332,2.99e+04,0.000982,inf,0.203,0.0,0.797,1.0,0.203,1.05e+02,-1.04e+02,12,0.2,0.2,0.0,0.2
805,640464,3310000,Random,1535146905000,0.000128,0.00126,0.332,2.99e+04,0.00098,inf,0.203,0.0,0.797,1.0,0.203,1.05e+02,-1.04e+02,12,0.2,0.2,0.0,0.2
808,642557,3320000,Random,1535149024000,0.000403,0.00126,0.332,2.99e+04,0.000978,inf,0.203,0.0,0.797,1.0,0.203,1.05e+02,-1.04e+02,12,0.2,0.2,0.0,0.2
809,644671,3330000,Random,1535152500000,0.000415,0.00125,0.333,2.99e+04,0.000976,inf,0.203,0.0,0.797,1.0,0.203,1.05e+02,-1.04e+02,12,0.2,0.2,0.0,0.2
811,646655,3340000,Random,1535160796000,0.000499,0.00125,0.333,2.99e+04,0.000974,inf,0.203,0.0,0.797,1.0,0.203,1.06e+02,-1.05e+02,12,0.2,0.2,0.0,0.2
812,648698,3350000,Random,1535168832000,0.000498,0.00125,0.333,2.99e+04,0.000972,inf,0.203,0.0,0.797,1.0,0.203,1.06e+02,-1.05e+02,12,0.2,0.2,0.0,0.2
813,650801,3360000,Random,1535172157000,0.000495,0.00125,0.333,2.99e+04,0.00097,inf,0.203,0.0,0.797,1.0,0.203,1.06e+02,-1.05e+02,12,0.2,0.2,0.0,0.2
813,652703,3370000,Random,1535173960000,0.000448,0.00125,0.333,2.99e+04,0.000971,inf,0.203,0.0,0.797,1.0,0.203,1.06e+02,-1.05e+02,12,0.2,0.2,0.0,0.2
813,654725,3380000,Random,1535175396000,0.000407,0.00124,0.333,2.99e+04,0.000969,inf,0.203,0.0,0.797,1.0,0.203,1.06e+02,-1.05e+02,12,0.2,0.2,0.0,0.2
813,656680,3390000,Random,1535176564000,0.000374,0.00124,0.333,2.99e+04,0.000967,inf,0.202,0.0,0.798,1.0,0.202,1.06e+02,-1.05e+02,12,0.2,0.2,0.0,0.2
814,658705,3400000,Random,1535177703000,0.000384,0.00124,0.333,2.99e+04,0.000965,inf,0.203,0.0,0.797,1.0,0.203,1.07e+02,-1.06e+02,12,0.2,0.2,0.0,0.2
814,660819,3410000,Random,1535178757000,0.000355,0.00123,0.333,2.99e+04,0.000963,inf,0.202,0.0,0.798,1.0,0.202,1.07e+02,-1.06e+02,12,0.2,0.2,0.0,0.2
814,662718,3420000,Random,1535179708000,0.000332,0.00123,0.333,2.99e+04,0.000961,inf,0.202,0.0,0.798,1.0,0.202,1.07e+02,-1.06e+02,12,0.2,0.2,0.0,0.2
815,664810,3430000,Random,1535180614000,0.0,0.00123,0.333,2.99e+04,0.000959,inf,0.202,0.0,0.798,1.0,0.202,1.07e+02,-1.06e+02,12,0.2,0.2,0.0,0.2
817,666801,3440000,Random,1535181463000,0.000784,0.00123,0.333,2.99e+04,0.000957,inf,0.202,0.0,0.798,1.0,0.202,1.07e+02,-1.06e+02,12,0.2,0.2,0.0,0.2
818,668757,3450000,Random,1535182308000,0.000666,0.00122,0.333,2.99e+04,0.000955,inf,0.203,0.0,0.797,1.0,0.203,1.08e+02,-1.07e+02,12,0.2,0.2,0.0,0.2
820,670810,3460000,Random,1535183209000,0.000762,0.00122,0.333,2.99e+04,0.000954,inf,0.203,0.0,0.797,1.0,0.203,1.08e+02,-1.07e+02,12,0.2,0.2,0.0,0.2
822,672896,3470000,Random,1535184127000,0.00081,0.00122,0.333,2.99e+04,0.000951,inf,0.203,0.0,0.797,1.0,0.203,1.08e+02,-1.07e+02,12,0.2,0.2,0.0,0.2
822,674998,3480000,Random,1535185099000,0.000651,0.00122,0.333,2.99e+04,0.000949,inf,0.203,0.0,0.797,1.0,0.203,1.08e+02,-1.07e+02,12,0.2,0.2,0.0,0.2
824,677010,3490000,Random,1535186111000,0.000705,0.00122,0.333,2.99e+04,0.000946,inf,0.203,0.0,0.797,1.0,0.203,1.08e+02,-1.07e+02,12,0.2,0.2,0.0,0.2
824,679151,3500000,Random,1535187109000,0.000604,0.00121,0.333,2.99e+04,0.000945,inf,0.203,0.0,0.797,1.0,0.203,1.09e+02,-1.08e+02,12,0.2,0.2,0.0,0.2
826,681201,3510000,Random,1535188713000,0.000649,0.00121,0.333,2.99e+04,0.000944,inf,0.203,0.0,0.797,1.0,0.203,1.09e+02,-1.08e+02,12,0.2,0.2,0.0,0.2
826,683180,3520000,Random,1535192069000,0.000581,0.00121,0.333,2.99e+04,0.000944,inf,0.203,0.0,0.797,1.0,0.203,1.09e+02,-1.08e+02,12,0.2,0.2,0.0,0.2
831,685055,3530000,Random,1535195568000,0.000769,0.00121,0.333,2.99e+04,0.000947,inf,0.203,0.0,0.797,1.0,0.203,1.08e+02,-1.07e+02,12,0.2,0.2,0.0,0.2
837,686946,3540000,Random,1535199384000,0.000969,0.00122,0.333,2.99e+04,0.000947,inf,0.203,0.0,0.797,1.0,0.203,1.08e+02,-1.07e+02,12,0.2,0.2,0.0,0.2
842,689059,3550000,Random,1535203989000,0.00109,0.00122,0.333,2.99e+04,0.000948,inf,0.204,0.0,0.796,1.0,0.204,1.08e+02,-1.07e+02,12,0.2,0.2,0.0,0.2
846,691043,3560000,Random,1535209569000,0.00116,0.00122,0.333,2.99e+04,0.00095,inf,0.204,0.0,0.796,1.0,0.204,1.08e+02,-1.07e+02,12,0.2,0.2,0.0,0.2
849,693015,3570000,Random,1535214757000,0.00118,0.00123,0.333,2.99e+04,0.00095,inf,0.204,0.0,0.796,1.0,0.204,1.08e+02,-1.07e+02,12,0.2,0.2,0.0,0.2
852,694863,3580000,Random,1535219759000,0.00121,0.00123,0.333,2.99e+04,0.000952,inf,0.204,0.0,0.796,1.0,0.204,1.08e+02,-1.07e+02,12,0.2,0.2,0.0,0.2
855,696772,3590000,Random,1535223882000,0.00457,0.00123,0.333,2.99e+04,0.000953,inf,0.203,0.0,0.797,1.0,0.203,1.08e+02,-1.07e+02,12,0.2,0.2,0.0,0.2
856,698737,3600000,Random,1535230592000,0.000916,0.00123,0.333,2.99e+04,0.000952,inf,0.203,0.0,0.797,1.0,0.203,1.08e+02,-1.07e+02,12,0.2,0.2,0.0,0.2
856,700702,3610000,Random,1535250523000,0.000482,0.00122,0.333,2.99e+04,0.000951,inf,0.203,0.0,0.797,1.0,0.203,1.08e+02,-1.07e+02,12,0.2,0.2,0.0,0.2
859,702686,3620000,Random,1535263353000,0.000815,0.00122,0.333,2.99e+04,0.000952,inf,0.203,0.0,0.797,1.0,0.203,1.08e+02,-1.07e+02,12,0.2,0.2,0.0,0.2
862,704602,3630000,Random,1535268679000,0.0,0.00122,0.333,2.99e+04,0.000952,inf,0.203,0.0,0.797,1.0,0.203,1.08e+02,-1.07e+02,12,0.2,0.2,0.0,0.2
865,706476,3640000,Random,1535272462000,0.00116,0.00122,0.333,2.99e+04,0.000952,inf,0.203,0.0,0.797,1.0,0.203,1.08e+02,-1.07e+02,12,0.2,0.2,0.0,0.2
867,708423,3650000,Random,1535277236000,0.0011,0.00122,0.333,2.99e+04,0.000952,inf,0.203,0.0,0.797,1.0,0.203,1.08e+02,-1.07e+02,12,0.2,0.2,0.0,0.2
873,710491,3660000,Random,1535282373000,0.00167,0.00123,0.333,2.99e+04,0.00095,inf,0.204,0.0,0.796,1.0,0.204,1.08e+02,-1.07e+02,12,0.2,0.2,0.0,0.2
873,712464,3670000,Random,1535286490000,0.00128,0.00123,0.333,2.99e+04,0.00095,inf,0.204,0.0,0.796,1.0,0.204,1.08e+02,-1.07e+02,12,0.2,0.2,0.0,0.2
878,714422,3680000,Random,1535290836000,0.00152,0.00123,0.333,2.99e+04,0.000953,inf,0.204,0.0,0.796,1.0,0.204,1.08e+02,-1.07e+02,12,0.2,0.2,0.0,0.2
879,716370,3690000,Random,1535294529000,0.00136,0.00123,0.333,2.99e+04,0.000954,inf,0.203,0.0,0.797,1.0,0.203,1.08e+02,-1.07e+02,12,0.2,0.2,0.0,0.2
882,718330,3700000,Random,1535298014000,0.00139,0.00123,0.333,2.99e+04,0.000955,inf,0.203,0.0,0.797,1.0,0.203,1.08e+02,-1.07e+02,12,0.2,0.2,0.0,0.2
885,720308,3710000,Random,1535301515000,0.0014,0.00123,0.333,2.99e+04,0.000954,inf,0.203,0.0,0.797,1.0,0.203,1.08e+02,-1.07e+02,12,0.2,0.2,0.0,0.2
890,722202,3720000,Random,1535305829000,0.00153,0.00123,0.333,2.99e+04,0.000954,inf,0.204,0.0,0.796,1.0,0.204,1.08e+02,-1.07e+02,12,0.2,0.2,0.0,0.2
892,724207,3730000,Random,1535311025000,0.0,0.00123,0.333,2.99e+04,0.000954,inf,0.204,0.0,0.796,1.0,0.204,1.08e+02,-1.07e+02,12,0.2,0.2,0.0,0.2
892,725961,3740000,Random,1535315945000,0.0,0.00123,0.333,2.99e+04,0.000952,inf,0.204,0.0,0.796,1.0,0.204,1.08e+02,-1.07e+02,12,0.2,0.2,0.0,0.2
893,727904,3750000,Random,1535323124000,0.000242,0.00123,0.333,2.99e+04,0.000951,inf,0.204,0.0,0.796,1.0,0.204,1.08e+02,-1.07e+02,12,0.2,0.2,0.0,0.2
896,729928,3760000,Random,1535341992000,0.000649,0.00123,0.333,2.99e+04,0.00095,inf,0.204,0.0,0.796,1.0,0.204,1.08e+02,-1.07e+02,12,0.2,0.2,0.0,0.2
896,731932,3770000,Random,1535346403000,0.00049,0.00122,0.333,2.99e+04,0.000949,inf,0.204,0.0,0.796,1.0,0.204,1.08e+02,-1.07e+02,12,0.2,0.2,0.0,0.2
897,733847,3780000,Random,1535349400000,0.000496,0.00122,0.332,2.99e+04,0.000947,inf,0.204,0.0,0.796,1.0,0.204,1.08e+02,-1.07e+02,12,0.2,0.2,0.0,0.2
898,735829,3790000,Random,1535351799000,0.000497,0.00122,0.332,2.99e+04,0.000948,inf,0.203,0.0,0.797,1.0,0.203,1.08e+02,-1.07e+02,12,0.2,0.2,0.0,0.2
898,737791,3800000,Random,1535353793000,0.0,0.00122,0.332,2.99e+04,0.000946,inf,0.203,0.0,0.797,1.0,0.203,1.08e+02,-1.07e+02,12,0.2,0.2,0.0,0.2
899,739778,3810000,Random,1535355870000,0.000379,0.00122,0.332,2.99e+04,0.000944,inf,0.203,0.0,0.797,1.0,0.203,1.09e+02,-1.08e+02,12,0.2,0.2,0.0,0.2
901,741794,3820000,Random,1535358146000,0.000645,0.00121,0.332,2.99e+04,0.000943,inf,0.203,0.0,0.797,1.0,0.203,1.09e+02,-1.08e+02,12,0.2,0.2,0.0,0.2
902,743776,3830000,Random,1535360491000,0.000603,0.00121,0.332,2.99e+04,0.000941,inf,0.204,0.0,0.796,1.0,0.204,1.09e+02,-1.08e+02,12,0.2,0.2,0.0,0.2
902,745817,3840000,Random,1535363614000,0.000461,0.00121,0.333,2.99e+04,0.000942,inf,0.203,0.0,0.797,1.0,0.203,1.09e+02,-1.08e+02,12,0.2,0.2,0.0,0.2
903,747796,3850000,Random,1535366074000,0.000469,0.00121,0.333,2.99e+04,0.000941,inf,0.203,0.0,0.797,1.0,0.203,1.09e+02,-1.08e+02,12,0.2,0.2,0.0,0.2
904,749723,3860000,Random,1535368335000,0.000477,0.00121,0.332,2.99e+04,0.00094,inf,0.203,0.0,0.797,1.0,0.203,1.09e+02,-1.08e+02,12,0.2,0.2,0.0,0.2
904,751699,3870000,Random,1535372323000,0.000412,0.0012,0.332,2.99e+04,0.00094,inf,0.202,0.0,0.798,1.0,0.202,1.09e+02,-1.08e+02,12,0.2,0.2,0.0,0.2
