Clicks,Impressions,CumClicks,CumImpressions,TotalImpressions,RecommendationSizePercent,Timestamp,Alpha,Method
0.0,121.0,0.0,121.0,460000.0,0.1,NA,NA,Random
2.0,1018.0,2.0,1139.0,470000.0,0.1,NA,NA,Random
4.0,1007.0,6.0,2146.0,480000.0,0.1,NA,NA,Random
4.0,986.0,10.0,3132.0,490000.0,0.1,NA,NA,Random
2.0,1045.0,12.0,4177.0,500000.0,0.1,NA,NA,Random
3.0,1072.0,15.0,5249.0,510000.0,0.1,NA,NA,Random
2.0,1010.0,17.0,6259.0,520000.0,0.1,NA,NA,Random
2.0,1033.0,19.0,7292.0,530000.0,0.1,NA,NA,Random
2.0,1024.0,21.0,8316.0,540000.0,0.1,NA,NA,Random
4.0,1055.0,25.0,9371.0,550000.0,0.1,NA,NA,Random
2.0,1066.0,27.0,10437.0,560000.0,0.1,NA,NA,Random
0.0,1007.0,27.0,11444.0,570000.0,0.1,NA,NA,Random
4.0,994.0,31.0,12438.0,580000.0,0.1,NA,NA,Random
1.0,987.0,32.0,13425.0,590000.0,0.1,NA,NA,Random
2.0,1003.0,34.0,14428.0,600000.0,0.1,NA,NA,Random
1.0,994.0,35.0,15422.0,610000.0,0.1,NA,NA,Random
1.0,1060.0,36.0,16482.0,620000.0,0.1,NA,NA,Random
3.0,993.0,39.0,17475.0,630000.0,0.1,NA,NA,Random
1.0,1018.0,40.0,18493.0,640000.0,0.1,NA,NA,Random
3.0,1014.0,43.0,19507.0,650000.0,0.1,NA,NA,Random
2.0,957.0,45.0,20464.0,660000.0,0.1,NA,NA,Random
2.0,1015.0,47.0,21479.0,670000.0,0.1,NA,NA,Random
1.0,936.0,48.0,22415.0,680000.0,0.1,NA,NA,Random
1.0,997.0,49.0,23412.0,690000.0,0.1,NA,NA,Random
1.0,1018.0,50.0,24430.0,700000.0,0.1,NA,NA,Random
2.0,1097.0,52.0,25527.0,710000.0,0.1,NA,NA,Random
2.0,961.0,54.0,26488.0,720000.0,0.1,NA,NA,Random
1.0,1016.0,55.0,27504.0,730000.0,0.1,NA,NA,Random
3.0,1038.0,58.0,28542.0,740000.0,0.1,NA,NA,Random
2.0,1129.0,60.0,29671.0,750000.0,0.1,NA,NA,Random
1.0,969.0,61.0,30640.0,760000.0,0.1,NA,NA,Random
5.0,1070.0,66.0,31710.0,770000.0,0.1,NA,NA,Random
2.0,1018.0,68.0,32728.0,780000.0,0.1,NA,NA,Random
1.0,1027.0,69.0,33755.0,790000.0,0.1,NA,NA,Random
2.0,1048.0,71.0,34803.0,800000.0,0.1,NA,NA,Random
3.0,1015.0,74.0,35818.0,810000.0,0.1,NA,NA,Random
1.0,948.0,75.0,36766.0,820000.0,0.1,NA,NA,Random
1.0,1018.0,76.0,37784.0,830000.0,0.1,NA,NA,Random
2.0,963.0,78.0,38747.0,840000.0,0.1,NA,NA,Random
3.0,1005.0,81.0,39752.0,850000.0,0.1,NA,NA,Random
1.0,1028.0,82.0,40780.0,860000.0,0.1,NA,NA,Random
2.0,1002.0,84.0,41782.0,870000.0,0.1,NA,NA,Random
2.0,984.0,86.0,42766.0,880000.0,0.1,NA,NA,Random
0.0,1027.0,86.0,43793.0,890000.0,0.1,NA,NA,Random
3.0,1034.0,89.0,44827.0,900000.0,0.1,NA,NA,Random
0.0,1053.0,89.0,45880.0,910000.0,0.1,NA,NA,Random
2.0,982.0,91.0,46862.0,920000.0,0.1,NA,NA,Random
3.0,926.0,94.0,47788.0,930000.0,0.1,NA,NA,Random
3.0,997.0,97.0,48785.0,940000.0,0.1,NA,NA,Random
1.0,990.0,98.0,49775.0,950000.0,0.1,NA,NA,Random
1.0,1029.0,99.0,50804.0,960000.0,0.1,NA,NA,Random
1.0,973.0,100.0,51777.0,970000.0,0.1,NA,NA,Random
1.0,1001.0,101.0,52778.0,980000.0,0.1,NA,NA,Random
2.0,970.0,103.0,53748.0,990000.0,0.1,NA,NA,Random
5.0,1017.0,108.0,54765.0,1000000.0,0.1,NA,NA,Random
1.0,1070.0,109.0,55835.0,1010000.0,0.1,NA,NA,Random
1.0,978.0,110.0,56813.0,1020000.0,0.1,NA,NA,Random
2.0,983.0,112.0,57796.0,1030000.0,0.1,NA,NA,Random
3.0,968.0,115.0,58764.0,1040000.0,0.1,NA,NA,Random
3.0,993.0,118.0,59757.0,1050000.0,0.1,NA,NA,Random
0.0,1005.0,118.0,60762.0,1060000.0,0.1,NA,NA,Random
1.0,944.0,119.0,61706.0,1070000.0,0.1,NA,NA,Random
0.0,920.0,119.0,62626.0,1080000.0,0.1,NA,NA,Random
0.0,985.0,119.0,63611.0,1090000.0,0.1,NA,NA,Random
0.0,988.0,119.0,64599.0,1100000.0,0.1,NA,NA,Random
0.0,936.0,119.0,65535.0,1110000.0,0.1,NA,NA,Random
3.0,952.0,122.0,66487.0,1120000.0,0.1,NA,NA,Random
3.0,946.0,125.0,67433.0,1130000.0,0.1,NA,NA,Random
1.0,943.0,126.0,68376.0,1140000.0,0.1,NA,NA,Random
1.0,994.0,127.0,69370.0,1150000.0,0.1,NA,NA,Random
3.0,993.0,130.0,70363.0,1160000.0,0.1,NA,NA,Random
0.0,978.0,130.0,71341.0,1170000.0,0.1,NA,NA,Random
1.0,997.0,131.0,72338.0,1180000.0,0.1,NA,NA,Random
0.0,957.0,131.0,73295.0,1190000.0,0.1,NA,NA,Random
0.0,983.0,131.0,74278.0,1200000.0,0.1,NA,NA,Random
1.0,997.0,132.0,75275.0,1210000.0,0.1,NA,NA,Random
1.0,990.0,133.0,76265.0,1220000.0,0.1,NA,NA,Random
1.0,938.0,134.0,77203.0,1230000.0,0.1,NA,NA,Random
1.0,999.0,135.0,78202.0,1240000.0,0.1,NA,NA,Random
2.0,986.0,137.0,79188.0,1250000.0,0.1,NA,NA,Random
0.0,1008.0,137.0,80196.0,1260000.0,0.1,NA,NA,Random
2.0,990.0,139.0,81186.0,1270000.0,0.1,NA,NA,Random
3.0,1019.0,142.0,82205.0,1280000.0,0.1,NA,NA,Random
2.0,1055.0,144.0,83260.0,1290000.0,0.1,NA,NA,Random
2.0,980.0,146.0,84240.0,1300000.0,0.1,NA,NA,Random
1.0,1015.0,147.0,85255.0,1310000.0,0.1,NA,NA,Random
2.0,975.0,149.0,86230.0,1320000.0,0.1,NA,NA,Random
1.0,1007.0,150.0,87237.0,1330000.0,0.1,NA,NA,Random
0.0,1013.0,150.0,88250.0,1340000.0,0.1,NA,NA,Random
1.0,1048.0,151.0,89298.0,1350000.0,0.1,NA,NA,Random
3.0,990.0,154.0,90288.0,1360000.0,0.1,NA,NA,Random
0.0,985.0,154.0,91273.0,1370000.0,0.1,NA,NA,Random
3.0,982.0,157.0,92255.0,1380000.0,0.1,NA,NA,Random
2.0,992.0,159.0,93247.0,1390000.0,0.1,NA,NA,Random
1.0,982.0,160.0,94229.0,1400000.0,0.1,NA,NA,Random
1.0,1001.0,161.0,95230.0,1410000.0,0.1,NA,NA,Random
1.0,989.0,162.0,96219.0,1420000.0,0.1,NA,NA,Random
0.0,957.0,162.0,97176.0,1430000.0,0.1,NA,NA,Random
0.0,997.0,162.0,98173.0,1440000.0,0.1,NA,NA,Random
4.0,978.0,166.0,99151.0,1450000.0,0.1,NA,NA,Random
2.0,984.0,168.0,100135.0,1460000.0,0.1,NA,NA,Random
0.0,985.0,168.0,101120.0,1470000.0,0.1,NA,NA,Random
4.0,1015.0,172.0,102135.0,1480000.0,0.1,NA,NA,Random
1.0,1033.0,173.0,103168.0,1490000.0,0.1,NA,NA,Random
1.0,983.0,174.0,104151.0,1500000.0,0.1,NA,NA,Random
3.0,1059.0,177.0,105210.0,1510000.0,0.1,NA,NA,Random
1.0,1046.0,178.0,106256.0,1520000.0,0.1,NA,NA,Random
1.0,996.0,179.0,107252.0,1530000.0,0.1,NA,NA,Random
1.0,998.0,180.0,108250.0,1540000.0,0.1,NA,NA,Random
3.0,988.0,183.0,109238.0,1550000.0,0.1,NA,NA,Random
0.0,1043.0,183.0,110281.0,1560000.0,0.1,NA,NA,Random
1.0,960.0,184.0,111241.0,1570000.0,0.1,NA,NA,Random
1.0,1020.0,185.0,112261.0,1580000.0,0.1,NA,NA,Random
5.0,975.0,190.0,113236.0,1590000.0,0.1,NA,NA,Random
3.0,963.0,193.0,114199.0,1600000.0,0.1,NA,NA,Random
1.0,983.0,194.0,115182.0,1610000.0,0.1,NA,NA,Random
1.0,1027.0,195.0,116209.0,1620000.0,0.1,NA,NA,Random
3.0,1018.0,198.0,117227.0,1630000.0,0.1,NA,NA,Random
1.0,1033.0,199.0,118260.0,1640000.0,0.1,NA,NA,Random
0.0,997.0,199.0,119257.0,1650000.0,0.1,NA,NA,Random
1.0,1046.0,200.0,120303.0,1660000.0,0.1,NA,NA,Random
2.0,1006.0,202.0,121309.0,1670000.0,0.1,NA,NA,Random
0.0,1068.0,202.0,122377.0,1680000.0,0.1,NA,NA,Random
1.0,1069.0,203.0,123446.0,1690000.0,0.1,NA,NA,Random
1.0,1048.0,204.0,124494.0,1700000.0,0.1,NA,NA,Random
1.0,998.0,205.0,125492.0,1710000.0,0.1,NA,NA,Random
0.0,953.0,205.0,126445.0,1720000.0,0.1,NA,NA,Random
3.0,1029.0,208.0,127474.0,1730000.0,0.1,NA,NA,Random
0.0,1039.0,208.0,128513.0,1740000.0,0.1,NA,NA,Random
3.0,994.0,211.0,129507.0,1750000.0,0.1,NA,NA,Random
4.0,1007.0,215.0,130514.0,1760000.0,0.1,NA,NA,Random
4.0,905.0,219.0,131419.0,1770000.0,0.1,NA,NA,Random
1.0,1020.0,220.0,132439.0,1780000.0,0.1,NA,NA,Random
1.0,979.0,221.0,133418.0,1790000.0,0.1,NA,NA,Random
2.0,999.0,223.0,134417.0,1800000.0,0.1,NA,NA,Random
1.0,986.0,224.0,135403.0,1810000.0,0.1,NA,NA,Random
1.0,995.0,225.0,136398.0,1820000.0,0.1,NA,NA,Random
1.0,1040.0,226.0,137438.0,1830000.0,0.1,NA,NA,Random
1.0,1042.0,227.0,138480.0,1840000.0,0.1,NA,NA,Random
3.0,1041.0,230.0,139521.0,1850000.0,0.1,NA,NA,Random
0.0,1030.0,230.0,140551.0,1860000.0,0.1,NA,NA,Random
1.0,971.0,231.0,141522.0,1870000.0,0.1,NA,NA,Random
1.0,926.0,232.0,142448.0,1880000.0,0.1,NA,NA,Random
0.0,957.0,232.0,143405.0,1890000.0,0.1,NA,NA,Random
5.0,929.0,237.0,144334.0,1900000.0,0.1,NA,NA,Random
0.0,1019.0,237.0,145353.0,1910000.0,0.1,NA,NA,Random
2.0,1059.0,239.0,146412.0,1920000.0,0.1,NA,NA,Random
0.0,1058.0,239.0,147470.0,1930000.0,0.1,NA,NA,Random
3.0,1077.0,242.0,148547.0,1940000.0,0.1,NA,NA,Random
2.0,1022.0,244.0,149569.0,1950000.0,0.1,NA,NA,Random
1.0,1043.0,245.0,150612.0,1960000.0,0.1,NA,NA,Random
3.0,1054.0,248.0,151666.0,1970000.0,0.1,NA,NA,Random
4.0,1081.0,252.0,152747.0,1980000.0,0.1,NA,NA,Random
2.0,1013.0,254.0,153760.0,1990000.0,0.1,NA,NA,Random
2.0,1036.0,256.0,154796.0,2000000.0,0.1,NA,NA,Random
2.0,976.0,258.0,155772.0,2010000.0,0.1,NA,NA,Random
2.0,1011.0,260.0,156783.0,2020000.0,0.1,NA,NA,Random
1.0,1009.0,261.0,157792.0,2030000.0,0.1,NA,NA,Random
2.0,992.0,263.0,158784.0,2040000.0,0.1,NA,NA,Random
3.0,1016.0,266.0,159800.0,2050000.0,0.1,NA,NA,Random
2.0,963.0,268.0,160763.0,2060000.0,0.1,NA,NA,Random
2.0,945.0,270.0,161708.0,2070000.0,0.1,NA,NA,Random
1.0,1027.0,271.0,162735.0,2080000.0,0.1,NA,NA,Random
2.0,975.0,273.0,163710.0,2090000.0,0.1,NA,NA,Random
1.0,936.0,274.0,164646.0,2100000.0,0.1,NA,NA,Random
0.0,966.0,274.0,165612.0,2110000.0,0.1,NA,NA,Random
2.0,1014.0,276.0,166626.0,2120000.0,0.1,NA,NA,Random
0.0,1049.0,276.0,167675.0,2130000.0,0.1,NA,NA,Random
2.0,946.0,278.0,168621.0,2140000.0,0.1,NA,NA,Random
3.0,1041.0,281.0,169662.0,2150000.0,0.1,NA,NA,Random
0.0,1020.0,281.0,170682.0,2160000.0,0.1,NA,NA,Random
2.0,1150.0,283.0,171832.0,2170000.0,0.1,NA,NA,Random
0.0,989.0,283.0,172821.0,2180000.0,0.1,NA,NA,Random
2.0,1063.0,285.0,173884.0,2190000.0,0.1,NA,NA,Random
2.0,993.0,287.0,174877.0,2200000.0,0.1,NA,NA,Random
0.0,960.0,287.0,175837.0,2210000.0,0.1,NA,NA,Random
2.0,1058.0,289.0,176895.0,2220000.0,0.1,NA,NA,Random
1.0,995.0,290.0,177890.0,2230000.0,0.1,NA,NA,Random
2.0,1009.0,292.0,178899.0,2240000.0,0.1,NA,NA,Random
1.0,1030.0,293.0,179929.0,2250000.0,0.1,NA,NA,Random
3.0,1061.0,296.0,180990.0,2260000.0,0.1,NA,NA,Random
2.0,984.0,298.0,181974.0,2270000.0,0.1,NA,NA,Random
3.0,1046.0,301.0,183020.0,2280000.0,0.1,NA,NA,Random
0.0,930.0,301.0,183950.0,2290000.0,0.1,NA,NA,Random
4.0,1043.0,305.0,184993.0,2300000.0,0.1,NA,NA,Random
7.0,968.0,312.0,185961.0,2310000.0,0.1,NA,NA,Random
1.0,1040.0,313.0,187001.0,2320000.0,0.1,NA,NA,Random
2.0,1009.0,315.0,188010.0,2330000.0,0.1,NA,NA,Random
1.0,957.0,316.0,188967.0,2340000.0,0.1,NA,NA,Random
0.0,984.0,316.0,189951.0,2350000.0,0.1,NA,NA,Random
3.0,930.0,319.0,190881.0,2360000.0,0.1,NA,NA,Random
1.0,951.0,320.0,191832.0,2370000.0,0.1,NA,NA,Random
6.0,943.0,326.0,192775.0,2380000.0,0.1,NA,NA,Random
1.0,937.0,327.0,193712.0,2390000.0,0.1,NA,NA,Random
1.0,1012.0,328.0,194724.0,2400000.0,0.1,NA,NA,Random
1.0,992.0,329.0,195716.0,2410000.0,0.1,NA,NA,Random
3.0,997.0,332.0,196713.0,2420000.0,0.1,NA,NA,Random
2.0,924.0,334.0,197637.0,2430000.0,0.1,NA,NA,Random
0.0,1059.0,334.0,198696.0,2440000.0,0.1,NA,NA,Random
1.0,983.0,335.0,199679.0,2450000.0,0.1,NA,NA,Random
1.0,992.0,336.0,200671.0,2460000.0,0.1,NA,NA,Random
0.0,962.0,336.0,201633.0,2470000.0,0.1,NA,NA,Random
1.0,1023.0,337.0,202656.0,2480000.0,0.1,NA,NA,Random
1.0,1022.0,338.0,203678.0,2490000.0,0.1,NA,NA,Random
5.0,1009.0,343.0,204687.0,2500000.0,0.1,NA,NA,Random
0.0,1017.0,343.0,205704.0,2510000.0,0.1,NA,NA,Random
2.0,993.0,345.0,206697.0,2520000.0,0.1,NA,NA,Random
2.0,944.0,347.0,207641.0,2530000.0,0.1,NA,NA,Random
4.0,945.0,351.0,208586.0,2540000.0,0.1,NA,NA,Random
0.0,1019.0,351.0,209605.0,2550000.0,0.1,NA,NA,Random
2.0,1011.0,353.0,210616.0,2560000.0,0.1,NA,NA,Random
0.0,1055.0,353.0,211671.0,2570000.0,0.1,NA,NA,Random
1.0,983.0,354.0,212654.0,2580000.0,0.1,NA,NA,Random
0.0,928.0,354.0,213582.0,2590000.0,0.1,NA,NA,Random
0.0,980.0,354.0,214562.0,2600000.0,0.1,NA,NA,Random
2.0,942.0,356.0,215504.0,2610000.0,0.1,NA,NA,Random
2.0,921.0,358.0,216425.0,2620000.0,0.1,NA,NA,Random
1.0,919.0,359.0,217344.0,2630000.0,0.1,NA,NA,Random
1.0,961.0,360.0,218305.0,2640000.0,0.1,NA,NA,Random
2.0,940.0,362.0,219245.0,2650000.0,0.1,NA,NA,Random
2.0,923.0,364.0,220168.0,2660000.0,0.1,NA,NA,Random
3.0,1028.0,367.0,221196.0,2670000.0,0.1,NA,NA,Random
3.0,1025.0,370.0,222221.0,2680000.0,0.1,NA,NA,Random
2.0,970.0,372.0,223191.0,2690000.0,0.1,NA,NA,Random
1.0,1046.0,373.0,224237.0,2700000.0,0.1,NA,NA,Random
0.0,997.0,373.0,225234.0,2710000.0,0.1,NA,NA,Random
2.0,1007.0,375.0,226241.0,2720000.0,0.1,NA,NA,Random
1.0,957.0,376.0,227198.0,2730000.0,0.1,NA,NA,Random
2.0,933.0,378.0,228131.0,2740000.0,0.1,NA,NA,Random
2.0,1010.0,380.0,229141.0,2750000.0,0.1,NA,NA,Random
3.0,972.0,383.0,230113.0,2760000.0,0.1,NA,NA,Random
0.0,1058.0,383.0,231171.0,2770000.0,0.1,NA,NA,Random
0.0,1084.0,383.0,232255.0,2780000.0,0.1,NA,NA,Random
1.0,1087.0,384.0,233342.0,2790000.0,0.1,NA,NA,Random
1.0,1011.0,385.0,234353.0,2800000.0,0.1,NA,NA,Random
2.0,978.0,387.0,235331.0,2810000.0,0.1,NA,NA,Random
2.0,1032.0,389.0,236363.0,2820000.0,0.1,NA,NA,Random
0.0,1014.0,389.0,237377.0,2830000.0,0.1,NA,NA,Random
1.0,1081.0,390.0,238458.0,2840000.0,0.1,NA,NA,Random
2.0,1045.0,392.0,239503.0,2850000.0,0.1,NA,NA,Random
0.0,1041.0,392.0,240544.0,2860000.0,0.1,NA,NA,Random
1.0,1031.0,393.0,241575.0,2870000.0,0.1,NA,NA,Random
5.0,980.0,398.0,242555.0,2880000.0,0.1,NA,NA,Random
0.0,1027.0,398.0,243582.0,2890000.0,0.1,NA,NA,Random
2.0,1000.0,400.0,244582.0,2900000.0,0.1,NA,NA,Random
1.0,978.0,401.0,245560.0,2910000.0,0.1,NA,NA,Random
3.0,975.0,404.0,246535.0,2920000.0,0.1,NA,NA,Random
0.0,1003.0,404.0,247538.0,2930000.0,0.1,NA,NA,Random
2.0,986.0,406.0,248524.0,2940000.0,0.1,NA,NA,Random
2.0,936.0,408.0,249460.0,2950000.0,0.1,NA,NA,Random
3.0,1017.0,411.0,250477.0,2960000.0,0.1,NA,NA,Random
2.0,1025.0,413.0,251502.0,2970000.0,0.1,NA,NA,Random
4.0,1070.0,417.0,252572.0,2980000.0,0.1,NA,NA,Random
1.0,1051.0,418.0,253623.0,2990000.0,0.1,NA,NA,Random
3.0,989.0,421.0,254612.0,3000000.0,0.1,NA,NA,Random
3.0,1003.0,424.0,255615.0,3010000.0,0.1,NA,NA,Random
2.0,930.0,426.0,256545.0,3020000.0,0.1,NA,NA,Random
1.0,993.0,427.0,257538.0,3030000.0,0.1,NA,NA,Random
3.0,972.0,430.0,258510.0,3040000.0,0.1,NA,NA,Random
3.0,986.0,433.0,259496.0,3050000.0,0.1,NA,NA,Random
2.0,1018.0,435.0,260514.0,3060000.0,0.1,NA,NA,Random
1.0,966.0,436.0,261480.0,3070000.0,0.1,NA,NA,Random
1.0,934.0,437.0,262414.0,3080000.0,0.1,NA,NA,Random
1.0,1002.0,438.0,263416.0,3090000.0,0.1,NA,NA,Random
0.0,979.0,438.0,264395.0,3100000.0,0.1,NA,NA,Random
1.0,1026.0,439.0,265421.0,3110000.0,0.1,NA,NA,Random
4.0,1001.0,443.0,266422.0,3120000.0,0.1,NA,NA,Random
1.0,1065.0,444.0,267487.0,3130000.0,0.1,NA,NA,Random
2.0,992.0,446.0,268479.0,3140000.0,0.1,NA,NA,Random
3.0,933.0,449.0,269412.0,3150000.0,0.1,NA,NA,Random
4.0,1071.0,453.0,270483.0,3160000.0,0.1,NA,NA,Random
1.0,967.0,454.0,271450.0,3170000.0,0.1,NA,NA,Random
1.0,1041.0,455.0,272491.0,3180000.0,0.1,NA,NA,Random
2.0,1020.0,457.0,273511.0,3190000.0,0.1,NA,NA,Random
0.0,920.0,457.0,274431.0,3200000.0,0.1,NA,NA,Random
5.0,991.0,462.0,275422.0,3210000.0,0.1,NA,NA,Random
1.0,950.0,463.0,276372.0,3220000.0,0.1,NA,NA,Random
1.0,985.0,464.0,277357.0,3230000.0,0.1,NA,NA,Random
2.0,1026.0,466.0,278383.0,3240000.0,0.1,NA,NA,Random
1.0,1058.0,467.0,279441.0,3250000.0,0.1,NA,NA,Random
0.0,962.0,467.0,280403.0,3260000.0,0.1,NA,NA,Random
2.0,962.0,469.0,281365.0,3270000.0,0.1,NA,NA,Random
0.0,1030.0,469.0,282395.0,3280000.0,0.1,NA,NA,Random
2.0,922.0,471.0,283317.0,3290000.0,0.1,NA,NA,Random
0.0,984.0,471.0,284301.0,3300000.0,0.1,NA,NA,Random
4.0,1008.0,475.0,285309.0,3310000.0,0.1,NA,NA,Random
2.0,1025.0,477.0,286334.0,3320000.0,0.1,NA,NA,Random
1.0,1022.0,478.0,287356.0,3330000.0,0.1,NA,NA,Random
3.0,996.0,481.0,288352.0,3340000.0,0.1,NA,NA,Random
4.0,937.0,485.0,289289.0,3350000.0,0.1,NA,NA,Random
1.0,966.0,486.0,290255.0,3360000.0,0.1,NA,NA,Random
0.0,980.0,486.0,291235.0,3370000.0,0.1,NA,NA,Random
2.0,980.0,488.0,292215.0,3380000.0,0.1,NA,NA,Random
3.0,1009.0,491.0,293224.0,3390000.0,0.1,NA,NA,Random
3.0,1098.0,494.0,294322.0,3400000.0,0.1,NA,NA,Random
3.0,1070.0,497.0,295392.0,3410000.0,0.1,NA,NA,Random
1.0,1024.0,498.0,296416.0,3420000.0,0.1,NA,NA,Random
3.0,1009.0,501.0,297425.0,3430000.0,0.1,NA,NA,Random
2.0,1041.0,503.0,298466.0,3440000.0,0.1,NA,NA,Random
1.0,949.0,504.0,299415.0,3450000.0,0.1,NA,NA,Random
4.0,1021.0,508.0,300436.0,3460000.0,0.1,NA,NA,Random
3.0,1043.0,511.0,301479.0,3470000.0,0.1,NA,NA,Random
1.0,1007.0,512.0,302486.0,3480000.0,0.1,NA,NA,Random
2.0,920.0,514.0,303406.0,3490000.0,0.1,NA,NA,Random
2.0,1014.0,516.0,304420.0,3500000.0,0.1,NA,NA,Random
0.0,892.0,516.0,305312.0,3510000.0,0.1,NA,NA,Random
2.0,965.0,518.0,306277.0,3520000.0,0.1,NA,NA,Random
2.0,962.0,520.0,307239.0,3530000.0,0.1,NA,NA,Random
1.0,956.0,521.0,308195.0,3540000.0,0.1,NA,NA,Random
3.0,949.0,524.0,309144.0,3550000.0,0.1,NA,NA,Random
3.0,953.0,527.0,310097.0,3560000.0,0.1,NA,NA,Random
2.0,990.0,529.0,311087.0,3570000.0,0.1,NA,NA,Random
2.0,954.0,531.0,312041.0,3580000.0,0.1,NA,NA,Random
0.0,944.0,531.0,312985.0,3590000.0,0.1,NA,NA,Random
2.0,1006.0,533.0,313991.0,3600000.0,0.1,NA,NA,Random
2.0,1035.0,535.0,315026.0,3610000.0,0.1,NA,NA,Random
1.0,1039.0,536.0,316065.0,3620000.0,0.1,NA,NA,Random
2.0,969.0,538.0,317034.0,3630000.0,0.1,NA,NA,Random
0.0,957.0,538.0,317991.0,3640000.0,0.1,NA,NA,Random
2.0,980.0,540.0,318971.0,3650000.0,0.1,NA,NA,Random
0.0,964.0,540.0,319935.0,3660000.0,0.1,NA,NA,Random
1.0,967.0,541.0,320902.0,3670000.0,0.1,NA,NA,Random
2.0,961.0,543.0,321863.0,3680000.0,0.1,NA,NA,Random
3.0,1017.0,546.0,322880.0,3690000.0,0.1,NA,NA,Random
1.0,997.0,547.0,323877.0,3700000.0,0.1,NA,NA,Random
5.0,942.0,552.0,324819.0,3710000.0,0.1,NA,NA,Random
2.0,1004.0,554.0,325823.0,3720000.0,0.1,NA,NA,Random
0.0,958.0,554.0,326781.0,3730000.0,0.1,NA,NA,Random
1.0,1035.0,555.0,327816.0,3740000.0,0.1,NA,NA,Random
1.0,955.0,556.0,328771.0,3750000.0,0.1,NA,NA,Random
3.0,1010.0,559.0,329781.0,3760000.0,0.1,NA,NA,Random
3.0,1056.0,562.0,330837.0,3770000.0,0.1,NA,NA,Random
3.0,936.0,565.0,331773.0,3780000.0,0.1,NA,NA,Random
1.0,1018.0,566.0,332791.0,3790000.0,0.1,NA,NA,Random
1.0,963.0,567.0,333754.0,3800000.0,0.1,NA,NA,Random
3.0,994.0,570.0,334748.0,3810000.0,0.1,NA,NA,Random
3.0,966.0,573.0,335714.0,3820000.0,0.1,NA,NA,Random
0.0,990.0,573.0,336704.0,3830000.0,0.1,NA,NA,Random
2.0,946.0,575.0,337650.0,3840000.0,0.1,NA,NA,Random
1.0,971.0,576.0,338621.0,3850000.0,0.1,NA,NA,Random
4.0,1008.0,580.0,339629.0,3860000.0,0.1,NA,NA,Random
1.0,1030.0,581.0,340659.0,3870000.0,0.1,NA,NA,Random
1.0,1023.0,582.0,341682.0,3880000.0,0.1,NA,NA,Random
1.0,1068.0,583.0,342750.0,3890000.0,0.1,NA,NA,Random
1.0,967.0,584.0,343717.0,3900000.0,0.1,NA,NA,Random
2.0,961.0,586.0,344678.0,3910000.0,0.1,NA,NA,Random
5.0,1043.0,591.0,345721.0,3920000.0,0.1,NA,NA,Random
2.0,919.0,593.0,346640.0,3930000.0,0.1,NA,NA,Random
1.0,1019.0,594.0,347659.0,3940000.0,0.1,NA,NA,Random
5.0,950.0,599.0,348609.0,3950000.0,0.1,NA,NA,Random
2.0,1051.0,601.0,349660.0,3960000.0,0.1,NA,NA,Random
1.0,1020.0,602.0,350680.0,3970000.0,0.1,NA,NA,Random
1.0,1026.0,603.0,351706.0,3980000.0,0.1,NA,NA,Random
1.0,920.0,604.0,352626.0,3990000.0,0.1,NA,NA,Random
0.0,1009.0,604.0,353635.0,4000000.0,0.1,NA,NA,Random
0.0,968.0,604.0,354603.0,4010000.0,0.1,NA,NA,Random
1.0,1000.0,605.0,355603.0,4020000.0,0.1,NA,NA,Random
1.0,960.0,606.0,356563.0,4030000.0,0.1,NA,NA,Random
3.0,952.0,609.0,357515.0,4040000.0,0.1,NA,NA,Random
2.0,912.0,611.0,358427.0,4050000.0,0.1,NA,NA,Random
3.0,986.0,614.0,359413.0,4060000.0,0.1,NA,NA,Random
1.0,1031.0,615.0,360444.0,4070000.0,0.1,NA,NA,Random
0.0,955.0,615.0,361399.0,4080000.0,0.1,NA,NA,Random
1.0,977.0,616.0,362376.0,4090000.0,0.1,NA,NA,Random
2.0,897.0,618.0,363273.0,4100000.0,0.1,NA,NA,Random
3.0,937.0,621.0,364210.0,4110000.0,0.1,NA,NA,Random
2.0,964.0,623.0,365174.0,4120000.0,0.1,NA,NA,Random
3.0,877.0,626.0,366051.0,4130000.0,0.1,NA,NA,Random
0.0,950.0,626.0,367001.0,4140000.0,0.1,NA,NA,Random
3.0,964.0,629.0,367965.0,4150000.0,0.1,NA,NA,Random
1.0,963.0,630.0,368928.0,4160000.0,0.1,NA,NA,Random
0.0,1017.0,630.0,369945.0,4170000.0,0.1,NA,NA,Random
1.0,1030.0,631.0,370975.0,4180000.0,0.1,NA,NA,Random
1.0,1034.0,632.0,372009.0,4190000.0,0.1,NA,NA,Random
2.0,1054.0,634.0,373063.0,4200000.0,0.1,NA,NA,Random
1.0,1016.0,635.0,374079.0,4210000.0,0.1,NA,NA,Random
3.0,1095.0,638.0,375174.0,4220000.0,0.1,NA,NA,Random
4.0,1043.0,642.0,376217.0,4230000.0,0.1,NA,NA,Random
1.0,986.0,643.0,377203.0,4240000.0,0.1,NA,NA,Random
2.0,1105.0,645.0,378308.0,4250000.0,0.1,NA,NA,Random
2.0,1020.0,647.0,379328.0,4260000.0,0.1,NA,NA,Random
2.0,1053.0,649.0,380381.0,4270000.0,0.1,NA,NA,Random
1.0,1070.0,650.0,381451.0,4280000.0,0.1,NA,NA,Random
3.0,988.0,653.0,382439.0,4290000.0,0.1,NA,NA,Random
2.0,937.0,655.0,383376.0,4300000.0,0.1,NA,NA,Random
0.0,1041.0,655.0,384417.0,4310000.0,0.1,NA,NA,Random
1.0,1043.0,656.0,385460.0,4320000.0,0.1,NA,NA,Random
0.0,999.0,656.0,386459.0,4330000.0,0.1,NA,NA,Random
2.0,1017.0,658.0,387476.0,4340000.0,0.1,NA,NA,Random
3.0,1061.0,661.0,388537.0,4350000.0,0.1,NA,NA,Random
1.0,947.0,662.0,389484.0,4360000.0,0.1,NA,NA,Random
1.0,1051.0,663.0,390535.0,4370000.0,0.1,NA,NA,Random
3.0,1091.0,666.0,391626.0,4380000.0,0.1,NA,NA,Random
3.0,998.0,669.0,392624.0,4390000.0,0.1,NA,NA,Random
3.0,1007.0,672.0,393631.0,4400000.0,0.1,NA,NA,Random
3.0,1024.0,675.0,394655.0,4410000.0,0.1,NA,NA,Random
0.0,1013.0,675.0,395668.0,4420000.0,0.1,NA,NA,Random
1.0,1060.0,676.0,396728.0,4430000.0,0.1,NA,NA,Random
1.0,997.0,677.0,397725.0,4440000.0,0.1,NA,NA,Random
1.0,1053.0,678.0,398778.0,4450000.0,0.1,NA,NA,Random
3.0,1051.0,681.0,399829.0,4460000.0,0.1,NA,NA,Random
1.0,960.0,682.0,400789.0,4470000.0,0.1,NA,NA,Random
4.0,956.0,686.0,401745.0,4480000.0,0.1,NA,NA,Random
1.0,963.0,687.0,402708.0,4490000.0,0.1,NA,NA,Random
0.0,1000.0,687.0,403708.0,4500000.0,0.1,NA,NA,Random
4.0,1004.0,691.0,404712.0,4510000.0,0.1,NA,NA,Random
0.0,919.0,691.0,405631.0,4520000.0,0.1,NA,NA,Random
3.0,937.0,694.0,406568.0,4530000.0,0.1,NA,NA,Random
1.0,1011.0,695.0,407579.0,4540000.0,0.1,NA,NA,Random
3.0,928.0,698.0,408507.0,4550000.0,0.1,NA,NA,Random
1.0,953.0,699.0,409460.0,4560000.0,0.1,NA,NA,Random
2.0,1011.0,701.0,410471.0,4570000.0,0.1,NA,NA,Random
1.0,910.0,702.0,411381.0,4580000.0,0.1,NA,NA,Random
0.0,986.0,702.0,412367.0,4590000.0,0.1,NA,NA,Random
2.0,935.0,704.0,413302.0,4600000.0,0.1,NA,NA,Random
1.0,978.0,705.0,414280.0,4610000.0,0.1,NA,NA,Random
3.0,901.0,708.0,415181.0,4620000.0,0.1,NA,NA,Random
2.0,976.0,710.0,416157.0,4630000.0,0.1,NA,NA,Random
0.0,980.0,710.0,417137.0,4640000.0,0.1,NA,NA,Random
2.0,941.0,712.0,418078.0,4650000.0,0.1,NA,NA,Random
2.0,965.0,714.0,419043.0,4660000.0,0.1,NA,NA,Random
1.0,966.0,715.0,420009.0,4670000.0,0.1,NA,NA,Random
1.0,977.0,716.0,420986.0,4680000.0,0.1,NA,NA,Random
1.0,1042.0,717.0,422028.0,4690000.0,0.1,NA,NA,Random
0.0,1017.0,717.0,423045.0,4700000.0,0.1,NA,NA,Random
0.0,999.0,717.0,424044.0,4710000.0,0.1,NA,NA,Random
2.0,974.0,719.0,425018.0,4720000.0,0.1,NA,NA,Random
3.0,947.0,722.0,425965.0,4730000.0,0.1,NA,NA,Random
1.0,1062.0,723.0,427027.0,4740000.0,0.1,NA,NA,Random
0.0,946.0,723.0,427973.0,4750000.0,0.1,NA,NA,Random
0.0,1044.0,723.0,429017.0,4760000.0,0.1,NA,NA,Random
1.0,981.0,724.0,429998.0,4770000.0,0.1,NA,NA,Random
3.0,983.0,727.0,430981.0,4780000.0,0.1,NA,NA,Random
0.0,1007.0,727.0,431988.0,4790000.0,0.1,NA,NA,Random
2.0,1012.0,729.0,433000.0,4800000.0,0.1,NA,NA,Random
3.0,1028.0,732.0,434028.0,4810000.0,0.1,NA,NA,Random
2.0,938.0,734.0,434966.0,4820000.0,0.1,NA,NA,Random
3.0,988.0,737.0,435954.0,4830000.0,0.1,NA,NA,Random
0.0,1004.0,737.0,436958.0,4840000.0,0.1,NA,NA,Random
1.0,1018.0,738.0,437976.0,4850000.0,0.1,NA,NA,Random
1.0,1042.0,739.0,439018.0,4860000.0,0.1,NA,NA,Random
0.0,931.0,739.0,439949.0,4870000.0,0.1,NA,NA,Random
2.0,1027.0,741.0,440976.0,4880000.0,0.1,NA,NA,Random
5.0,949.0,746.0,441925.0,4890000.0,0.1,NA,NA,Random
2.0,973.0,748.0,442898.0,4900000.0,0.1,NA,NA,Random
2.0,958.0,750.0,443856.0,4910000.0,0.1,NA,NA,Random
4.0,942.0,754.0,444798.0,4920000.0,0.1,NA,NA,Random
1.0,971.0,755.0,445769.0,4930000.0,0.1,NA,NA,Random
2.0,983.0,757.0,446752.0,4940000.0,0.1,NA,NA,Random
2.0,1021.0,759.0,447773.0,4950000.0,0.1,NA,NA,Random
2.0,1032.0,761.0,448805.0,4960000.0,0.1,NA,NA,Random
1.0,1012.0,762.0,449817.0,4970000.0,0.1,NA,NA,Random
2.0,986.0,764.0,450803.0,4980000.0,0.1,NA,NA,Random
1.0,956.0,765.0,451759.0,4990000.0,0.1,NA,NA,Random
1.0,1065.0,766.0,452824.0,5000000.0,0.1,NA,NA,Random
2.0,975.0,768.0,453799.0,5010000.0,0.1,NA,NA,Random
2.0,980.0,770.0,454779.0,5020000.0,0.1,NA,NA,Random
1.0,972.0,771.0,455751.0,5030000.0,0.1,NA,NA,Random
3.0,990.0,774.0,456741.0,5040000.0,0.1,NA,NA,Random
4.0,969.0,778.0,457710.0,5050000.0,0.1,NA,NA,Random
2.0,948.0,780.0,458658.0,5060000.0,0.1,NA,NA,Random
4.0,952.0,784.0,459610.0,5070000.0,0.1,NA,NA,Random
2.0,1027.0,786.0,460637.0,5080000.0,0.1,NA,NA,Random
4.0,1031.0,790.0,461668.0,5090000.0,0.1,NA,NA,Random
2.0,955.0,792.0,462623.0,5100000.0,0.1,NA,NA,Random
4.0,994.0,796.0,463617.0,5110000.0,0.1,NA,NA,Random
2.0,1001.0,798.0,464618.0,5120000.0,0.1,NA,NA,Random
2.0,936.0,800.0,465554.0,5130000.0,0.1,NA,NA,Random
2.0,940.0,802.0,466494.0,5140000.0,0.1,NA,NA,Random
1.0,982.0,803.0,467476.0,5150000.0,0.1,NA,NA,Random
0.0,987.0,803.0,468463.0,5160000.0,0.1,NA,NA,Random
1.0,980.0,804.0,469443.0,5170000.0,0.1,NA,NA,Random
2.0,1035.0,806.0,470478.0,5180000.0,0.1,NA,NA,Random
2.0,1037.0,808.0,471515.0,5190000.0,0.1,NA,NA,Random
5.0,1054.0,813.0,472569.0,5200000.0,0.1,NA,NA,Random
2.0,1025.0,815.0,473594.0,5210000.0,0.1,NA,NA,Random
0.0,1054.0,815.0,474648.0,5220000.0,0.1,NA,NA,Random
0.0,1085.0,815.0,475733.0,5230000.0,0.1,NA,NA,Random
3.0,996.0,818.0,476729.0,5240000.0,0.1,NA,NA,Random
1.0,985.0,819.0,477714.0,5250000.0,0.1,NA,NA,Random
1.0,982.0,820.0,478696.0,5260000.0,0.1,NA,NA,Random
1.0,1041.0,821.0,479737.0,5270000.0,0.1,NA,NA,Random
2.0,1057.0,823.0,480794.0,5280000.0,0.1,NA,NA,Random
1.0,1021.0,824.0,481815.0,5290000.0,0.1,NA,NA,Random
2.0,1019.0,826.0,482834.0,5300000.0,0.1,NA,NA,Random
2.0,1043.0,828.0,483877.0,5310000.0,0.1,NA,NA,Random
0.0,1056.0,828.0,484933.0,5320000.0,0.1,NA,NA,Random
2.0,1049.0,830.0,485982.0,5330000.0,0.1,NA,NA,Random
3.0,1032.0,833.0,487014.0,5340000.0,0.1,NA,NA,Random
0.0,1032.0,833.0,488046.0,5350000.0,0.1,NA,NA,Random
2.0,1063.0,835.0,489109.0,5360000.0,0.1,NA,NA,Random
0.0,1070.0,835.0,490179.0,5370000.0,0.1,NA,NA,Random
3.0,997.0,838.0,491176.0,5380000.0,0.1,NA,NA,Random
2.0,1044.0,840.0,492220.0,5390000.0,0.1,NA,NA,Random
4.0,1071.0,844.0,493291.0,5400000.0,0.1,NA,NA,Random
2.0,961.0,846.0,494252.0,5410000.0,0.1,NA,NA,Random
2.0,959.0,848.0,495211.0,5420000.0,0.1,NA,NA,Random
1.0,980.0,849.0,496191.0,5430000.0,0.1,NA,NA,Random
1.0,1052.0,850.0,497243.0,5440000.0,0.1,NA,NA,Random
4.0,1027.0,854.0,498270.0,5450000.0,0.1,NA,NA,Random
6.0,1044.0,860.0,499314.0,5460000.0,0.1,NA,NA,Random
1.0,1011.0,861.0,500325.0,5470000.0,0.1,NA,NA,Random
4.0,936.0,865.0,501261.0,5480000.0,0.1,NA,NA,Random
3.0,1010.0,868.0,502271.0,5490000.0,0.1,NA,NA,Random
1.0,1002.0,869.0,503273.0,5500000.0,0.1,NA,NA,Random
0.0,999.0,869.0,504272.0,5510000.0,0.1,NA,NA,Random
1.0,928.0,870.0,505200.0,5520000.0,0.1,NA,NA,Random
2.0,996.0,872.0,506196.0,5530000.0,0.1,NA,NA,Random
1.0,1059.0,873.0,507255.0,5540000.0,0.1,NA,NA,Random
4.0,1008.0,877.0,508263.0,5550000.0,0.1,NA,NA,Random
0.0,948.0,877.0,509211.0,5560000.0,0.1,NA,NA,Random
2.0,950.0,879.0,510161.0,5570000.0,0.1,NA,NA,Random
2.0,991.0,881.0,511152.0,5580000.0,0.1,NA,NA,Random
1.0,990.0,882.0,512142.0,5590000.0,0.1,NA,NA,Random
2.0,990.0,884.0,513132.0,5600000.0,0.1,NA,NA,Random
1.0,977.0,885.0,514109.0,5610000.0,0.1,NA,NA,Random
0.0,1011.0,885.0,515120.0,5620000.0,0.1,NA,NA,Random
0.0,1014.0,885.0,516134.0,5630000.0,0.1,NA,NA,Random
0.0,1021.0,885.0,517155.0,5640000.0,0.1,NA,NA,Random
6.0,984.0,891.0,518139.0,5650000.0,0.1,NA,NA,Random
3.0,930.0,894.0,519069.0,5660000.0,0.1,NA,NA,Random
2.0,1007.0,896.0,520076.0,5670000.0,0.1,NA,NA,Random
0.0,1036.0,896.0,521112.0,5680000.0,0.1,NA,NA,Random
3.0,936.0,899.0,522048.0,5690000.0,0.1,NA,NA,Random
0.0,823.0,899.0,522871.0,5700000.0,0.1,NA,NA,Random
0.0,975.0,899.0,523846.0,5710000.0,0.1,NA,NA,Random
1.0,1002.0,900.0,524848.0,5720000.0,0.1,NA,NA,Random
6.0,952.0,906.0,525800.0,5730000.0,0.1,NA,NA,Random
2.0,942.0,908.0,526742.0,5740000.0,0.1,NA,NA,Random
2.0,1069.0,910.0,527811.0,5750000.0,0.1,NA,NA,Random
2.0,1059.0,912.0,528870.0,5760000.0,0.1,NA,NA,Random
3.0,1084.0,915.0,529954.0,5770000.0,0.1,NA,NA,Random
1.0,945.0,916.0,530899.0,5780000.0,0.1,NA,NA,Random
0.0,1037.0,916.0,531936.0,5790000.0,0.1,NA,NA,Random
0.0,1010.0,916.0,532946.0,5800000.0,0.1,NA,NA,Random
3.0,973.0,919.0,533919.0,5810000.0,0.1,NA,NA,Random
5.0,964.0,924.0,534883.0,5820000.0,0.1,NA,NA,Random
1.0,1079.0,925.0,535962.0,5830000.0,0.1,NA,NA,Random
1.0,973.0,926.0,536935.0,5840000.0,0.1,NA,NA,Random
4.0,967.0,930.0,537902.0,5850000.0,0.1,NA,NA,Random
4.0,970.0,934.0,538872.0,5860000.0,0.1,NA,NA,Random
1.0,938.0,935.0,539810.0,5870000.0,0.1,NA,NA,Random
0.0,945.0,935.0,540755.0,5880000.0,0.1,NA,NA,Random
2.0,1009.0,937.0,541764.0,5890000.0,0.1,NA,NA,Random
4.0,1019.0,941.0,542783.0,5900000.0,0.1,NA,NA,Random
0.0,1019.0,941.0,543802.0,5910000.0,0.1,NA,NA,Random
0.0,1002.0,941.0,544804.0,5920000.0,0.1,NA,NA,Random
1.0,1042.0,942.0,545846.0,5930000.0,0.1,NA,NA,Random
0.0,1019.0,942.0,546865.0,5940000.0,0.1,NA,NA,Random
1.0,1015.0,943.0,547880.0,5950000.0,0.1,NA,NA,Random
1.0,981.0,944.0,548861.0,5960000.0,0.1,NA,NA,Random
4.0,1023.0,948.0,549884.0,5970000.0,0.1,NA,NA,Random
1.0,984.0,949.0,550868.0,5980000.0,0.1,NA,NA,Random
2.0,1035.0,951.0,551903.0,5990000.0,0.1,NA,NA,Random
2.0,1034.0,953.0,552937.0,6000000.0,0.1,NA,NA,Random
3.0,897.0,956.0,553834.0,6010000.0,0.1,NA,NA,Random
0.0,951.0,956.0,554785.0,6020000.0,0.1,NA,NA,Random
1.0,1093.0,957.0,555878.0,6030000.0,0.1,NA,NA,Random
3.0,1010.0,960.0,556888.0,6040000.0,0.1,NA,NA,Random
2.0,1084.0,962.0,557972.0,6050000.0,0.1,NA,NA,Random
2.0,993.0,964.0,558965.0,6060000.0,0.1,NA,NA,Random
0.0,1027.0,964.0,559992.0,6070000.0,0.1,NA,NA,Random
2.0,1043.0,966.0,561035.0,6080000.0,0.1,NA,NA,Random
1.0,1022.0,967.0,562057.0,6090000.0,0.1,NA,NA,Random
3.0,1008.0,970.0,563065.0,6100000.0,0.1,NA,NA,Random
1.0,1047.0,971.0,564112.0,6110000.0,0.1,NA,NA,Random
3.0,1021.0,974.0,565133.0,6120000.0,0.1,NA,NA,Random
0.0,961.0,974.0,566094.0,6130000.0,0.1,NA,NA,Random
2.0,1023.0,976.0,567117.0,6140000.0,0.1,NA,NA,Random
1.0,1002.0,977.0,568119.0,6150000.0,0.1,NA,NA,Random
0.0,973.0,977.0,569092.0,6160000.0,0.1,NA,NA,Random
2.0,993.0,979.0,570085.0,6170000.0,0.1,NA,NA,Random
1.0,989.0,980.0,571074.0,6180000.0,0.1,NA,NA,Random
1.0,1001.0,981.0,572075.0,6190000.0,0.1,NA,NA,Random
1.0,929.0,982.0,573004.0,6200000.0,0.1,NA,NA,Random
0.0,1041.0,982.0,574045.0,6210000.0,0.1,NA,NA,Random
0.0,994.0,982.0,575039.0,6220000.0,0.1,NA,NA,Random
1.0,1009.0,983.0,576048.0,6230000.0,0.1,NA,NA,Random
2.0,1007.0,985.0,577055.0,6240000.0,0.1,NA,NA,Random
1.0,1013.0,986.0,578068.0,6250000.0,0.1,NA,NA,Random
2.0,1037.0,988.0,579105.0,6260000.0,0.1,NA,NA,Random
3.0,1112.0,991.0,580217.0,6270000.0,0.1,NA,NA,Random
1.0,1011.0,992.0,581228.0,6280000.0,0.1,NA,NA,Random
0.0,1014.0,992.0,582242.0,6290000.0,0.1,NA,NA,Random
5.0,1009.0,997.0,583251.0,6300000.0,0.1,NA,NA,Random
4.0,995.0,1001.0,584246.0,6310000.0,0.1,NA,NA,Random
1.0,950.0,1002.0,585196.0,6320000.0,0.1,NA,NA,Random
2.0,1003.0,1004.0,586199.0,6330000.0,0.1,NA,NA,Random
0.0,994.0,1004.0,587193.0,6340000.0,0.1,NA,NA,Random
2.0,915.0,1006.0,588108.0,6350000.0,0.1,NA,NA,Random
1.0,921.0,1007.0,589029.0,6360000.0,0.1,NA,NA,Random
2.0,977.0,1009.0,590006.0,6370000.0,0.1,NA,NA,Random
3.0,1008.0,1012.0,591014.0,6380000.0,0.1,NA,NA,Random
1.0,1052.0,1013.0,592066.0,6390000.0,0.1,NA,NA,Random
0.0,1044.0,1013.0,593110.0,6400000.0,0.1,NA,NA,Random
0.0,965.0,1013.0,594075.0,6410000.0,0.1,NA,NA,Random
0.0,946.0,1013.0,595021.0,6420000.0,0.1,NA,NA,Random
3.0,987.0,1016.0,596008.0,6430000.0,0.1,NA,NA,Random
1.0,1043.0,1017.0,597051.0,6440000.0,0.1,NA,NA,Random
0.0,954.0,1017.0,598005.0,6450000.0,0.1,NA,NA,Random
2.0,969.0,1019.0,598974.0,6460000.0,0.1,NA,NA,Random
2.0,1021.0,1021.0,599995.0,6470000.0,0.1,NA,NA,Random
5.0,994.0,1026.0,600989.0,6480000.0,0.1,NA,NA,Random
5.0,1040.0,1031.0,602029.0,6490000.0,0.1,NA,NA,Random
0.0,969.0,1031.0,602998.0,6500000.0,0.1,NA,NA,Random
0.0,979.0,1031.0,603977.0,6510000.0,0.1,NA,NA,Random
4.0,1005.0,1035.0,604982.0,6520000.0,0.1,NA,NA,Random
2.0,979.0,1037.0,605961.0,6530000.0,0.1,NA,NA,Random
0.0,1016.0,1037.0,606977.0,6540000.0,0.1,NA,NA,Random
3.0,999.0,1040.0,607976.0,6550000.0,0.1,NA,NA,Random
1.0,998.0,1041.0,608974.0,6560000.0,0.1,NA,NA,Random
5.0,1036.0,1046.0,610010.0,6570000.0,0.1,NA,NA,Random
1.0,1042.0,1047.0,611052.0,6580000.0,0.1,NA,NA,Random
0.0,1093.0,1047.0,612145.0,6590000.0,0.1,NA,NA,Random
1.0,1025.0,1048.0,613170.0,6600000.0,0.1,NA,NA,Random
1.0,1059.0,1049.0,614229.0,6610000.0,0.1,NA,NA,Random
2.0,1049.0,1051.0,615278.0,6620000.0,0.1,NA,NA,Random
2.0,971.0,1053.0,616249.0,6630000.0,0.1,NA,NA,Random
3.0,1015.0,1056.0,617264.0,6640000.0,0.1,NA,NA,Random
3.0,1027.0,1059.0,618291.0,6650000.0,0.1,NA,NA,Random
1.0,1016.0,1060.0,619307.0,6660000.0,0.1,NA,NA,Random
0.0,1010.0,1060.0,620317.0,6670000.0,0.1,NA,NA,Random
2.0,1008.0,1062.0,621325.0,6680000.0,0.1,NA,NA,Random
4.0,944.0,1066.0,622269.0,6690000.0,0.1,NA,NA,Random
2.0,1054.0,1068.0,623323.0,6700000.0,0.1,NA,NA,Random
0.0,1037.0,1068.0,624360.0,6710000.0,0.1,NA,NA,Random
1.0,1043.0,1069.0,625403.0,6720000.0,0.1,NA,NA,Random
1.0,1074.0,1070.0,626477.0,6730000.0,0.1,NA,NA,Random
2.0,1036.0,1072.0,627513.0,6740000.0,0.1,NA,NA,Random
1.0,925.0,1073.0,628438.0,6750000.0,0.1,NA,NA,Random
2.0,974.0,1075.0,629412.0,6760000.0,0.1,NA,NA,Random
6.0,1013.0,1081.0,630425.0,6770000.0,0.1,NA,NA,Random
3.0,1024.0,1084.0,631449.0,6780000.0,0.1,NA,NA,Random
0.0,1032.0,1084.0,632481.0,6790000.0,0.1,NA,NA,Random
1.0,996.0,1085.0,633477.0,6800000.0,0.1,NA,NA,Random
0.0,981.0,1085.0,634458.0,6810000.0,0.1,NA,NA,Random
0.0,889.0,1085.0,635347.0,6820000.0,0.1,NA,NA,Random
0.0,989.0,1085.0,636336.0,6830000.0,0.1,NA,NA,Random
2.0,950.0,1087.0,637286.0,6840000.0,0.1,NA,NA,Random
2.0,1015.0,1089.0,638301.0,6850000.0,0.1,NA,NA,Random
0.0,1080.0,1089.0,639381.0,6860000.0,0.1,NA,NA,Random
2.0,953.0,1091.0,640334.0,6870000.0,0.1,NA,NA,Random
1.0,1023.0,1092.0,641357.0,6880000.0,0.1,NA,NA,Random
1.0,1017.0,1093.0,642374.0,6890000.0,0.1,NA,NA,Random
4.0,1045.0,1097.0,643419.0,6900000.0,0.1,NA,NA,Random
5.0,972.0,1102.0,644391.0,6910000.0,0.1,NA,NA,Random
0.0,994.0,1102.0,645385.0,6920000.0,0.1,NA,NA,Random
3.0,1038.0,1105.0,646423.0,6930000.0,0.1,NA,NA,Random
2.0,913.0,1107.0,647336.0,6940000.0,0.1,NA,NA,Random
2.0,1063.0,1109.0,648399.0,6950000.0,0.1,NA,NA,Random
1.0,1048.0,1110.0,649447.0,6960000.0,0.1,NA,NA,Random
1.0,1053.0,1111.0,650500.0,6970000.0,0.1,NA,NA,Random
1.0,1062.0,1112.0,651562.0,6980000.0,0.1,NA,NA,Random
1.0,1053.0,1113.0,652615.0,6990000.0,0.1,NA,NA,Random
2.0,1064.0,1115.0,653679.0,7000000.0,0.1,NA,NA,Random
0.0,1015.0,1115.0,654694.0,7010000.0,0.1,NA,NA,Random
1.0,1081.0,1116.0,655775.0,7020000.0,0.1,NA,NA,Random
3.0,1059.0,1119.0,656834.0,7030000.0,0.1,NA,NA,Random
1.0,981.0,1120.0,657815.0,7040000.0,0.1,NA,NA,Random
0.0,980.0,1120.0,658795.0,7050000.0,0.1,NA,NA,Random
2.0,1016.0,1122.0,659811.0,7060000.0,0.1,NA,NA,Random
0.0,991.0,1122.0,660802.0,7070000.0,0.1,NA,NA,Random
1.0,1014.0,1123.0,661816.0,7080000.0,0.1,NA,NA,Random
3.0,1001.0,1126.0,662817.0,7090000.0,0.1,NA,NA,Random
0.0,1025.0,1126.0,663842.0,7100000.0,0.1,NA,NA,Random
3.0,959.0,1129.0,664801.0,7110000.0,0.1,NA,NA,Random
2.0,1043.0,1131.0,665844.0,7120000.0,0.1,NA,NA,Random
2.0,1012.0,1133.0,666856.0,7130000.0,0.1,NA,NA,Random
3.0,1039.0,1136.0,667895.0,7140000.0,0.1,NA,NA,Random
0.0,906.0,1136.0,668801.0,7150000.0,0.1,NA,NA,Random
4.0,1029.0,1140.0,669830.0,7160000.0,0.1,NA,NA,Random
2.0,985.0,1142.0,670815.0,7170000.0,0.1,NA,NA,Random
2.0,1043.0,1144.0,671858.0,7180000.0,0.1,NA,NA,Random
1.0,978.0,1145.0,672836.0,7190000.0,0.1,NA,NA,Random
3.0,982.0,1148.0,673818.0,7200000.0,0.1,NA,NA,Random
1.0,991.0,1149.0,674809.0,7210000.0,0.1,NA,NA,Random
2.0,965.0,1151.0,675774.0,7220000.0,0.1,NA,NA,Random
1.0,987.0,1152.0,676761.0,7230000.0,0.1,NA,NA,Random
2.0,988.0,1154.0,677749.0,7240000.0,0.1,NA,NA,Random
0.0,1008.0,1154.0,678757.0,7250000.0,0.1,NA,NA,Random
2.0,1052.0,1156.0,679809.0,7260000.0,0.1,NA,NA,Random
1.0,1010.0,1157.0,680819.0,7270000.0,0.1,NA,NA,Random
6.0,1042.0,1163.0,681861.0,7280000.0,0.1,NA,NA,Random
1.0,1023.0,1164.0,682884.0,7290000.0,0.1,NA,NA,Random
1.0,964.0,1165.0,683848.0,7300000.0,0.1,NA,NA,Random
1.0,1007.0,1166.0,684855.0,7310000.0,0.1,NA,NA,Random
1.0,1019.0,1167.0,685874.0,7320000.0,0.1,NA,NA,Random
1.0,986.0,1168.0,686860.0,7330000.0,0.1,NA,NA,Random
1.0,953.0,1169.0,687813.0,7340000.0,0.1,NA,NA,Random
1.0,1050.0,1170.0,688863.0,7350000.0,0.1,NA,NA,Random
0.0,1025.0,1170.0,689888.0,7360000.0,0.1,NA,NA,Random
1.0,989.0,1171.0,690877.0,7370000.0,0.1,NA,NA,Random
0.0,1028.0,1171.0,691905.0,7380000.0,0.1,NA,NA,Random
1.0,1064.0,1172.0,692969.0,7390000.0,0.1,NA,NA,Random
2.0,1001.0,1174.0,693970.0,7400000.0,0.1,NA,NA,Random
2.0,966.0,1176.0,694936.0,7410000.0,0.1,NA,NA,Random
0.0,998.0,1176.0,695934.0,7420000.0,0.1,NA,NA,Random
5.0,1018.0,1181.0,696952.0,7430000.0,0.1,NA,NA,Random
2.0,968.0,1183.0,697920.0,7440000.0,0.1,NA,NA,Random
2.0,968.0,1185.0,698888.0,7450000.0,0.1,NA,NA,Random
0.0,985.0,1185.0,699873.0,7460000.0,0.1,NA,NA,Random
2.0,973.0,1187.0,700846.0,7470000.0,0.1,NA,NA,Random
1.0,911.0,1188.0,701757.0,7480000.0,0.1,NA,NA,Random
0.0,994.0,1188.0,702751.0,7490000.0,0.1,NA,NA,Random
3.0,964.0,1191.0,703715.0,7500000.0,0.1,NA,NA,Random
1.0,931.0,1192.0,704646.0,7510000.0,0.1,NA,NA,Random
1.0,969.0,1193.0,705615.0,7520000.0,0.1,NA,NA,Random
0.0,962.0,1193.0,706577.0,7530000.0,0.1,NA,NA,Random
1.0,1005.0,1194.0,707582.0,7540000.0,0.1,NA,NA,Random
1.0,1085.0,1195.0,708667.0,7550000.0,0.1,NA,NA,Random
0.0,1069.0,1195.0,709736.0,7560000.0,0.1,NA,NA,Random
1.0,1035.0,1196.0,710771.0,7570000.0,0.1,NA,NA,Random
5.0,1032.0,1201.0,711803.0,7580000.0,0.1,NA,NA,Random
1.0,1030.0,1202.0,712833.0,7590000.0,0.1,NA,NA,Random
4.0,1024.0,1206.0,713857.0,7600000.0,0.1,NA,NA,Random
1.0,987.0,1207.0,714844.0,7610000.0,0.1,NA,NA,Random
0.0,966.0,1207.0,715810.0,7620000.0,0.1,NA,NA,Random
0.0,992.0,1207.0,716802.0,7630000.0,0.1,NA,NA,Random
1.0,1086.0,1208.0,717888.0,7640000.0,0.1,NA,NA,Random
2.0,1040.0,1210.0,718928.0,7650000.0,0.1,NA,NA,Random
1.0,1013.0,1211.0,719941.0,7660000.0,0.1,NA,NA,Random
1.0,948.0,1212.0,720889.0,7670000.0,0.1,NA,NA,Random
0.0,987.0,1212.0,721876.0,7680000.0,0.1,NA,NA,Random
2.0,1013.0,1214.0,722889.0,7690000.0,0.1,NA,NA,Random
2.0,947.0,1216.0,723836.0,7700000.0,0.1,NA,NA,Random
2.0,1055.0,1218.0,724891.0,7710000.0,0.1,NA,NA,Random
0.0,957.0,1218.0,725848.0,7720000.0,0.1,NA,NA,Random
2.0,1007.0,1220.0,726855.0,7730000.0,0.1,NA,NA,Random
0.0,939.0,1220.0,727794.0,7740000.0,0.1,NA,NA,Random
2.0,968.0,1222.0,728762.0,7750000.0,0.1,NA,NA,Random
1.0,1011.0,1223.0,729773.0,7760000.0,0.1,NA,NA,Random
0.0,954.0,1223.0,730727.0,7770000.0,0.1,NA,NA,Random
2.0,930.0,1225.0,731657.0,7780000.0,0.1,NA,NA,Random
2.0,1002.0,1227.0,732659.0,7790000.0,0.1,NA,NA,Random
1.0,980.0,1228.0,733639.0,7800000.0,0.1,NA,NA,Random
0.0,1004.0,1228.0,734643.0,7810000.0,0.1,NA,NA,Random
1.0,995.0,1229.0,735638.0,7820000.0,0.1,NA,NA,Random
0.0,983.0,1229.0,736621.0,7830000.0,0.1,NA,NA,Random
2.0,1050.0,1231.0,737671.0,7840000.0,0.1,NA,NA,Random
3.0,1047.0,1234.0,738718.0,7850000.0,0.1,NA,NA,Random
1.0,1022.0,1235.0,739740.0,7860000.0,0.1,NA,NA,Random
0.0,975.0,1235.0,740715.0,7870000.0,0.1,NA,NA,Random
1.0,966.0,1236.0,741681.0,7880000.0,0.1,NA,NA,Random
2.0,1011.0,1238.0,742692.0,7890000.0,0.1,NA,NA,Random
1.0,990.0,1239.0,743682.0,7900000.0,0.1,NA,NA,Random
0.0,942.0,1239.0,744624.0,7910000.0,0.1,NA,NA,Random
0.0,930.0,1239.0,745554.0,7920000.0,0.1,NA,NA,Random
2.0,935.0,1241.0,746489.0,7930000.0,0.1,NA,NA,Random
0.0,975.0,1241.0,747464.0,7940000.0,0.1,NA,NA,Random
2.0,1081.0,1243.0,748545.0,7950000.0,0.1,NA,NA,Random
0.0,956.0,1243.0,749501.0,7960000.0,0.1,NA,NA,Random
4.0,1033.0,1247.0,750534.0,7970000.0,0.1,NA,NA,Random
0.0,960.0,1247.0,751494.0,7980000.0,0.1,NA,NA,Random
3.0,1033.0,1250.0,752527.0,7990000.0,0.1,NA,NA,Random
4.0,1073.0,1254.0,753600.0,8000000.0,0.1,NA,NA,Random
2.0,994.0,1256.0,754594.0,8010000.0,0.1,NA,NA,Random
1.0,1024.0,1257.0,755618.0,8020000.0,0.1,NA,NA,Random
0.0,1007.0,1257.0,756625.0,8030000.0,0.1,NA,NA,Random
3.0,952.0,1260.0,757577.0,8040000.0,0.1,NA,NA,Random
1.0,1057.0,1261.0,758634.0,8050000.0,0.1,NA,NA,Random
0.0,1014.0,1261.0,759648.0,8060000.0,0.1,NA,NA,Random
2.0,949.0,1263.0,760597.0,8070000.0,0.1,NA,NA,Random
2.0,975.0,1265.0,761572.0,8080000.0,0.1,NA,NA,Random
2.0,1024.0,1267.0,762596.0,8090000.0,0.1,NA,NA,Random
0.0,1009.0,1267.0,763605.0,8100000.0,0.1,NA,NA,Random
3.0,1046.0,1270.0,764651.0,8110000.0,0.1,NA,NA,Random
2.0,1007.0,1272.0,765658.0,8120000.0,0.1,NA,NA,Random
2.0,954.0,1274.0,766612.0,8130000.0,0.1,NA,NA,Random
1.0,1044.0,1275.0,767656.0,8140000.0,0.1,NA,NA,Random
1.0,1050.0,1276.0,768706.0,8150000.0,0.1,NA,NA,Random
0.0,999.0,1276.0,769705.0,8160000.0,0.1,NA,NA,Random
2.0,1005.0,1278.0,770710.0,8170000.0,0.1,NA,NA,Random
0.0,1023.0,1278.0,771733.0,8180000.0,0.1,NA,NA,Random
2.0,993.0,1280.0,772726.0,8190000.0,0.1,NA,NA,Random
1.0,992.0,1281.0,773718.0,8200000.0,0.1,NA,NA,Random
2.0,1065.0,1283.0,774783.0,8210000.0,0.1,NA,NA,Random
0.0,1043.0,1283.0,775826.0,8220000.0,0.1,NA,NA,Random
1.0,918.0,1284.0,776744.0,8230000.0,0.1,NA,NA,Random
2.0,970.0,1286.0,777714.0,8240000.0,0.1,NA,NA,Random
1.0,958.0,1287.0,778672.0,8250000.0,0.1,NA,NA,Random
2.0,1024.0,1289.0,779696.0,8260000.0,0.1,NA,NA,Random
1.0,1013.0,1290.0,780709.0,8270000.0,0.1,NA,NA,Random
0.0,982.0,1290.0,781691.0,8280000.0,0.1,NA,NA,Random
0.0,917.0,1290.0,782608.0,8290000.0,0.1,NA,NA,Random
3.0,913.0,1293.0,783521.0,8300000.0,0.1,NA,NA,Random
0.0,958.0,1293.0,784479.0,8310000.0,0.1,NA,NA,Random
6.0,1030.0,1299.0,785509.0,8320000.0,0.1,NA,NA,Random
3.0,889.0,1302.0,786398.0,8330000.0,0.1,NA,NA,Random
5.0,985.0,1307.0,787383.0,8340000.0,0.1,NA,NA,Random
2.0,894.0,1309.0,788277.0,8350000.0,0.1,NA,NA,Random
0.0,1007.0,1309.0,789284.0,8360000.0,0.1,NA,NA,Random
1.0,957.0,1310.0,790241.0,8370000.0,0.1,NA,NA,Random
0.0,1061.0,1310.0,791302.0,8380000.0,0.1,NA,NA,Random
1.0,893.0,1311.0,792195.0,8390000.0,0.1,NA,NA,Random
1.0,1093.0,1312.0,793288.0,8400000.0,0.1,NA,NA,Random
1.0,999.0,1313.0,794287.0,8410000.0,0.1,NA,NA,Random
1.0,1017.0,1314.0,795304.0,8420000.0,0.1,NA,NA,Random
1.0,999.0,1315.0,796303.0,8430000.0,0.1,NA,NA,Random
1.0,1017.0,1316.0,797320.0,8440000.0,0.1,NA,NA,Random
3.0,920.0,1319.0,798240.0,8450000.0,0.1,NA,NA,Random
0.0,1109.0,1319.0,799349.0,8460000.0,0.1,NA,NA,Random
2.0,989.0,1321.0,800338.0,8470000.0,0.1,NA,NA,Random
1.0,1030.0,1322.0,801368.0,8480000.0,0.1,NA,NA,Random
0.0,1019.0,1322.0,802387.0,8490000.0,0.1,NA,NA,Random
1.0,1072.0,1323.0,803459.0,8500000.0,0.1,NA,NA,Random
0.0,1009.0,1323.0,804468.0,8510000.0,0.1,NA,NA,Random
1.0,1077.0,1324.0,805545.0,8520000.0,0.1,NA,NA,Random
0.0,1064.0,1324.0,806609.0,8530000.0,0.1,NA,NA,Random
2.0,994.0,1326.0,807603.0,8540000.0,0.1,NA,NA,Random
0.0,962.0,1326.0,808565.0,8550000.0,0.1,NA,NA,Random
1.0,1016.0,1327.0,809581.0,8560000.0,0.1,NA,NA,Random
0.0,1090.0,1327.0,810671.0,8570000.0,0.1,NA,NA,Random
2.0,1020.0,1329.0,811691.0,8580000.0,0.1,NA,NA,Random
1.0,957.0,1330.0,812648.0,8590000.0,0.1,NA,NA,Random
1.0,985.0,1331.0,813633.0,8600000.0,0.1,NA,NA,Random
0.0,1009.0,1331.0,814642.0,8610000.0,0.1,NA,NA,Random
2.0,1052.0,1333.0,815694.0,8620000.0,0.1,NA,NA,Random
0.0,1064.0,1333.0,816758.0,8630000.0,0.1,NA,NA,Random
2.0,994.0,1335.0,817752.0,8640000.0,0.1,NA,NA,Random
1.0,967.0,1336.0,818719.0,8650000.0,0.1,NA,NA,Random
2.0,958.0,1338.0,819677.0,8660000.0,0.1,NA,NA,Random
4.0,994.0,1342.0,820671.0,8670000.0,0.1,NA,NA,Random
0.0,949.0,1342.0,821620.0,8680000.0,0.1,NA,NA,Random
2.0,869.0,1344.0,822489.0,8690000.0,0.1,NA,NA,Random
0.0,960.0,1344.0,823449.0,8700000.0,0.1,NA,NA,Random
2.0,943.0,1346.0,824392.0,8710000.0,0.1,NA,NA,Random
1.0,961.0,1347.0,825353.0,8720000.0,0.1,NA,NA,Random
0.0,945.0,1347.0,826298.0,8730000.0,0.1,NA,NA,Random
1.0,964.0,1348.0,827262.0,8740000.0,0.1,NA,NA,Random
2.0,1007.0,1350.0,828269.0,8750000.0,0.1,NA,NA,Random
2.0,916.0,1352.0,829185.0,8760000.0,0.1,NA,NA,Random
6.0,979.0,1358.0,830164.0,8770000.0,0.1,NA,NA,Random
2.0,1001.0,1360.0,831165.0,8780000.0,0.1,NA,NA,Random
2.0,1029.0,1362.0,832194.0,8790000.0,0.1,NA,NA,Random
3.0,1016.0,1365.0,833210.0,8800000.0,0.1,NA,NA,Random
3.0,974.0,1368.0,834184.0,8810000.0,0.1,NA,NA,Random
0.0,967.0,1368.0,835151.0,8820000.0,0.1,NA,NA,Random
3.0,1057.0,1371.0,836208.0,8830000.0,0.1,NA,NA,Random
1.0,924.0,1372.0,837132.0,8840000.0,0.1,NA,NA,Random
2.0,1015.0,1374.0,838147.0,8850000.0,0.1,NA,NA,Random
2.0,981.0,1376.0,839128.0,8860000.0,0.1,NA,NA,Random
2.0,986.0,1378.0,840114.0,8870000.0,0.1,NA,NA,Random
4.0,1134.0,1382.0,841248.0,8880000.0,0.1,NA,NA,Random
2.0,1111.0,1384.0,842359.0,8890000.0,0.1,NA,NA,Random
0.0,955.0,1384.0,843314.0,8900000.0,0.1,NA,NA,Random
2.0,964.0,1386.0,844278.0,8910000.0,0.1,NA,NA,Random
3.0,1056.0,1389.0,845334.0,8920000.0,0.1,NA,NA,Random
3.0,947.0,1392.0,846281.0,8930000.0,0.1,NA,NA,Random
1.0,966.0,1393.0,847247.0,8940000.0,0.1,NA,NA,Random
0.0,1044.0,1393.0,848291.0,8950000.0,0.1,NA,NA,Random
3.0,1043.0,1396.0,849334.0,8960000.0,0.1,NA,NA,Random
1.0,987.0,1397.0,850321.0,8970000.0,0.1,NA,NA,Random
1.0,1097.0,1398.0,851418.0,8980000.0,0.1,NA,NA,Random
0.0,958.0,1398.0,852376.0,8990000.0,0.1,NA,NA,Random
4.0,1076.0,1402.0,853452.0,9000000.0,0.1,NA,NA,Random
1.0,1044.0,1403.0,854496.0,9010000.0,0.1,NA,NA,Random
1.0,1075.0,1404.0,855571.0,9020000.0,0.1,NA,NA,Random
3.0,1003.0,1407.0,856574.0,9030000.0,0.1,NA,NA,Random
0.0,1011.0,1407.0,857585.0,9040000.0,0.1,NA,NA,Random
1.0,986.0,1408.0,858571.0,9050000.0,0.1,NA,NA,Random
5.0,1080.0,1413.0,859651.0,9060000.0,0.1,NA,NA,Random
3.0,1015.0,1416.0,860666.0,9070000.0,0.1,NA,NA,Random
3.0,1015.0,1419.0,861681.0,9080000.0,0.1,NA,NA,Random
3.0,971.0,1422.0,862652.0,9090000.0,0.1,NA,NA,Random
3.0,959.0,1425.0,863611.0,9100000.0,0.1,NA,NA,Random
1.0,980.0,1426.0,864591.0,9110000.0,0.1,NA,NA,Random
6.0,927.0,1432.0,865518.0,9120000.0,0.1,NA,NA,Random
2.0,947.0,1434.0,866465.0,9130000.0,0.1,NA,NA,Random
4.0,1023.0,1438.0,867488.0,9140000.0,0.1,NA,NA,Random
0.0,1024.0,1438.0,868512.0,9150000.0,0.1,NA,NA,Random
5.0,915.0,1443.0,869427.0,9160000.0,0.1,NA,NA,Random
4.0,985.0,1447.0,870412.0,9170000.0,0.1,NA,NA,Random
3.0,947.0,1450.0,871359.0,9180000.0,0.1,NA,NA,Random
2.0,1001.0,1452.0,872360.0,9190000.0,0.1,NA,NA,Random
5.0,1058.0,1457.0,873418.0,9200000.0,0.1,NA,NA,Random
1.0,959.0,1458.0,874377.0,9210000.0,0.1,NA,NA,Random
3.0,944.0,1461.0,875321.0,9220000.0,0.1,NA,NA,Random
0.0,1043.0,1461.0,876364.0,9230000.0,0.1,NA,NA,Random
5.0,1009.0,1466.0,877373.0,9240000.0,0.1,NA,NA,Random
2.0,1039.0,1468.0,878412.0,9250000.0,0.1,NA,NA,Random
0.0,978.0,1468.0,879390.0,9260000.0,0.1,NA,NA,Random
3.0,1003.0,1471.0,880393.0,9270000.0,0.1,NA,NA,Random
1.0,937.0,1472.0,881330.0,9280000.0,0.1,NA,NA,Random
1.0,997.0,1473.0,882327.0,9290000.0,0.1,NA,NA,Random
1.0,924.0,1474.0,883251.0,9300000.0,0.1,NA,NA,Random
4.0,960.0,1478.0,884211.0,9310000.0,0.1,NA,NA,Random
1.0,925.0,1479.0,885136.0,9320000.0,0.1,NA,NA,Random
2.0,1016.0,1481.0,886152.0,9330000.0,0.1,NA,NA,Random
2.0,1038.0,1483.0,887190.0,9340000.0,0.1,NA,NA,Random
4.0,1102.0,1487.0,888292.0,9350000.0,0.1,NA,NA,Random
3.0,1044.0,1490.0,889336.0,9360000.0,0.1,NA,NA,Random
2.0,965.0,1492.0,890301.0,9370000.0,0.1,NA,NA,Random
1.0,1081.0,1493.0,891382.0,9380000.0,0.1,NA,NA,Random
2.0,1035.0,1495.0,892417.0,9390000.0,0.1,NA,NA,Random
0.0,984.0,1495.0,893401.0,9400000.0,0.1,NA,NA,Random
0.0,994.0,1495.0,894395.0,9410000.0,0.1,NA,NA,Random
2.0,1079.0,1497.0,895474.0,9420000.0,0.1,NA,NA,Random
1.0,949.0,1498.0,896423.0,9430000.0,0.1,NA,NA,Random
4.0,995.0,1502.0,897418.0,9440000.0,0.1,NA,NA,Random
0.0,1004.0,1502.0,898422.0,9450000.0,0.1,NA,NA,Random
1.0,1066.0,1503.0,899488.0,9460000.0,0.1,NA,NA,Random
1.0,1056.0,1504.0,900544.0,9470000.0,0.1,NA,NA,Random
4.0,933.0,1508.0,901477.0,9480000.0,0.1,NA,NA,Random
3.0,982.0,1511.0,902459.0,9490000.0,0.1,NA,NA,Random
1.0,1008.0,1512.0,903467.0,9500000.0,0.1,NA,NA,Random
2.0,1086.0,1514.0,904553.0,9510000.0,0.1,NA,NA,Random
1.0,998.0,1515.0,905551.0,9520000.0,0.1,NA,NA,Random
1.0,999.0,1516.0,906550.0,9530000.0,0.1,NA,NA,Random
1.0,1010.0,1517.0,907560.0,9540000.0,0.1,NA,NA,Random
4.0,1011.0,1521.0,908571.0,9550000.0,0.1,NA,NA,Random
1.0,980.0,1522.0,909551.0,9560000.0,0.1,NA,NA,Random
3.0,1019.0,1525.0,910570.0,9570000.0,0.1,NA,NA,Random
3.0,1013.0,1528.0,911583.0,9580000.0,0.1,NA,NA,Random
3.0,961.0,1531.0,912544.0,9590000.0,0.1,NA,NA,Random
2.0,1026.0,1533.0,913570.0,9600000.0,0.1,NA,NA,Random
3.0,1082.0,1536.0,914652.0,9610000.0,0.1,NA,NA,Random
3.0,1020.0,1539.0,915672.0,9620000.0,0.1,NA,NA,Random
2.0,1001.0,1541.0,916673.0,9630000.0,0.1,NA,NA,Random
4.0,1001.0,1545.0,917674.0,9640000.0,0.1,NA,NA,Random
3.0,1026.0,1548.0,918700.0,9650000.0,0.1,NA,NA,Random
4.0,1057.0,1552.0,919757.0,9660000.0,0.1,NA,NA,Random
3.0,1123.0,1555.0,920880.0,9670000.0,0.1,NA,NA,Random
2.0,1092.0,1557.0,921972.0,9680000.0,0.1,NA,NA,Random
1.0,1032.0,1558.0,923004.0,9690000.0,0.1,NA,NA,Random
3.0,1057.0,1561.0,924061.0,9700000.0,0.1,NA,NA,Random
3.0,979.0,1564.0,925040.0,9710000.0,0.1,NA,NA,Random
3.0,963.0,1567.0,926003.0,9720000.0,0.1,NA,NA,Random
0.0,953.0,1567.0,926956.0,9730000.0,0.1,NA,NA,Random
2.0,988.0,1569.0,927944.0,9740000.0,0.1,NA,NA,Random
0.0,986.0,1569.0,928930.0,9750000.0,0.1,NA,NA,Random
3.0,1054.0,1572.0,929984.0,9760000.0,0.1,NA,NA,Random
3.0,992.0,1575.0,930976.0,9770000.0,0.1,NA,NA,Random
3.0,1046.0,1578.0,932022.0,9780000.0,0.1,NA,NA,Random
1.0,986.0,1579.0,933008.0,9790000.0,0.1,NA,NA,Random
1.0,952.0,1580.0,933960.0,9800000.0,0.1,NA,NA,Random
1.0,961.0,1581.0,934921.0,9810000.0,0.1,NA,NA,Random
4.0,982.0,1585.0,935903.0,9820000.0,0.1,NA,NA,Random
1.0,1015.0,1586.0,936918.0,9830000.0,0.1,NA,NA,Random
0.0,1034.0,1586.0,937952.0,9840000.0,0.1,NA,NA,Random
0.0,1057.0,1586.0,939009.0,9850000.0,0.1,NA,NA,Random
3.0,976.0,1589.0,939985.0,9860000.0,0.1,NA,NA,Random
2.0,1005.0,1591.0,940990.0,9870000.0,0.1,NA,NA,Random
2.0,918.0,1593.0,941908.0,9880000.0,0.1,NA,NA,Random
4.0,936.0,1597.0,942844.0,9890000.0,0.1,NA,NA,Random
1.0,952.0,1598.0,943796.0,9900000.0,0.1,NA,NA,Random
1.0,884.0,1599.0,944680.0,9910000.0,0.1,NA,NA,Random
3.0,1003.0,1602.0,945683.0,9920000.0,0.1,NA,NA,Random
4.0,1033.0,1606.0,946716.0,9930000.0,0.1,NA,NA,Random
2.0,1002.0,1608.0,947718.0,9940000.0,0.1,NA,NA,Random
2.0,985.0,1610.0,948703.0,9950000.0,0.1,NA,NA,Random
2.0,982.0,1612.0,949685.0,9960000.0,0.1,NA,NA,Random
5.0,989.0,1617.0,950674.0,9970000.0,0.1,NA,NA,Random
3.0,946.0,1620.0,951620.0,9980000.0,0.1,NA,NA,Random
3.0,980.0,1623.0,952600.0,9990000.0,0.1,NA,NA,Random
3.0,1039.0,1626.0,953639.0,10000000.0,0.1,NA,NA,Random
1.0,983.0,1627.0,954622.0,10010000.0,0.1,NA,NA,Random
2.0,976.0,1629.0,955598.0,10020000.0,0.1,NA,NA,Random
3.0,1008.0,1632.0,956606.0,10030000.0,0.1,NA,NA,Random
3.0,1057.0,1635.0,957663.0,10040000.0,0.1,NA,NA,Random
5.0,1128.0,1640.0,958791.0,10050000.0,0.1,NA,NA,Random
4.0,955.0,1644.0,959746.0,10060000.0,0.1,NA,NA,Random
1.0,971.0,1645.0,960717.0,10070000.0,0.1,NA,NA,Random
3.0,1042.0,1648.0,961759.0,10080000.0,0.1,NA,NA,Random
2.0,1033.0,1650.0,962792.0,10090000.0,0.1,NA,NA,Random
1.0,907.0,1651.0,963699.0,10100000.0,0.1,NA,NA,Random
2.0,967.0,1653.0,964666.0,10110000.0,0.1,NA,NA,Random
1.0,961.0,1654.0,965627.0,10120000.0,0.1,NA,NA,Random
2.0,1003.0,1656.0,966630.0,10130000.0,0.1,NA,NA,Random
2.0,987.0,1658.0,967617.0,10140000.0,0.1,NA,NA,Random
2.0,1024.0,1660.0,968641.0,10150000.0,0.1,NA,NA,Random
1.0,1076.0,1661.0,969717.0,10160000.0,0.1,NA,NA,Random
5.0,1019.0,1666.0,970736.0,10170000.0,0.1,NA,NA,Random
1.0,999.0,1667.0,971735.0,10180000.0,0.1,NA,NA,Random
2.0,1027.0,1669.0,972762.0,10190000.0,0.1,NA,NA,Random
1.0,1043.0,1670.0,973805.0,10200000.0,0.1,NA,NA,Random
4.0,1048.0,1674.0,974853.0,10210000.0,0.1,NA,NA,Random
0.0,1029.0,1674.0,975882.0,10220000.0,0.1,NA,NA,Random
2.0,1015.0,1676.0,976897.0,10230000.0,0.1,NA,NA,Random
1.0,1028.0,1677.0,977925.0,10240000.0,0.1,NA,NA,Random
2.0,982.0,1679.0,978907.0,10250000.0,0.1,NA,NA,Random
4.0,990.0,1683.0,979897.0,10260000.0,0.1,NA,NA,Random
3.0,1015.0,1686.0,980912.0,10270000.0,0.1,NA,NA,Random
0.0,1003.0,1686.0,981915.0,10280000.0,0.1,NA,NA,Random
3.0,1034.0,1689.0,982949.0,10290000.0,0.1,NA,NA,Random
3.0,1045.0,1692.0,983994.0,10300000.0,0.1,NA,NA,Random
3.0,1023.0,1695.0,985017.0,10310000.0,0.1,NA,NA,Random
1.0,1037.0,1696.0,986054.0,10320000.0,0.1,NA,NA,Random
0.0,976.0,1696.0,987030.0,10330000.0,0.1,NA,NA,Random
2.0,1012.0,1698.0,988042.0,10340000.0,0.1,NA,NA,Random
3.0,950.0,1701.0,988992.0,10350000.0,0.1,NA,NA,Random
3.0,995.0,1704.0,989987.0,10360000.0,0.1,NA,NA,Random
4.0,1067.0,1708.0,991054.0,10370000.0,0.1,NA,NA,Random
1.0,962.0,1709.0,992016.0,10380000.0,0.1,NA,NA,Random
0.0,981.0,1709.0,992997.0,10390000.0,0.1,NA,NA,Random
2.0,1041.0,1711.0,994038.0,10400000.0,0.1,NA,NA,Random
1.0,1019.0,1712.0,995057.0,10410000.0,0.1,NA,NA,Random
3.0,907.0,1715.0,995964.0,10420000.0,0.1,NA,NA,Random
1.0,977.0,1716.0,996941.0,10430000.0,0.1,NA,NA,Random
3.0,1028.0,1719.0,997969.0,10440000.0,0.1,NA,NA,Random
2.0,1090.0,1721.0,999059.0,10450000.0,0.1,NA,NA,Random
1.0,1051.0,1722.0,1000110.0,10460000.0,0.1,NA,NA,Random
3.0,1070.0,1725.0,1001180.0,10470000.0,0.1,NA,NA,Random
2.0,1005.0,1727.0,1002185.0,10480000.0,0.1,NA,NA,Random
4.0,1080.0,1731.0,1003265.0,10490000.0,0.1,NA,NA,Random
3.0,1018.0,1734.0,1004283.0,10500000.0,0.1,NA,NA,Random
0.0,973.0,1734.0,1005256.0,10510000.0,0.1,NA,NA,Random
1.0,981.0,1735.0,1006237.0,10520000.0,0.1,NA,NA,Random
5.0,1062.0,1740.0,1007299.0,10530000.0,0.1,NA,NA,Random
5.0,1043.0,1745.0,1008342.0,10540000.0,0.1,NA,NA,Random
1.0,995.0,1746.0,1009337.0,10550000.0,0.1,NA,NA,Random
5.0,919.0,1751.0,1010256.0,10560000.0,0.1,NA,NA,Random
1.0,1028.0,1752.0,1011284.0,10570000.0,0.1,NA,NA,Random
1.0,1109.0,1753.0,1012393.0,10580000.0,0.1,NA,NA,Random
3.0,1017.0,1756.0,1013410.0,10590000.0,0.1,NA,NA,Random
1.0,950.0,1757.0,1014360.0,10600000.0,0.1,NA,NA,Random
0.0,995.0,1757.0,1015355.0,10610000.0,0.1,NA,NA,Random
5.0,966.0,1762.0,1016321.0,10620000.0,0.1,NA,NA,Random
1.0,1044.0,1763.0,1017365.0,10630000.0,0.1,NA,NA,Random
2.0,998.0,1765.0,1018363.0,10640000.0,0.1,NA,NA,Random
0.0,991.0,1765.0,1019354.0,10650000.0,0.1,NA,NA,Random
2.0,978.0,1767.0,1020332.0,10660000.0,0.1,NA,NA,Random
2.0,1054.0,1769.0,1021386.0,10670000.0,0.1,NA,NA,Random
0.0,1049.0,1769.0,1022435.0,10680000.0,0.1,NA,NA,Random
2.0,1031.0,1771.0,1023466.0,10690000.0,0.1,NA,NA,Random
4.0,1049.0,1775.0,1024515.0,10700000.0,0.1,NA,NA,Random
2.0,969.0,1777.0,1025484.0,10710000.0,0.1,NA,NA,Random
2.0,1037.0,1779.0,1026521.0,10720000.0,0.1,NA,NA,Random
2.0,964.0,1781.0,1027485.0,10730000.0,0.1,NA,NA,Random
2.0,964.0,1783.0,1028449.0,10740000.0,0.1,NA,NA,Random
1.0,972.0,1784.0,1029421.0,10750000.0,0.1,NA,NA,Random
0.0,957.0,1784.0,1030378.0,10760000.0,0.1,NA,NA,Random
4.0,934.0,1788.0,1031312.0,10770000.0,0.1,NA,NA,Random
3.0,931.0,1791.0,1032243.0,10780000.0,0.1,NA,NA,Random
1.0,999.0,1792.0,1033242.0,10790000.0,0.1,NA,NA,Random
1.0,886.0,1793.0,1034128.0,10800000.0,0.1,NA,NA,Random
4.0,1102.0,1797.0,1035230.0,10810000.0,0.1,NA,NA,Random
4.0,1113.0,1801.0,1036343.0,10820000.0,0.1,NA,NA,Random
2.0,1093.0,1803.0,1037436.0,10830000.0,0.1,NA,NA,Random
3.0,1027.0,1806.0,1038463.0,10840000.0,0.1,NA,NA,Random
2.0,1124.0,1808.0,1039587.0,10850000.0,0.1,NA,NA,Random
2.0,1004.0,1810.0,1040591.0,10860000.0,0.1,NA,NA,Random
4.0,972.0,1814.0,1041563.0,10870000.0,0.1,NA,NA,Random
4.0,1072.0,1818.0,1042635.0,10880000.0,0.1,NA,NA,Random
2.0,1105.0,1820.0,1043740.0,10890000.0,0.1,NA,NA,Random
5.0,1038.0,1825.0,1044778.0,10900000.0,0.1,NA,NA,Random
3.0,1004.0,1828.0,1045782.0,10910000.0,0.1,NA,NA,Random
1.0,1024.0,1829.0,1046806.0,10920000.0,0.1,NA,NA,Random
6.0,1017.0,1835.0,1047823.0,10930000.0,0.1,NA,NA,Random
3.0,1020.0,1838.0,1048843.0,10940000.0,0.1,NA,NA,Random
1.0,1025.0,1839.0,1049868.0,10950000.0,0.1,NA,NA,Random
2.0,995.0,1841.0,1050863.0,10960000.0,0.1,NA,NA,Random
3.0,903.0,1844.0,1051766.0,10970000.0,0.1,NA,NA,Random
3.0,957.0,1847.0,1052723.0,10980000.0,0.1,NA,NA,Random
2.0,1066.0,1849.0,1053789.0,10990000.0,0.1,NA,NA,Random
2.0,1062.0,1851.0,1054851.0,11000000.0,0.1,NA,NA,Random
4.0,1040.0,1855.0,1055891.0,11010000.0,0.1,NA,NA,Random
2.0,925.0,1857.0,1056816.0,11020000.0,0.1,NA,NA,Random
1.0,954.0,1858.0,1057770.0,11030000.0,0.1,NA,NA,Random
0.0,984.0,1858.0,1058754.0,11040000.0,0.1,NA,NA,Random
2.0,964.0,1860.0,1059718.0,11050000.0,0.1,NA,NA,Random
3.0,1042.0,1863.0,1060760.0,11060000.0,0.1,NA,NA,Random
5.0,902.0,1868.0,1061662.0,11070000.0,0.1,NA,NA,Random
0.0,1006.0,1868.0,1062668.0,11080000.0,0.1,NA,NA,Random
6.0,946.0,1874.0,1063614.0,11090000.0,0.1,NA,NA,Random
3.0,996.0,1877.0,1064610.0,11100000.0,0.1,NA,NA,Random
2.0,1071.0,1879.0,1065681.0,11110000.0,0.1,NA,NA,Random
1.0,1102.0,1880.0,1066783.0,11120000.0,0.1,NA,NA,Random
1.0,1002.0,1881.0,1067785.0,11130000.0,0.1,NA,NA,Random
1.0,1068.0,1882.0,1068853.0,11140000.0,0.1,NA,NA,Random
2.0,1012.0,1884.0,1069865.0,11150000.0,0.1,NA,NA,Random
3.0,1031.0,1887.0,1070896.0,11160000.0,0.1,NA,NA,Random
5.0,1040.0,1892.0,1071936.0,11170000.0,0.1,NA,NA,Random
2.0,1089.0,1894.0,1073025.0,11180000.0,0.1,NA,NA,Random
1.0,967.0,1895.0,1073992.0,11190000.0,0.1,NA,NA,Random
2.0,1003.0,1897.0,1074995.0,11200000.0,0.1,NA,NA,Random
1.0,1061.0,1898.0,1076056.0,11210000.0,0.1,NA,NA,Random
4.0,1006.0,1902.0,1077062.0,11220000.0,0.1,NA,NA,Random
3.0,975.0,1905.0,1078037.0,11230000.0,0.1,NA,NA,Random
1.0,1048.0,1906.0,1079085.0,11240000.0,0.1,NA,NA,Random
1.0,1023.0,1907.0,1080108.0,11250000.0,0.1,NA,NA,Random
2.0,1045.0,1909.0,1081153.0,11260000.0,0.1,NA,NA,Random
0.0,1002.0,1909.0,1082155.0,11270000.0,0.1,NA,NA,Random
0.0,979.0,1909.0,1083134.0,11280000.0,0.1,NA,NA,Random
0.0,1030.0,1909.0,1084164.0,11290000.0,0.1,NA,NA,Random
1.0,1025.0,1910.0,1085189.0,11300000.0,0.1,NA,NA,Random
3.0,976.0,1913.0,1086165.0,11310000.0,0.1,NA,NA,Random
2.0,975.0,1915.0,1087140.0,11320000.0,0.1,NA,NA,Random
5.0,935.0,1920.0,1088075.0,11330000.0,0.1,NA,NA,Random
0.0,1034.0,1920.0,1089109.0,11340000.0,0.1,NA,NA,Random
2.0,997.0,1922.0,1090106.0,11350000.0,0.1,NA,NA,Random
1.0,981.0,1923.0,1091087.0,11360000.0,0.1,NA,NA,Random
3.0,963.0,1926.0,1092050.0,11370000.0,0.1,NA,NA,Random
1.0,1047.0,1927.0,1093097.0,11380000.0,0.1,NA,NA,Random
1.0,992.0,1928.0,1094089.0,11390000.0,0.1,NA,NA,Random
2.0,935.0,1930.0,1095024.0,11400000.0,0.1,NA,NA,Random
1.0,1045.0,1931.0,1096069.0,11410000.0,0.1,NA,NA,Random
2.0,967.0,1933.0,1097036.0,11420000.0,0.1,NA,NA,Random
2.0,1026.0,1935.0,1098062.0,11430000.0,0.1,NA,NA,Random
2.0,1000.0,1937.0,1099062.0,11440000.0,0.1,NA,NA,Random
3.0,1047.0,1940.0,1100109.0,11450000.0,0.1,NA,NA,Random
2.0,975.0,1942.0,1101084.0,11460000.0,0.1,NA,NA,Random
4.0,958.0,1946.0,1102042.0,11470000.0,0.1,NA,NA,Random
3.0,917.0,1949.0,1102959.0,11480000.0,0.1,NA,NA,Random
5.0,990.0,1954.0,1103949.0,11490000.0,0.1,NA,NA,Random
1.0,1006.0,1955.0,1104955.0,11500000.0,0.1,NA,NA,Random
1.0,963.0,1956.0,1105918.0,11510000.0,0.1,NA,NA,Random
2.0,1032.0,1958.0,1106950.0,11520000.0,0.1,NA,NA,Random
2.0,986.0,1960.0,1107936.0,11530000.0,0.1,NA,NA,Random
2.0,985.0,1962.0,1108921.0,11540000.0,0.1,NA,NA,Random
2.0,990.0,1964.0,1109911.0,11550000.0,0.1,NA,NA,Random
0.0,1009.0,1964.0,1110920.0,11560000.0,0.1,NA,NA,Random
2.0,978.0,1966.0,1111898.0,11570000.0,0.1,NA,NA,Random
0.0,981.0,1966.0,1112879.0,11580000.0,0.1,NA,NA,Random
4.0,1069.0,1970.0,1113948.0,11590000.0,0.1,NA,NA,Random
0.0,998.0,1970.0,1114946.0,11600000.0,0.1,NA,NA,Random
0.0,1033.0,1970.0,1115979.0,11610000.0,0.1,NA,NA,Random
0.0,1010.0,1970.0,1116989.0,11620000.0,0.1,NA,NA,Random
4.0,1036.0,1974.0,1118025.0,11630000.0,0.1,NA,NA,Random
0.0,1047.0,1974.0,1119072.0,11640000.0,0.1,NA,NA,Random
2.0,1043.0,1976.0,1120115.0,11650000.0,0.1,NA,NA,Random
3.0,1069.0,1979.0,1121184.0,11660000.0,0.1,NA,NA,Random
5.0,1030.0,1984.0,1122214.0,11670000.0,0.1,NA,NA,Random
2.0,1022.0,1986.0,1123236.0,11680000.0,0.1,NA,NA,Random
2.0,988.0,1988.0,1124224.0,11690000.0,0.1,NA,NA,Random
3.0,975.0,1991.0,1125199.0,11700000.0,0.1,NA,NA,Random
1.0,1092.0,1992.0,1126291.0,11710000.0,0.1,NA,NA,Random
2.0,1003.0,1994.0,1127294.0,11720000.0,0.1,NA,NA,Random
0.0,949.0,1994.0,1128243.0,11730000.0,0.1,NA,NA,Random
1.0,1028.0,1995.0,1129271.0,11740000.0,0.1,NA,NA,Random
0.0,1016.0,1995.0,1130287.0,11750000.0,0.1,NA,NA,Random
3.0,997.0,1998.0,1131284.0,11760000.0,0.1,NA,NA,Random
5.0,1087.0,2003.0,1132371.0,11770000.0,0.1,NA,NA,Random
1.0,1036.0,2004.0,1133407.0,11780000.0,0.1,NA,NA,Random
0.0,1046.0,2004.0,1134453.0,11790000.0,0.1,NA,NA,Random
3.0,1039.0,2007.0,1135492.0,11800000.0,0.1,NA,NA,Random
4.0,1005.0,2011.0,1136497.0,11810000.0,0.1,NA,NA,Random
7.0,1057.0,2018.0,1137554.0,11820000.0,0.1,NA,NA,Random
1.0,936.0,2019.0,1138490.0,11830000.0,0.1,NA,NA,Random
2.0,984.0,2021.0,1139474.0,11840000.0,0.1,NA,NA,Random
1.0,975.0,2022.0,1140449.0,11850000.0,0.1,NA,NA,Random
1.0,967.0,2023.0,1141416.0,11860000.0,0.1,NA,NA,Random
3.0,1063.0,2026.0,1142479.0,11870000.0,0.1,NA,NA,Random
2.0,1008.0,2028.0,1143487.0,11880000.0,0.1,NA,NA,Random
5.0,1072.0,2033.0,1144559.0,11890000.0,0.1,NA,NA,Random
2.0,1096.0,2035.0,1145655.0,11900000.0,0.1,NA,NA,Random
4.0,995.0,2039.0,1146650.0,11910000.0,0.1,NA,NA,Random
1.0,1030.0,2040.0,1147680.0,11920000.0,0.1,NA,NA,Random
3.0,942.0,2043.0,1148622.0,11930000.0,0.1,NA,NA,Random
5.0,994.0,2048.0,1149616.0,11940000.0,0.1,NA,NA,Random
0.0,1066.0,2048.0,1150682.0,11950000.0,0.1,NA,NA,Random
2.0,1016.0,2050.0,1151698.0,11960000.0,0.1,NA,NA,Random
1.0,1078.0,2051.0,1152776.0,11970000.0,0.1,NA,NA,Random
4.0,1089.0,2055.0,1153865.0,11980000.0,0.1,NA,NA,Random
1.0,1048.0,2056.0,1154913.0,11990000.0,0.1,NA,NA,Random
0.0,941.0,2056.0,1155854.0,12000000.0,0.1,NA,NA,Random
3.0,966.0,2059.0,1156820.0,12010000.0,0.1,NA,NA,Random
2.0,997.0,2061.0,1157817.0,12020000.0,0.1,NA,NA,Random
2.0,1054.0,2063.0,1158871.0,12030000.0,0.1,NA,NA,Random
0.0,1007.0,2063.0,1159878.0,12040000.0,0.1,NA,NA,Random
2.0,1008.0,2065.0,1160886.0,12050000.0,0.1,NA,NA,Random
4.0,943.0,2069.0,1161829.0,12060000.0,0.1,NA,NA,Random
1.0,948.0,2070.0,1162777.0,12070000.0,0.1,NA,NA,Random
0.0,960.0,2070.0,1163737.0,12080000.0,0.1,NA,NA,Random
2.0,901.0,2072.0,1164638.0,12090000.0,0.1,NA,NA,Random
3.0,961.0,2075.0,1165599.0,12100000.0,0.1,NA,NA,Random
2.0,1052.0,2077.0,1166651.0,12110000.0,0.1,NA,NA,Random
0.0,956.0,2077.0,1167607.0,12120000.0,0.1,NA,NA,Random
3.0,1035.0,2080.0,1168642.0,12130000.0,0.1,NA,NA,Random
0.0,1038.0,2080.0,1169680.0,12140000.0,0.1,NA,NA,Random
2.0,1002.0,2082.0,1170682.0,12150000.0,0.1,NA,NA,Random
5.0,988.0,2087.0,1171670.0,12160000.0,0.1,NA,NA,Random
0.0,1016.0,2087.0,1172686.0,12170000.0,0.1,NA,NA,Random
6.0,981.0,2093.0,1173667.0,12180000.0,0.1,NA,NA,Random
2.0,995.0,2095.0,1174662.0,12190000.0,0.1,NA,NA,Random
1.0,1004.0,2096.0,1175666.0,12200000.0,0.1,NA,NA,Random
6.0,943.0,2102.0,1176609.0,12210000.0,0.1,NA,NA,Random
2.0,982.0,2104.0,1177591.0,12220000.0,0.1,NA,NA,Random
1.0,1073.0,2105.0,1178664.0,12230000.0,0.1,NA,NA,Random
4.0,1027.0,2109.0,1179691.0,12240000.0,0.1,NA,NA,Random
1.0,993.0,2110.0,1180684.0,12250000.0,0.1,NA,NA,Random
0.0,1032.0,2110.0,1181716.0,12260000.0,0.1,NA,NA,Random
3.0,1087.0,2113.0,1182803.0,12270000.0,0.1,NA,NA,Random
2.0,1000.0,2115.0,1183803.0,12280000.0,0.1,NA,NA,Random
1.0,917.0,2116.0,1184720.0,12290000.0,0.1,NA,NA,Random
4.0,858.0,2120.0,1185578.0,12300000.0,0.1,NA,NA,Random
2.0,980.0,2122.0,1186558.0,12310000.0,0.1,NA,NA,Random
2.0,973.0,2124.0,1187531.0,12320000.0,0.1,NA,NA,Random
1.0,1018.0,2125.0,1188549.0,12330000.0,0.1,NA,NA,Random
2.0,1042.0,2127.0,1189591.0,12340000.0,0.1,NA,NA,Random
2.0,934.0,2129.0,1190525.0,12350000.0,0.1,NA,NA,Random
1.0,1012.0,2130.0,1191537.0,12360000.0,0.1,NA,NA,Random
2.0,1065.0,2132.0,1192602.0,12370000.0,0.1,NA,NA,Random
2.0,1003.0,2134.0,1193605.0,12380000.0,0.1,NA,NA,Random
1.0,936.0,2135.0,1194541.0,12390000.0,0.1,NA,NA,Random
2.0,943.0,2137.0,1195484.0,12400000.0,0.1,NA,NA,Random
0.0,1072.0,2137.0,1196556.0,12410000.0,0.1,NA,NA,Random
2.0,1033.0,2139.0,1197589.0,12420000.0,0.1,NA,NA,Random
2.0,1013.0,2141.0,1198602.0,12430000.0,0.1,NA,NA,Random
4.0,990.0,2145.0,1199592.0,12440000.0,0.1,NA,NA,Random
2.0,948.0,2147.0,1200540.0,12450000.0,0.1,NA,NA,Random
0.0,961.0,2147.0,1201501.0,12460000.0,0.1,NA,NA,Random
6.0,1082.0,2153.0,1202583.0,12470000.0,0.1,NA,NA,Random
2.0,1012.0,2155.0,1203595.0,12480000.0,0.1,NA,NA,Random
2.0,1012.0,2157.0,1204607.0,12490000.0,0.1,NA,NA,Random
0.0,1055.0,2157.0,1205662.0,12500000.0,0.1,NA,NA,Random
3.0,1002.0,2160.0,1206664.0,12510000.0,0.1,NA,NA,Random
2.0,967.0,2162.0,1207631.0,12520000.0,0.1,NA,NA,Random
3.0,941.0,2165.0,1208572.0,12530000.0,0.1,NA,NA,Random
1.0,942.0,2166.0,1209514.0,12540000.0,0.1,NA,NA,Random
2.0,993.0,2168.0,1210507.0,12550000.0,0.1,NA,NA,Random
4.0,960.0,2172.0,1211467.0,12560000.0,0.1,NA,NA,Random
2.0,1036.0,2174.0,1212503.0,12570000.0,0.1,NA,NA,Random
1.0,980.0,2175.0,1213483.0,12580000.0,0.1,NA,NA,Random
2.0,942.0,2177.0,1214425.0,12590000.0,0.1,NA,NA,Random
5.0,959.0,2182.0,1215384.0,12600000.0,0.1,NA,NA,Random
4.0,984.0,2186.0,1216368.0,12610000.0,0.1,NA,NA,Random
0.0,942.0,2186.0,1217310.0,12620000.0,0.1,NA,NA,Random
4.0,1020.0,2190.0,1218330.0,12630000.0,0.1,NA,NA,Random
1.0,991.0,2191.0,1219321.0,12640000.0,0.1,NA,NA,Random
1.0,995.0,2192.0,1220316.0,12650000.0,0.1,NA,NA,Random
6.0,1066.0,2198.0,1221382.0,12660000.0,0.1,NA,NA,Random
3.0,1005.0,2201.0,1222387.0,12670000.0,0.1,NA,NA,Random
3.0,996.0,2204.0,1223383.0,12680000.0,0.1,NA,NA,Random
2.0,1030.0,2206.0,1224413.0,12690000.0,0.1,NA,NA,Random
2.0,1026.0,2208.0,1225439.0,12700000.0,0.1,NA,NA,Random
4.0,1067.0,2212.0,1226506.0,12710000.0,0.1,NA,NA,Random
3.0,976.0,2215.0,1227482.0,12720000.0,0.1,NA,NA,Random
2.0,1005.0,2217.0,1228487.0,12730000.0,0.1,NA,NA,Random
4.0,898.0,2221.0,1229385.0,12740000.0,0.1,NA,NA,Random
1.0,964.0,2222.0,1230349.0,12750000.0,0.1,NA,NA,Random
4.0,952.0,2226.0,1231301.0,12760000.0,0.1,NA,NA,Random
3.0,1003.0,2229.0,1232304.0,12770000.0,0.1,NA,NA,Random
3.0,1024.0,2232.0,1233328.0,12780000.0,0.1,NA,NA,Random
3.0,994.0,2235.0,1234322.0,12790000.0,0.1,NA,NA,Random
4.0,915.0,2239.0,1235237.0,12800000.0,0.1,NA,NA,Random
3.0,994.0,2242.0,1236231.0,12810000.0,0.1,NA,NA,Random
4.0,961.0,2246.0,1237192.0,12820000.0,0.1,NA,NA,Random
1.0,1069.0,2247.0,1238261.0,12830000.0,0.1,NA,NA,Random
2.0,1014.0,2249.0,1239275.0,12840000.0,0.1,NA,NA,Random
2.0,1011.0,2251.0,1240286.0,12850000.0,0.1,NA,NA,Random
4.0,979.0,2255.0,1241265.0,12860000.0,0.1,NA,NA,Random
4.0,1027.0,2259.0,1242292.0,12870000.0,0.1,NA,NA,Random
0.0,957.0,2259.0,1243249.0,12880000.0,0.1,NA,NA,Random
4.0,929.0,2263.0,1244178.0,12890000.0,0.1,NA,NA,Random
3.0,1019.0,2266.0,1245197.0,12900000.0,0.1,NA,NA,Random
1.0,996.0,2267.0,1246193.0,12910000.0,0.1,NA,NA,Random
1.0,1023.0,2268.0,1247216.0,12920000.0,0.1,NA,NA,Random
2.0,958.0,2270.0,1248174.0,12930000.0,0.1,NA,NA,Random
1.0,926.0,2271.0,1249100.0,12940000.0,0.1,NA,NA,Random
3.0,1066.0,2274.0,1250166.0,12950000.0,0.1,NA,NA,Random
3.0,999.0,2277.0,1251165.0,12960000.0,0.1,NA,NA,Random
3.0,1014.0,2280.0,1252179.0,12970000.0,0.1,NA,NA,Random
3.0,958.0,2283.0,1253137.0,12980000.0,0.1,NA,NA,Random
4.0,1004.0,2287.0,1254141.0,12990000.0,0.1,NA,NA,Random
3.0,1034.0,2290.0,1255175.0,13000000.0,0.1,NA,NA,Random
2.0,966.0,2292.0,1256141.0,13010000.0,0.1,NA,NA,Random
6.0,1005.0,2298.0,1257146.0,13020000.0,0.1,NA,NA,Random
1.0,971.0,2299.0,1258117.0,13030000.0,0.1,NA,NA,Random
3.0,957.0,2302.0,1259074.0,13040000.0,0.1,NA,NA,Random
2.0,1070.0,2304.0,1260144.0,13050000.0,0.1,NA,NA,Random
2.0,1004.0,2306.0,1261148.0,13060000.0,0.1,NA,NA,Random
1.0,923.0,2307.0,1262071.0,13070000.0,0.1,NA,NA,Random
0.0,1037.0,2307.0,1263108.0,13080000.0,0.1,NA,NA,Random
0.0,991.0,2307.0,1264099.0,13090000.0,0.1,NA,NA,Random
0.0,927.0,2307.0,1265026.0,13100000.0,0.1,NA,NA,Random
2.0,990.0,2309.0,1266016.0,13110000.0,0.1,NA,NA,Random
2.0,937.0,2311.0,1266953.0,13120000.0,0.1,NA,NA,Random
5.0,942.0,2316.0,1267895.0,13130000.0,0.1,NA,NA,Random
1.0,917.0,2317.0,1268812.0,13140000.0,0.1,NA,NA,Random
0.0,930.0,2317.0,1269742.0,13150000.0,0.1,NA,NA,Random
3.0,994.0,2320.0,1270736.0,13160000.0,0.1,NA,NA,Random
1.0,953.0,2321.0,1271689.0,13170000.0,0.1,NA,NA,Random
1.0,1054.0,2322.0,1272743.0,13180000.0,0.1,NA,NA,Random
1.0,1107.0,2323.0,1273850.0,13190000.0,0.1,NA,NA,Random
3.0,1057.0,2326.0,1274907.0,13200000.0,0.1,NA,NA,Random
2.0,1050.0,2328.0,1275957.0,13210000.0,0.1,NA,NA,Random
4.0,1016.0,2332.0,1276973.0,13220000.0,0.1,NA,NA,Random
4.0,970.0,2336.0,1277943.0,13230000.0,0.1,NA,NA,Random
4.0,1042.0,2340.0,1278985.0,13240000.0,0.1,NA,NA,Random
3.0,1067.0,2343.0,1280052.0,13250000.0,0.1,NA,NA,Random
4.0,965.0,2347.0,1281017.0,13260000.0,0.1,NA,NA,Random
1.0,997.0,2348.0,1282014.0,13270000.0,0.1,NA,NA,Random
3.0,1043.0,2351.0,1283057.0,13280000.0,0.1,NA,NA,Random
1.0,1067.0,2352.0,1284124.0,13290000.0,0.1,NA,NA,Random
1.0,1021.0,2353.0,1285145.0,13300000.0,0.1,NA,NA,Random
2.0,1013.0,2355.0,1286158.0,13310000.0,0.1,NA,NA,Random
6.0,1098.0,2361.0,1287256.0,13320000.0,0.1,NA,NA,Random
2.0,989.0,2363.0,1288245.0,13330000.0,0.1,NA,NA,Random
1.0,1021.0,2364.0,1289266.0,13340000.0,0.1,NA,NA,Random
6.0,1044.0,2370.0,1290310.0,13350000.0,0.1,NA,NA,Random
2.0,1078.0,2372.0,1291388.0,13360000.0,0.1,NA,NA,Random
2.0,984.0,2374.0,1292372.0,13370000.0,0.1,NA,NA,Random
3.0,981.0,2377.0,1293353.0,13380000.0,0.1,NA,NA,Random
0.0,906.0,2377.0,1294259.0,13390000.0,0.1,NA,NA,Random
3.0,978.0,2380.0,1295237.0,13400000.0,0.1,NA,NA,Random
2.0,1014.0,2382.0,1296251.0,13410000.0,0.1,NA,NA,Random
6.0,977.0,2388.0,1297228.0,13420000.0,0.1,NA,NA,Random
3.0,969.0,2391.0,1298197.0,13430000.0,0.1,NA,NA,Random
4.0,997.0,2395.0,1299194.0,13440000.0,0.1,NA,NA,Random
3.0,1016.0,2398.0,1300210.0,13450000.0,0.1,NA,NA,Random
1.0,1008.0,2399.0,1301218.0,13460000.0,0.1,NA,NA,Random
1.0,913.0,2400.0,1302131.0,13470000.0,0.1,NA,NA,Random
1.0,971.0,2401.0,1303102.0,13480000.0,0.1,NA,NA,Random
1.0,1103.0,2402.0,1304205.0,13490000.0,0.1,NA,NA,Random
5.0,978.0,2407.0,1305183.0,13500000.0,0.1,NA,NA,Random
1.0,1027.0,2408.0,1306210.0,13510000.0,0.1,NA,NA,Random
2.0,1011.0,2410.0,1307221.0,13520000.0,0.1,NA,NA,Random
0.0,976.0,2410.0,1308197.0,13530000.0,0.1,NA,NA,Random
2.0,964.0,2412.0,1309161.0,13540000.0,0.1,NA,NA,Random
2.0,890.0,2414.0,1310051.0,13550000.0,0.1,NA,NA,Random
2.0,953.0,2416.0,1311004.0,13560000.0,0.1,NA,NA,Random
1.0,887.0,2417.0,1311891.0,13570000.0,0.1,NA,NA,Random
0.0,991.0,2417.0,1312882.0,13580000.0,0.1,NA,NA,Random
2.0,945.0,2419.0,1313827.0,13590000.0,0.1,NA,NA,Random
3.0,964.0,2422.0,1314791.0,13600000.0,0.1,NA,NA,Random
2.0,1035.0,2424.0,1315826.0,13610000.0,0.1,NA,NA,Random
1.0,1032.0,2425.0,1316858.0,13620000.0,0.1,NA,NA,Random
4.0,1014.0,2429.0,1317872.0,13630000.0,0.1,NA,NA,Random
4.0,995.0,2433.0,1318867.0,13640000.0,0.1,NA,NA,Random
1.0,1015.0,2434.0,1319882.0,13650000.0,0.1,NA,NA,Random
2.0,979.0,2436.0,1320861.0,13660000.0,0.1,NA,NA,Random
1.0,967.0,2437.0,1321828.0,13670000.0,0.1,NA,NA,Random
4.0,936.0,2441.0,1322764.0,13680000.0,0.1,NA,NA,Random
0.0,1001.0,2441.0,1323765.0,13690000.0,0.1,NA,NA,Random
2.0,937.0,2443.0,1324702.0,13700000.0,0.1,NA,NA,Random
3.0,1018.0,2446.0,1325720.0,13710000.0,0.1,NA,NA,Random
1.0,986.0,2447.0,1326706.0,13720000.0,0.1,NA,NA,Random
2.0,962.0,2449.0,1327668.0,13730000.0,0.1,NA,NA,Random
5.0,1008.0,2454.0,1328676.0,13740000.0,0.1,NA,NA,Random
1.0,1000.0,2455.0,1329676.0,13750000.0,0.1,NA,NA,Random
1.0,1009.0,2456.0,1330685.0,13760000.0,0.1,NA,NA,Random
4.0,985.0,2460.0,1331670.0,13770000.0,0.1,NA,NA,Random
2.0,1025.0,2462.0,1332695.0,13780000.0,0.1,NA,NA,Random
4.0,951.0,2466.0,1333646.0,13790000.0,0.1,NA,NA,Random
2.0,1000.0,2468.0,1334646.0,13800000.0,0.1,NA,NA,Random
1.0,995.0,2469.0,1335641.0,13810000.0,0.1,NA,NA,Random
3.0,1004.0,2472.0,1336645.0,13820000.0,0.1,NA,NA,Random
2.0,1016.0,2474.0,1337661.0,13830000.0,0.1,NA,NA,Random
0.0,1024.0,2474.0,1338685.0,13840000.0,0.1,NA,NA,Random
3.0,964.0,2477.0,1339649.0,13850000.0,0.1,NA,NA,Random
2.0,927.0,2479.0,1340576.0,13860000.0,0.1,NA,NA,Random
1.0,1028.0,2480.0,1341604.0,13870000.0,0.1,NA,NA,Random
1.0,1039.0,2481.0,1342643.0,13880000.0,0.1,NA,NA,Random
3.0,973.0,2484.0,1343616.0,13890000.0,0.1,NA,NA,Random
3.0,988.0,2487.0,1344604.0,13900000.0,0.1,NA,NA,Random
1.0,1058.0,2488.0,1345662.0,13910000.0,0.1,NA,NA,Random
5.0,1037.0,2493.0,1346699.0,13920000.0,0.1,NA,NA,Random
5.0,1040.0,2498.0,1347739.0,13930000.0,0.1,NA,NA,Random
4.0,1014.0,2502.0,1348753.0,13940000.0,0.1,NA,NA,Random
2.0,948.0,2504.0,1349701.0,13950000.0,0.1,NA,NA,Random
2.0,973.0,2506.0,1350674.0,13960000.0,0.1,NA,NA,Random
4.0,910.0,2510.0,1351584.0,13970000.0,0.1,NA,NA,Random
2.0,1029.0,2512.0,1352613.0,13980000.0,0.1,NA,NA,Random
2.0,1090.0,2514.0,1353703.0,13990000.0,0.1,NA,NA,Random
2.0,968.0,2516.0,1354671.0,14000000.0,0.1,NA,NA,Random
2.0,1041.0,2518.0,1355712.0,14010000.0,0.1,NA,NA,Random
2.0,1008.0,2520.0,1356720.0,14020000.0,0.1,NA,NA,Random
5.0,1031.0,2525.0,1357751.0,14030000.0,0.1,NA,NA,Random
2.0,986.0,2527.0,1358737.0,14040000.0,0.1,NA,NA,Random
4.0,1007.0,2531.0,1359744.0,14050000.0,0.1,NA,NA,Random
0.0,909.0,2531.0,1360653.0,14060000.0,0.1,NA,NA,Random
3.0,948.0,2534.0,1361601.0,14070000.0,0.1,NA,NA,Random
2.0,927.0,2536.0,1362528.0,14080000.0,0.1,NA,NA,Random
1.0,1007.0,2537.0,1363535.0,14090000.0,0.1,NA,NA,Random
2.0,1015.0,2539.0,1364550.0,14100000.0,0.1,NA,NA,Random
3.0,1015.0,2542.0,1365565.0,14110000.0,0.1,NA,NA,Random
3.0,969.0,2545.0,1366534.0,14120000.0,0.1,NA,NA,Random
0.0,977.0,2545.0,1367511.0,14130000.0,0.1,NA,NA,Random
4.0,1049.0,2549.0,1368560.0,14140000.0,0.1,NA,NA,Random
1.0,953.0,2550.0,1369513.0,14150000.0,0.1,NA,NA,Random
3.0,981.0,2553.0,1370494.0,14160000.0,0.1,NA,NA,Random
0.0,921.0,2553.0,1371415.0,14170000.0,0.1,NA,NA,Random
1.0,995.0,2554.0,1372410.0,14180000.0,0.1,NA,NA,Random
2.0,985.0,2556.0,1373395.0,14190000.0,0.1,NA,NA,Random
2.0,991.0,2558.0,1374386.0,14200000.0,0.1,NA,NA,Random
0.0,995.0,2558.0,1375381.0,14210000.0,0.1,NA,NA,Random
3.0,1040.0,2561.0,1376421.0,14220000.0,0.1,NA,NA,Random
2.0,1012.0,2563.0,1377433.0,14230000.0,0.1,NA,NA,Random
3.0,1032.0,2566.0,1378465.0,14240000.0,0.1,NA,NA,Random
4.0,1009.0,2570.0,1379474.0,14250000.0,0.1,NA,NA,Random
1.0,1005.0,2571.0,1380479.0,14260000.0,0.1,NA,NA,Random
1.0,942.0,2572.0,1381421.0,14270000.0,0.1,NA,NA,Random
2.0,1019.0,2574.0,1382440.0,14280000.0,0.1,NA,NA,Random
2.0,959.0,2576.0,1383399.0,14290000.0,0.1,NA,NA,Random
2.0,913.0,2578.0,1384312.0,14300000.0,0.1,NA,NA,Random
7.0,1059.0,2585.0,1385371.0,14310000.0,0.1,NA,NA,Random
3.0,968.0,2588.0,1386339.0,14320000.0,0.1,NA,NA,Random
5.0,1020.0,2593.0,1387359.0,14330000.0,0.1,NA,NA,Random
2.0,997.0,2595.0,1388356.0,14340000.0,0.1,NA,NA,Random
2.0,957.0,2597.0,1389313.0,14350000.0,0.1,NA,NA,Random
4.0,1021.0,2601.0,1390334.0,14360000.0,0.1,NA,NA,Random
2.0,1022.0,2603.0,1391356.0,14370000.0,0.1,NA,NA,Random
2.0,1009.0,2605.0,1392365.0,14380000.0,0.1,NA,NA,Random
4.0,994.0,2609.0,1393359.0,14390000.0,0.1,NA,NA,Random
