Clicks,Impressions,TotalImpressions,Timestamp,BatchCTR,ModelCTR,MSE,MMSE,FullMSE,FullROC,FullTPR,FullFPR,FullFNR,FullPPR,ModelCalibration,ModelNE,ModelRIG,Method,Hours,Alpha,EqClicks,TargetPercent,TargetSplit,TargetAlpha
2,7064,400000,1534215666000,0.000283,0.000283,0.00176,1.16,0.00107,nan,0.0408,0.0,0.959,1.0,0.0408,2.44,-1.44,TS_Lin_Multi_Target,6,0.1,0.0,1,NO_SPLIT,1
22,24030,500000,1534221203000,0.000916,0.000916,0.00189,1.15,0.00118,nan,0.115,0.0,0.885,1.0,0.115,1.98,-0.978,TS_Lin_Multi_Target,6,0.1,0.0,1,NO_SPLIT,1
33,40519,600000,1534223933000,0.000814,0.000814,0.00165,1.14,0.000971,nan,0.122,0.0,0.878,1.0,0.122,2.28,-1.28,TS_Lin_Multi_Target,6,0.1,0.0,1,NO_SPLIT,1
49,57161,700000,1534225990000,0.000857,0.000857,0.00158,1.13,0.000907,nan,0.136,0.0,0.864,1.0,0.136,2.37,-1.37,TS_Lin_Multi_Target,6,0.1,0.0,1,NO_SPLIT,1
60,73529,800000,1534227870000,0.000816,0.000816,0.00146,1.13,0.000791,nan,0.146,0.0,0.854,1.0,0.146,2.65,-1.65,TS_Lin_Multi_Target,6,0.1,0.0,1,NO_SPLIT,1
71,90226,900000,1534229635000,0.000787,0.000787,0.0014,1.13,0.000735,nan,0.151,0.0,0.849,1.0,0.151,2.8,-1.8,TS_Lin_Multi_Target,6,0.1,0.0,1,NO_SPLIT,1
83,107649,1000000,1534231460000,0.000706,0.000771,0.00136,1.13,0.000716,nan,0.153,0.0,0.847,1.0,0.153,2.8,-1.8,TS_Lin_Multi_Target,6,0.1,0.0,1,NO_SPLIT,1
98,124934,1100000,1534233317000,0.000795,0.000784,0.0013,1.12,0.000672,nan,0.164,0.0,0.836,1.0,0.164,2.88,-1.88,TS_Lin_Multi_Target,6,0.1,0.0,1,NO_SPLIT,1
119,142390,1200000,1534235388000,0.000941,0.000836,0.00127,1.12,0.000647,nan,0.179,0.0,0.821,1.0,0.179,2.89,-1.89,TS_Lin_Multi_Target,6,0.1,0.0,1,NO_SPLIT,1
139,159939,1300000,1534237355000,0.000993,0.000869,0.00128,1.12,0.000654,nan,0.184,0.0,0.816,1.0,0.184,2.84,-1.84,TS_Lin_Multi_Target,6,0.1,0.0,1,NO_SPLIT,1
151,179610,1400000,1534238888000,0.000906,0.000841,0.00124,1.11,0.000628,nan,0.187,0.0,0.813,1.0,0.187,2.89,-1.89,TS_Lin_Multi_Target,6,0.1,0.0,1,NO_SPLIT,1
169,199459,1500000,1534240422000,0.000906,0.000847,0.00121,1.11,0.00061,nan,0.195,0.0,0.805,1.0,0.195,2.91,-1.91,TS_Lin_Multi_Target,6,0.1,0.0,1,NO_SPLIT,1
172,219512,1600000,1534241857000,0.000786,0.000784,0.00118,1.1,0.000601,nan,0.187,0.0,0.813,1.0,0.187,2.93,-1.93,TS_Lin_Multi_Target,6,0.1,0.0,1,NO_SPLIT,1
188,239739,1700000,1534243199000,0.000786,0.000784,0.00116,1.1,0.00059,nan,0.192,0.0,0.808,1.0,0.192,2.93,-1.93,TS_Lin_Multi_Target,6,0.1,0.0,1,NO_SPLIT,1
198,259503,1800000,1534244712000,0.000753,0.000763,0.00114,1.1,0.000576,nan,0.192,0.0,0.808,1.0,0.192,2.96,-1.96,TS_Lin_Multi_Target,6,0.1,0.0,1,NO_SPLIT,1
210,279090,1900000,1534246424000,0.000738,0.000752,0.00112,1.1,0.00057,nan,0.193,0.0,0.807,1.0,0.193,2.97,-1.97,TS_Lin_Multi_Target,6,0.1,0.0,1,NO_SPLIT,1
242,297117,2000000,1534248381000,0.00083,0.000814,0.00114,1.1,0.000574,nan,0.204,0.0,0.796,1.0,0.204,2.92,-1.92,TS_Lin_Multi_Target,6,0.1,0.0,1,NO_SPLIT,1
262,314692,2100000,1534250381000,0.000854,0.000833,0.00115,1.1,0.000585,nan,0.204,0.0,0.796,1.0,0.204,2.86,-1.86,TS_Lin_Multi_Target,6,0.1,0.0,1,NO_SPLIT,1
281,332005,2200000,1534252487000,0.00102,0.000846,0.00116,1.1,0.000601,nan,0.202,0.0,0.798,1.0,0.202,2.79,-1.79,TS_Lin_Multi_Target,6,0.1,0.0,1,NO_SPLIT,1
295,349266,2300000,1534254861000,0.000869,0.000845,0.00116,1.09,0.000616,nan,0.198,0.0,0.802,1.0,0.198,2.71,-1.71,TS_Lin_Multi_Target,6,0.1,0.0,1,NO_SPLIT,1
305,367212,2400000,1534257558000,0.000736,0.000831,0.00116,1.09,0.000627,nan,0.192,0.0,0.808,1.0,0.192,2.65,-1.65,TS_Lin_Multi_Target,6,0.1,0.0,1,NO_SPLIT,1
314,384380,2500000,1534260327000,0.000675,0.000817,0.00116,1.09,0.000633,nan,0.188,0.0,0.812,1.0,0.188,2.62,-1.62,TS_Lin_Multi_Target,6,0.1,0.0,1,NO_SPLIT,1
326,401807,2600000,1534263432000,0.000678,0.000811,0.00115,1.09,0.000634,nan,0.186,0.0,0.814,1.0,0.186,2.6,-1.6,TS_Lin_Multi_Target,6,0.1,0.0,1,NO_SPLIT,1
352,418926,2700000,1534266431000,0.000831,0.00084,0.00117,1.09,0.000645,nan,0.189,0.0,0.811,1.0,0.189,2.54,-1.54,TS_Lin_Multi_Target,6,0.1,0.0,1,NO_SPLIT,1
366,435842,2800000,1534269300000,0.000831,0.00084,0.00118,1.08,0.000664,nan,0.184,0.0,0.816,1.0,0.184,2.48,-1.48,TS_Lin_Multi_Target,6,0.1,0.0,1,NO_SPLIT,1
382,453300,2900000,1534272798000,0.000842,0.000843,0.00118,1.08,0.000665,nan,0.184,0.0,0.816,1.0,0.184,2.46,-1.46,TS_Lin_Multi_Target,6,0.1,0.0,1,NO_SPLIT,1
397,470670,3000000,1534275826000,0.000984,0.000843,0.00117,1.08,0.000663,nan,0.185,0.0,0.815,1.0,0.185,2.45,-1.45,TS_Lin_Multi_Target,6,0.1,0.0,1,NO_SPLIT,1
417,487895,3100000,1534279185000,0.00108,0.000855,0.00118,1.08,0.000679,nan,0.183,0.0,0.817,1.0,0.183,2.39,-1.39,TS_Lin_Multi_Target,6,0.1,0.0,1,NO_SPLIT,1
456,507553,3400000,1534307392000,0.0029,0.000898,0.00124,1.08,0.000759,nan,0.165,0.0,0.835,1.0,0.165,2.09,-1.09,TS_Lin_Multi_Target,6,0.1,0.0,1,NO_SPLIT,1
488,526703,3500000,1534310553000,0.002,0.000927,0.00124,1.08,0.000763,nan,0.169,0.0,0.831,1.0,0.169,2.07,-1.07,TS_Lin_Multi_Target,6,0.1,0.0,1,NO_SPLIT,1
504,545364,3600000,1534313223000,0.00152,0.000924,0.00124,1.08,0.000761,nan,0.169,0.0,0.831,1.0,0.169,2.07,-1.07,TS_Lin_Multi_Target,6,0.1,0.0,1,NO_SPLIT,1
521,564110,3700000,1534315472000,0.00134,0.000924,0.00123,1.07,0.00076,nan,0.17,0.0,0.83,1.0,0.17,2.07,-1.07,TS_Lin_Multi_Target,6,0.1,0.0,1,NO_SPLIT,1
534,582828,3800000,1534317461000,0.00119,0.000916,0.00122,1.07,0.000752,nan,0.171,0.0,0.829,1.0,0.171,2.08,-1.08,TS_Lin_Multi_Target,6,0.1,0.0,1,NO_SPLIT,1
549,601589,3900000,1534319605000,0.00112,0.000913,0.00122,1.07,0.000752,nan,0.171,0.0,0.829,1.0,0.171,2.08,-1.08,TS_Lin_Multi_Target,6,0.1,0.0,1,NO_SPLIT,1
565,620688,4000000,1534321811000,0.00107,0.00091,0.00121,1.07,0.000748,nan,0.172,0.0,0.828,1.0,0.172,2.08,-1.08,TS_Lin_Multi_Target,6,0.1,0.0,1,NO_SPLIT,1
590,639426,4100000,1534324066000,0.00111,0.000923,0.00121,1.07,0.000742,nan,0.175,0.0,0.825,1.0,0.175,2.09,-1.09,TS_Lin_Multi_Target,6,0.1,0.0,1,NO_SPLIT,1
606,657556,4200000,1534325982000,0.00108,0.000922,0.00121,1.07,0.000741,nan,0.175,0.0,0.825,1.0,0.175,2.09,-1.09,TS_Lin_Multi_Target,6,0.1,0.0,1,NO_SPLIT,1
632,676357,4300000,1534327753000,0.000921,0.000934,0.00121,1.07,0.000744,nan,0.177,0.0,0.823,1.0,0.177,2.08,-1.08,TS_Lin_Multi_Target,6,0.1,0.0,1,NO_SPLIT,1
654,696456,4400000,1534329253000,0.00105,0.000939,0.00121,1.07,0.000743,nan,0.179,0.0,0.821,1.0,0.179,2.07,-1.07,TS_Lin_Multi_Target,6,0.1,0.0,1,NO_SPLIT,1
676,713772,4500000,1534330607000,0.00114,0.000947,0.0012,1.07,0.000741,nan,0.181,0.0,0.819,1.0,0.181,2.06,-1.06,TS_Lin_Multi_Target,6,0.1,0.0,1,NO_SPLIT,1
694,733495,4600000,1534332371000,0.00107,0.000946,0.0012,1.07,0.000744,nan,0.18,0.0,0.82,1.0,0.18,2.04,-1.04,TS_Lin_Multi_Target,6,0.1,0.0,1,NO_SPLIT,1
719,753534,4700000,1534334282000,0.00111,0.000954,0.0012,1.07,0.000739,nan,0.183,0.0,0.817,1.0,0.183,2.03,-1.03,TS_Lin_Multi_Target,6,0.1,0.0,1,NO_SPLIT,1
745,772697,4800000,1534336223000,0.00116,0.000964,0.00119,1.07,0.000731,nan,0.186,0.0,0.814,1.0,0.186,2.03,-1.03,TS_Lin_Multi_Target,6,0.1,0.0,1,NO_SPLIT,1
759,791617,4900000,1534338220000,0.00109,0.000959,0.00118,1.07,0.000731,nan,0.186,0.0,0.814,1.0,0.186,2.02,-1.02,TS_Lin_Multi_Target,6,0.1,0.0,1,NO_SPLIT,1
783,810841,5000000,1534340324000,0.00111,0.000966,0.00118,1.06,0.000727,nan,0.188,0.0,0.812,1.0,0.188,2.02,-1.02,TS_Lin_Multi_Target,6,0.1,0.0,1,NO_SPLIT,1
799,829858,5100000,1534342505000,0.00108,0.000963,0.00117,1.06,0.000727,nan,0.188,0.0,0.812,1.0,0.188,2.01,-1.01,TS_Lin_Multi_Target,6,0.1,0.0,1,NO_SPLIT,1
817,849346,5200000,1534345017000,0.00106,0.000962,0.00117,1.06,0.000725,nan,0.189,0.0,0.811,1.0,0.189,2.0,-1.0,TS_Lin_Multi_Target,6,0.1,0.0,1,NO_SPLIT,1
839,868893,5300000,1534348283000,0.00107,0.000966,0.00118,1.06,0.000734,nan,0.188,0.0,0.812,1.0,0.188,1.98,-0.976,TS_Lin_Multi_Target,6,0.1,0.0,1,NO_SPLIT,1
847,884006,5400000,1534352099000,0.00065,0.000958,0.00118,1.06,0.000737,nan,0.186,0.0,0.814,1.0,0.186,1.96,-0.959,TS_Lin_Multi_Target,6,0.1,0.0,1,NO_SPLIT,1
869,899317,5500000,1534355823000,0.00109,0.000966,0.00117,1.06,0.000737,nan,0.186,0.0,0.814,1.0,0.186,1.94,-0.943,TS_Lin_Multi_Target,6,0.1,0.0,1,NO_SPLIT,1
885,916425,5600000,1534359354000,0.00103,0.000966,0.00117,1.06,0.000734,nan,0.187,0.0,0.813,1.0,0.187,1.94,-0.937,TS_Lin_Multi_Target,6,0.1,0.0,1,NO_SPLIT,1
907,935286,5700000,1534362421000,0.00107,0.00097,0.00117,1.06,0.000741,nan,0.186,0.0,0.814,1.0,0.186,1.91,-0.912,TS_Lin_Multi_Target,6,0.1,0.0,1,NO_SPLIT,1
935,944259,6000000,1534387000000,0.00447,0.00099,0.00118,1.06,0.000766,nan,0.178,0.0,0.822,1.0,0.178,1.8,-0.805,TS_Lin_Multi_Target,6,0.1,0.0,1,NO_SPLIT,1
968,961630,6100000,1534391894000,0.00234,0.00101,0.00118,1.06,0.000768,nan,0.18,0.0,0.82,1.0,0.18,1.79,-0.794,TS_Lin_Multi_Target,6,0.1,0.0,1,NO_SPLIT,1
993,978790,6200000,1534395699000,0.00194,0.00101,0.00119,1.06,0.000774,nan,0.18,0.0,0.82,1.0,0.18,1.78,-0.777,TS_Lin_Multi_Target,6,0.1,0.0,1,NO_SPLIT,1
1017,995986,6300000,1534397928000,0.00177,0.00102,0.00118,1.05,0.00077,nan,0.182,0.0,0.818,1.0,0.182,1.78,-0.777,TS_Lin_Multi_Target,6,0.1,0.0,1,NO_SPLIT,1
1039,1013614,6400000,1534400142000,0.00165,0.00103,0.00118,1.05,0.000767,nan,0.183,0.0,0.817,1.0,0.183,1.77,-0.774,TS_Lin_Multi_Target,6,0.1,0.0,1,NO_SPLIT,1
1051,1030726,6500000,1534401980000,0.00147,0.00102,0.00117,1.05,0.000762,nan,0.183,0.0,0.817,1.0,0.183,1.78,-0.777,TS_Lin_Multi_Target,6,0.1,0.0,1,NO_SPLIT,1
1057,1046913,6600000,1534403754000,0.0013,0.00101,0.00116,1.05,0.000756,nan,0.183,0.0,0.817,1.0,0.183,1.78,-0.783,TS_Lin_Multi_Target,6,0.1,0.0,1,NO_SPLIT,1
1065,1062945,6700000,1534405748000,0.00119,0.001,0.00116,1.05,0.000754,nan,0.182,0.0,0.818,1.0,0.182,1.78,-0.783,TS_Lin_Multi_Target,6,0.1,0.0,1,NO_SPLIT,1
1081,1079951,6800000,1534407692000,0.00123,0.001,0.00115,1.05,0.000747,nan,0.183,0.0,0.817,1.0,0.183,1.79,-0.788,TS_Lin_Multi_Target,6,0.1,0.0,1,NO_SPLIT,1
1097,1097552,6900000,1534409775000,0.00104,0.000999,0.00114,1.05,0.000743,nan,0.184,0.0,0.816,1.0,0.184,1.79,-0.787,TS_Lin_Multi_Target,6,0.1,0.0,1,NO_SPLIT,1
1105,1114719,7000000,1534411756000,0.000824,0.000991,0.00114,1.05,0.00074,nan,0.183,0.0,0.817,1.0,0.183,1.79,-0.788,TS_Lin_Multi_Target,6,0.1,0.0,1,NO_SPLIT,1
1127,1131950,7100000,1534413572000,0.000947,0.000996,0.00113,1.05,0.000734,nan,0.185,0.0,0.815,1.0,0.185,1.79,-0.792,TS_Lin_Multi_Target,6,0.1,0.0,1,NO_SPLIT,1
1139,1149185,7200000,1534415178000,0.000893,0.000991,0.00112,1.05,0.000731,nan,0.185,0.0,0.815,1.0,0.185,1.79,-0.792,TS_Lin_Multi_Target,6,0.1,0.0,1,NO_SPLIT,1
1157,1166509,7300000,1534416750000,0.000919,0.000992,0.00112,1.05,0.000727,nan,0.187,0.0,0.813,1.0,0.187,1.79,-0.794,TS_Lin_Multi_Target,6,0.1,0.0,1,NO_SPLIT,1
1175,1183659,7400000,1534418460000,0.000938,0.000993,0.00112,1.05,0.000726,nan,0.187,0.0,0.813,1.0,0.187,1.79,-0.789,TS_Lin_Multi_Target,6,0.1,0.0,1,NO_SPLIT,1
1191,1200444,7500000,1534420152000,0.00094,0.000992,0.00112,1.05,0.00073,nan,0.186,0.0,0.814,1.0,0.186,1.78,-0.778,TS_Lin_Multi_Target,6,0.1,0.0,1,NO_SPLIT,1
1213,1217612,7600000,1534421958000,0.00098,0.000996,0.00112,1.05,0.000731,nan,0.186,0.0,0.814,1.0,0.186,1.77,-0.772,TS_Lin_Multi_Target,6,0.1,0.0,1,NO_SPLIT,1
1243,1235461,7700000,1534424198000,0.00105,0.00101,0.00112,1.05,0.000729,nan,0.188,0.0,0.812,1.0,0.188,1.77,-0.768,TS_Lin_Multi_Target,6,0.1,0.0,1,NO_SPLIT,1
1259,1252930,7800000,1534426507000,0.00104,0.001,0.00111,1.05,0.000726,nan,0.189,0.0,0.811,1.0,0.189,1.77,-0.766,TS_Lin_Multi_Target,6,0.1,0.0,1,NO_SPLIT,1
1275,1270327,7900000,1534428901000,0.00158,0.001,0.00111,1.05,0.000727,nan,0.189,0.0,0.811,1.0,0.189,1.76,-0.76,TS_Lin_Multi_Target,6,0.1,0.0,1,NO_SPLIT,1
1289,1287249,8000000,1534431501000,0.00103,0.001,0.00111,1.05,0.000728,nan,0.188,0.0,0.812,1.0,0.188,1.75,-0.752,TS_Lin_Multi_Target,6,0.1,0.0,1,NO_SPLIT,1
1318,1304347,8100000,1534434488000,0.00131,0.00101,0.00111,1.05,0.000732,nan,0.189,0.0,0.811,1.0,0.189,1.74,-0.739,TS_Lin_Multi_Target,6,0.1,0.0,1,NO_SPLIT,1
1331,1321026,8200000,1534438303000,0.00116,0.00101,0.00111,1.05,0.000732,nan,0.188,0.0,0.812,1.0,0.188,1.73,-0.733,TS_Lin_Multi_Target,6,0.1,0.0,1,NO_SPLIT,1
1353,1337972,8300000,1534442273000,0.00119,0.00101,0.00112,1.05,0.000737,nan,0.188,0.0,0.812,1.0,0.188,1.72,-0.72,TS_Lin_Multi_Target,6,0.1,0.0,1,NO_SPLIT,1
1361,1355775,8400000,1534445358000,0.00105,0.001,0.00112,1.04,0.00074,nan,0.186,0.0,0.814,1.0,0.186,1.71,-0.71,TS_Lin_Multi_Target,6,0.1,0.0,1,NO_SPLIT,1
1379,1373150,8500000,1534448098000,0.00104,0.001,0.00112,1.04,0.000745,nan,0.185,0.0,0.815,1.0,0.185,1.7,-0.698,TS_Lin_Multi_Target,6,0.1,0.0,1,NO_SPLIT,1
9,8537,400000,1534215666000,0.00105,0.00105,0.00119,1.01,0.000909,nan,0.184,0.0,0.816,1.0,0.184,1.04,-0.0416,TS_Lin_Multi_Target,6,0.01,0.0,1,NO_SPLIT,1
37,28300,500000,1534221203000,0.00131,0.00131,0.00139,1.01,0.00108,nan,0.193,0.0,0.807,1.0,0.193,0.857,0.143,TS_Lin_Multi_Target,6,0.01,0.0,1,NO_SPLIT,1
53,46862,600000,1534223933000,0.00113,0.00113,0.00117,1.01,0.000889,nan,0.196,0.0,0.804,1.0,0.196,0.97,0.03,TS_Lin_Multi_Target,6,0.01,0.0,1,NO_SPLIT,1
68,64984,700000,1534225990000,0.00105,0.00105,0.00111,1.01,0.000852,nan,0.188,0.0,0.812,1.0,0.188,0.997,0.00327,TS_Lin_Multi_Target,6,0.01,0.0,1,NO_SPLIT,1
79,83061,800000,1534227870000,0.000951,0.000951,0.000988,1.01,0.000748,nan,0.192,0.0,0.808,1.0,0.192,1.1,-0.0975,TS_Lin_Multi_Target,6,0.01,0.0,1,NO_SPLIT,1
98,101602,900000,1534229635000,0.000965,0.000965,0.000928,1.01,0.000686,nan,0.208,0.0,0.792,1.0,0.208,1.16,-0.158,TS_Lin_Multi_Target,6,0.01,0.0,1,NO_SPLIT,1
110,120159,1000000,1534231460000,0.00067,0.000915,0.000904,1.01,0.000674,nan,0.202,0.0,0.798,1.0,0.202,1.14,-0.144,TS_Lin_Multi_Target,6,0.01,0.0,1,NO_SPLIT,1
130,138786,1100000,1534233317000,0.000894,0.000937,0.00086,1.01,0.000629,nan,0.217,0.0,0.783,1.0,0.217,1.17,-0.17,TS_Lin_Multi_Target,6,0.01,0.0,1,NO_SPLIT,1
146,157944,1200000,1534235388000,0.000873,0.000924,0.000842,1.0,0.000615,nan,0.22,0.0,0.78,1.0,0.22,1.17,-0.165,TS_Lin_Multi_Target,6,0.01,0.0,1,NO_SPLIT,1
170,177176,1300000,1534237355000,0.000973,0.000959,0.000853,1.0,0.000621,nan,0.225,0.0,0.775,1.0,0.225,1.14,-0.14,TS_Lin_Multi_Target,6,0.01,0.0,1,NO_SPLIT,1
186,198921,1400000,1534238888000,0.000918,0.000935,0.000824,1.0,0.000595,nan,0.23,0.0,0.77,1.0,0.23,1.16,-0.158,TS_Lin_Multi_Target,6,0.01,0.0,1,NO_SPLIT,1
205,221100,1500000,1534240422000,0.000906,0.000927,0.000808,1.0,0.000579,nan,0.236,0.0,0.764,1.0,0.236,1.16,-0.163,TS_Lin_Multi_Target,6,0.01,0.0,1,NO_SPLIT,1
215,242992,1600000,1534241857000,0.000835,0.000885,0.000788,1.0,0.000567,nan,0.234,0.0,0.766,1.0,0.234,1.17,-0.166,TS_Lin_Multi_Target,6,0.01,0.0,1,NO_SPLIT,1
235,265042,1700000,1534243199000,0.000845,0.000887,0.000777,1.0,0.000555,nan,0.24,0.0,0.76,1.0,0.24,1.17,-0.168,TS_Lin_Multi_Target,6,0.01,0.0,1,NO_SPLIT,1
254,286381,1800000,1534244712000,0.00085,0.000887,0.000759,1.0,0.000537,nan,0.247,0.0,0.753,1.0,0.247,1.18,-0.182,TS_Lin_Multi_Target,6,0.01,0.0,1,NO_SPLIT,1
274,307663,1900000,1534246424000,0.00086,0.000891,0.000751,1.0,0.000528,nan,0.251,0.0,0.749,1.0,0.251,1.19,-0.185,TS_Lin_Multi_Target,6,0.01,0.0,1,NO_SPLIT,1
294,326880,2000000,1534248381000,0.000875,0.000899,0.000765,1.0,0.000542,nan,0.248,0.0,0.752,1.0,0.248,1.16,-0.16,TS_Lin_Multi_Target,6,0.01,0.0,1,NO_SPLIT,1
328,345758,2100000,1534250381000,0.000948,0.000949,0.000779,1.0,0.000547,nan,0.256,0.0,0.744,1.0,0.256,1.15,-0.146,TS_Lin_Multi_Target,6,0.01,0.0,1,NO_SPLIT,1
354,364916,2200000,1534252487000,0.00159,0.00097,0.000797,1.0,0.000561,nan,0.255,0.0,0.745,1.0,0.255,1.12,-0.119,TS_Lin_Multi_Target,6,0.01,0.0,1,NO_SPLIT,1
377,383960,2300000,1534254861000,0.00132,0.000982,0.000809,1.0,0.000574,nan,0.253,0.0,0.747,1.0,0.253,1.09,-0.0903,TS_Lin_Multi_Target,6,0.01,0.0,1,NO_SPLIT,1
399,403402,2400000,1534257558000,0.00124,0.000989,0.000817,1.0,0.000581,nan,0.251,0.0,0.749,1.0,0.251,1.07,-0.0698,TS_Lin_Multi_Target,6,0.01,0.0,1,NO_SPLIT,1
417,422921,2500000,1534260327000,0.00114,0.000986,0.00082,1.0,0.000585,nan,0.25,0.0,0.75,1.0,0.25,1.06,-0.0576,TS_Lin_Multi_Target,6,0.01,0.0,1,NO_SPLIT,1
436,442080,2600000,1534263432000,0.00111,0.000986,0.000818,1.0,0.000585,nan,0.249,0.0,0.751,1.0,0.249,1.05,-0.0523,TS_Lin_Multi_Target,6,0.01,0.0,1,NO_SPLIT,1
477,461692,2700000,1534266431000,0.00129,0.00103,0.000834,1.0,0.000592,nan,0.256,0.0,0.744,1.0,0.256,1.04,-0.0362,TS_Lin_Multi_Target,6,0.01,0.0,1,NO_SPLIT,1
507,481158,2800000,1534269300000,0.00133,0.00105,0.000853,1.0,0.000607,nan,0.255,0.0,0.745,1.0,0.255,1.02,-0.0165,TS_Lin_Multi_Target,6,0.01,0.0,1,NO_SPLIT,1
526,500122,2900000,1534272798000,0.00129,0.00105,0.000854,1.0,0.000609,nan,0.253,0.0,0.747,1.0,0.253,1.01,-0.0115,TS_Lin_Multi_Target,6,0.01,0.0,1,NO_SPLIT,1
552,520007,3000000,1534275826000,0.00138,0.00106,0.000851,1.0,0.000604,nan,0.257,0.0,0.743,1.0,0.257,1.01,-0.0101,TS_Lin_Multi_Target,6,0.01,0.0,1,NO_SPLIT,1
583,539611,3100000,1534279185000,0.00149,0.00108,0.000868,1.0,0.000618,nan,0.256,0.0,0.744,1.0,0.256,0.988,0.0115,TS_Lin_Multi_Target,6,0.01,0.0,1,NO_SPLIT,1
637,563128,3400000,1534307392000,0.00302,0.00113,0.000943,1.0,0.0007,nan,0.23,0.0,0.77,1.0,0.23,0.882,0.118,TS_Lin_Multi_Target,6,0.01,0.0,1,NO_SPLIT,1
677,584528,3500000,1534310553000,0.0022,0.00116,0.000951,1.0,0.000703,nan,0.235,0.0,0.765,1.0,0.235,0.874,0.126,TS_Lin_Multi_Target,6,0.01,0.0,1,NO_SPLIT,1
692,605341,3600000,1534313223000,0.00159,0.00114,0.000949,1.0,0.000703,nan,0.233,0.0,0.767,1.0,0.233,0.87,0.13,TS_Lin_Multi_Target,6,0.01,0.0,1,NO_SPLIT,1
714,626361,3700000,1534315472000,0.00143,0.00114,0.000947,1.0,0.000702,nan,0.233,0.0,0.767,1.0,0.233,0.867,0.133,TS_Lin_Multi_Target,6,0.01,0.0,1,NO_SPLIT,1
729,647530,3800000,1534317461000,0.00127,0.00113,0.000939,1.0,0.000696,nan,0.233,0.0,0.767,1.0,0.233,0.868,0.132,TS_Lin_Multi_Target,6,0.01,0.0,1,NO_SPLIT,1
756,669514,3900000,1534319605000,0.00126,0.00113,0.000938,1.0,0.000693,nan,0.235,0.0,0.765,1.0,0.235,0.866,0.134,TS_Lin_Multi_Target,6,0.01,0.0,1,NO_SPLIT,1
768,690815,4000000,1534321811000,0.00115,0.00111,0.000934,1.0,0.000692,nan,0.233,0.0,0.767,1.0,0.233,0.864,0.136,TS_Lin_Multi_Target,6,0.01,0.0,1,NO_SPLIT,1
797,711936,4100000,1534324066000,0.00118,0.00112,0.00093,1.0,0.000687,nan,0.237,0.0,0.763,1.0,0.237,0.866,0.134,TS_Lin_Multi_Target,6,0.01,0.0,1,NO_SPLIT,1
830,733761,4200000,1534325982000,0.00122,0.00113,0.000929,1.0,0.000683,nan,0.24,0.0,0.76,1.0,0.24,0.866,0.134,TS_Lin_Multi_Target,6,0.01,0.0,1,NO_SPLIT,1
877,756093,4300000,1534327753000,0.00223,0.00116,0.000934,1.0,0.000682,nan,0.246,0.0,0.754,1.0,0.246,0.864,0.136,TS_Lin_Multi_Target,6,0.01,0.0,1,NO_SPLIT,1
901,779604,4400000,1534329253000,0.00132,0.00116,0.000934,1.0,0.000682,nan,0.246,0.0,0.754,1.0,0.246,0.858,0.142,TS_Lin_Multi_Target,6,0.01,0.0,1,NO_SPLIT,1
932,800320,4500000,1534330607000,0.00139,0.00116,0.000933,1.0,0.000679,nan,0.249,0.0,0.751,1.0,0.249,0.857,0.143,TS_Lin_Multi_Target,6,0.01,0.0,1,NO_SPLIT,1
965,824133,4600000,1534332371000,0.00139,0.00117,0.000936,1.0,0.00068,nan,0.251,0.0,0.749,1.0,0.251,0.852,0.148,TS_Lin_Multi_Target,6,0.01,0.0,1,NO_SPLIT,1
1001,847683,4700000,1534334282000,0.00142,0.00118,0.000933,1.0,0.000674,nan,0.255,0.0,0.745,1.0,0.255,0.851,0.149,TS_Lin_Multi_Target,6,0.01,0.0,1,NO_SPLIT,1
1037,870423,4800000,1534336223000,0.00145,0.00119,0.000927,1.0,0.000666,nan,0.26,0.0,0.74,1.0,0.26,0.854,0.146,TS_Lin_Multi_Target,6,0.01,0.0,1,NO_SPLIT,1
1057,893041,4900000,1534338220000,0.00136,0.00118,0.000925,0.999,0.000665,nan,0.259,0.0,0.741,1.0,0.259,0.851,0.149,TS_Lin_Multi_Target,6,0.01,0.0,1,NO_SPLIT,1
1091,915741,5000000,1534340324000,0.00138,0.00119,0.000923,0.999,0.000661,nan,0.262,0.0,0.738,1.0,0.262,0.85,0.15,TS_Lin_Multi_Target,6,0.01,0.0,1,NO_SPLIT,1
1123,938772,5100000,1534342505000,0.00138,0.0012,0.000922,0.999,0.000658,nan,0.264,0.0,0.736,1.0,0.264,0.848,0.152,TS_Lin_Multi_Target,6,0.01,0.0,1,NO_SPLIT,1
1147,962343,5200000,1534345017000,0.00134,0.00119,0.00092,0.999,0.000657,nan,0.265,0.0,0.735,1.0,0.265,0.846,0.154,TS_Lin_Multi_Target,6,0.01,0.0,1,NO_SPLIT,1
1189,985972,5300000,1534348283000,0.00139,0.00121,0.00093,0.999,0.000663,nan,0.266,0.0,0.734,1.0,0.266,0.838,0.162,TS_Lin_Multi_Target,6,0.01,0.0,1,NO_SPLIT,1
1221,1007751,5400000,1534352099000,0.00164,0.00121,0.000931,0.999,0.000663,nan,0.268,0.0,0.732,1.0,0.268,0.836,0.164,TS_Lin_Multi_Target,6,0.01,0.0,1,NO_SPLIT,1
1243,1028969,5500000,1534355823000,0.00132,0.00121,0.000932,0.999,0.000664,nan,0.267,0.0,0.733,1.0,0.267,0.832,0.168,TS_Lin_Multi_Target,6,0.01,0.0,1,NO_SPLIT,1
1270,1049354,5600000,1534359354000,0.00132,0.00121,0.000929,0.999,0.000661,nan,0.268,0.0,0.732,1.0,0.268,0.834,0.166,TS_Lin_Multi_Target,6,0.01,0.0,1,NO_SPLIT,1
1312,1069738,5700000,1534362421000,0.00151,0.00123,0.000936,0.999,0.000665,nan,0.27,0.0,0.73,1.0,0.27,0.829,0.171,TS_Lin_Multi_Target,6,0.01,0.0,1,NO_SPLIT,1
1340,1079360,6000000,1534387000000,0.00318,0.00124,0.000956,0.999,0.000694,nan,0.255,0.0,0.745,1.0,0.255,0.794,0.206,TS_Lin_Multi_Target,6,0.01,0.0,1,NO_SPLIT,1
1378,1099928,6100000,1534391894000,0.00208,0.00125,0.00096,0.999,0.000696,nan,0.256,0.0,0.744,1.0,0.256,0.791,0.209,TS_Lin_Multi_Target,6,0.01,0.0,1,NO_SPLIT,1
1418,1122242,6200000,1534395699000,0.00195,0.00126,0.000968,0.999,0.000701,nan,0.257,0.0,0.743,1.0,0.257,0.787,0.213,TS_Lin_Multi_Target,6,0.01,0.0,1,NO_SPLIT,1
1450,1144854,6300000,1534397928000,0.00177,0.00127,0.000964,0.999,0.000697,nan,0.259,0.0,0.741,1.0,0.259,0.788,0.212,TS_Lin_Multi_Target,6,0.01,0.0,1,NO_SPLIT,1
1474,1167175,6400000,1534400142000,0.0016,0.00126,0.000962,0.999,0.000695,nan,0.26,0.0,0.74,1.0,0.26,0.787,0.213,TS_Lin_Multi_Target,6,0.01,0.0,1,NO_SPLIT,1
1494,1189475,6500000,1534401980000,0.00147,0.00126,0.000956,0.999,0.00069,nan,0.261,0.0,0.739,1.0,0.261,0.788,0.212,TS_Lin_Multi_Target,6,0.01,0.0,1,NO_SPLIT,1
1510,1209914,6600000,1534403754000,0.00136,0.00125,0.000948,0.999,0.000683,nan,0.261,0.0,0.739,1.0,0.261,0.791,0.209,TS_Lin_Multi_Target,6,0.01,0.0,1,NO_SPLIT,1
1533,1230404,6700000,1534405748000,0.00133,0.00125,0.000944,0.999,0.00068,nan,0.262,0.0,0.738,1.0,0.262,0.792,0.208,TS_Lin_Multi_Target,6,0.01,0.0,1,NO_SPLIT,1
1547,1251931,6800000,1534407692000,0.000965,0.00124,0.000937,0.998,0.000675,nan,0.262,0.0,0.738,1.0,0.262,0.793,0.207,TS_Lin_Multi_Target,6,0.01,0.0,1,NO_SPLIT,1
1579,1274300,6900000,1534409775000,0.00125,0.00124,0.000934,0.998,0.00067,nan,0.265,0.0,0.735,1.0,0.265,0.793,0.207,TS_Lin_Multi_Target,6,0.01,0.0,1,NO_SPLIT,1
1598,1296846,7000000,1534411756000,0.00109,0.00123,0.000929,0.998,0.000666,nan,0.265,0.0,0.735,1.0,0.265,0.794,0.206,TS_Lin_Multi_Target,6,0.01,0.0,1,NO_SPLIT,1
1616,1318720,7100000,1534413572000,0.00102,0.00123,0.000923,0.998,0.000662,nan,0.266,0.0,0.734,1.0,0.266,0.794,0.206,TS_Lin_Multi_Target,6,0.01,0.0,1,NO_SPLIT,1
1644,1340917,7200000,1534415178000,0.00107,0.00123,0.000919,0.998,0.000657,nan,0.268,0.0,0.732,1.0,0.268,0.795,0.205,TS_Lin_Multi_Target,6,0.01,0.0,1,NO_SPLIT,1
1665,1363563,7300000,1534416750000,0.00105,0.00122,0.000915,0.998,0.000653,nan,0.268,0.0,0.732,1.0,0.268,0.795,0.205,TS_Lin_Multi_Target,6,0.01,0.0,1,NO_SPLIT,1
1693,1385582,7400000,1534418460000,0.00108,0.00122,0.000914,0.998,0.000652,nan,0.269,0.0,0.731,1.0,0.269,0.794,0.206,TS_Lin_Multi_Target,6,0.01,0.0,1,NO_SPLIT,1
1709,1407183,7500000,1534420152000,0.00104,0.00121,0.000918,0.998,0.000658,nan,0.267,0.0,0.733,1.0,0.267,0.788,0.212,TS_Lin_Multi_Target,6,0.01,0.0,1,NO_SPLIT,1
1730,1429015,7600000,1534421958000,0.00103,0.00121,0.000919,0.998,0.000659,nan,0.266,0.0,0.734,1.0,0.266,0.785,0.215,TS_Lin_Multi_Target,6,0.01,0.0,1,NO_SPLIT,1
1758,1451529,7700000,1534424198000,0.00105,0.00121,0.000919,0.998,0.000659,nan,0.267,0.0,0.733,1.0,0.267,0.783,0.217,TS_Lin_Multi_Target,6,0.01,0.0,1,NO_SPLIT,1
1794,1473276,7800000,1534426507000,0.00111,0.00122,0.000916,0.998,0.000654,nan,0.269,0.0,0.731,1.0,0.269,0.784,0.216,TS_Lin_Multi_Target,6,0.01,0.0,1,NO_SPLIT,1
1822,1495169,7900000,1534428901000,0.00128,0.00122,0.000916,0.998,0.000654,nan,0.27,0.0,0.73,1.0,0.27,0.781,0.219,TS_Lin_Multi_Target,6,0.01,0.0,1,NO_SPLIT,1
1840,1516451,8000000,1534431501000,0.000962,0.00121,0.000917,0.998,0.000656,nan,0.269,0.0,0.731,1.0,0.269,0.778,0.222,TS_Lin_Multi_Target,6,0.01,0.0,1,NO_SPLIT,1
1885,1537982,8100000,1534434488000,0.00144,0.00123,0.000922,0.998,0.000659,nan,0.27,0.0,0.73,1.0,0.27,0.774,0.226,TS_Lin_Multi_Target,6,0.01,0.0,1,NO_SPLIT,1
1917,1558549,8200000,1534438303000,0.00147,0.00123,0.000922,0.998,0.000657,nan,0.271,0.0,0.729,1.0,0.271,0.773,0.227,TS_Lin_Multi_Target,6,0.01,0.0,1,NO_SPLIT,1
1957,1579793,8300000,1534442273000,0.00157,0.00124,0.000927,0.998,0.000661,nan,0.272,0.0,0.728,1.0,0.272,0.768,0.232,TS_Lin_Multi_Target,6,0.01,0.0,1,NO_SPLIT,1
1978,1600730,8400000,1534445358000,0.00146,0.00124,0.000929,0.998,0.000663,nan,0.27,0.0,0.73,1.0,0.27,0.765,0.235,TS_Lin_Multi_Target,6,0.01,0.0,1,NO_SPLIT,1
2014,1621105,8500000,1534448098000,0.00151,0.00124,0.000934,0.998,0.000667,nan,0.271,0.0,0.729,1.0,0.271,0.761,0.239,TS_Lin_Multi_Target,6,0.01,0.0,1,NO_SPLIT,1
17,10299,400000,1534215666000,0.00165,0.00165,0.00114,0.998,0.000727,nan,0.347,0.0,0.653,1.0,0.347,0.81,0.19,TS_Lin_Multi_Target,6,0.001,0.0,1,NO_SPLIT,1
51,33213,500000,1534221203000,0.00154,0.00154,0.00135,0.997,0.000979,nan,0.266,0.0,0.734,1.0,0.266,0.642,0.358,TS_Lin_Multi_Target,6,0.001,0.0,1,NO_SPLIT,1
74,54299,600000,1534223933000,0.00136,0.00136,0.00112,0.997,0.000803,nan,0.274,0.0,0.726,1.0,0.274,0.705,0.295,TS_Lin_Multi_Target,6,0.001,0.0,1,NO_SPLIT,1
108,74921,700000,1534225990000,0.00144,0.00144,0.00107,0.997,0.000735,nan,0.299,0.0,0.701,1.0,0.299,0.736,0.264,TS_Lin_Multi_Target,6,0.001,0.0,1,NO_SPLIT,1
128,95586,800000,1534227870000,0.00134,0.00134,0.000943,0.997,0.000637,nan,0.311,0.0,0.689,1.0,0.311,0.8,0.2,TS_Lin_Multi_Target,6,0.001,0.0,1,NO_SPLIT,1
152,116480,900000,1534229635000,0.0013,0.0013,0.000884,0.997,0.000586,nan,0.323,0.0,0.677,1.0,0.323,0.834,0.166,TS_Lin_Multi_Target,6,0.001,0.0,1,NO_SPLIT,1
170,137419,1000000,1534231460000,0.000594,0.00124,0.000861,0.997,0.000581,nan,0.312,0.0,0.688,1.0,0.312,0.814,0.186,TS_Lin_Multi_Target,6,0.001,0.0,1,NO_SPLIT,1
189,158977,1100000,1534233317000,0.000755,0.00119,0.00082,0.996,0.00055,nan,0.316,0.0,0.684,1.0,0.316,0.82,0.18,TS_Lin_Multi_Target,6,0.001,0.0,1,NO_SPLIT,1
211,181597,1200000,1534235388000,0.000836,0.00116,0.000803,0.996,0.000538,nan,0.317,0.0,0.683,1.0,0.317,0.813,0.187,TS_Lin_Multi_Target,6,0.001,0.0,1,NO_SPLIT,1
248,204809,1300000,1534237355000,0.00104,0.00121,0.000815,0.996,0.000538,nan,0.328,0.0,0.672,1.0,0.328,0.799,0.201,TS_Lin_Multi_Target,6,0.001,0.0,1,NO_SPLIT,1
264,230586,1400000,1534238888000,0.000945,0.00114,0.000787,0.996,0.00052,nan,0.327,0.0,0.673,1.0,0.327,0.802,0.198,TS_Lin_Multi_Target,6,0.001,0.0,1,NO_SPLIT,1
287,257584,1500000,1534240422000,0.000927,0.00111,0.000771,0.996,0.000507,nan,0.331,0.0,0.669,1.0,0.331,0.803,0.197,TS_Lin_Multi_Target,6,0.001,0.0,1,NO_SPLIT,1
301,282783,1600000,1534241857000,0.000869,0.00106,0.000752,0.996,0.000498,nan,0.327,0.0,0.673,1.0,0.327,0.8,0.2,TS_Lin_Multi_Target,6,0.001,0.0,1,NO_SPLIT,1
319,307687,1700000,1534243199000,0.00085,0.00104,0.000742,0.996,0.000493,nan,0.325,0.0,0.675,1.0,0.325,0.795,0.205,TS_Lin_Multi_Target,6,0.001,0.0,1,NO_SPLIT,1
342,331981,1800000,1534244712000,0.000861,0.00103,0.000725,0.995,0.000476,nan,0.332,0.0,0.668,1.0,0.332,0.802,0.198,TS_Lin_Multi_Target,6,0.001,0.0,1,NO_SPLIT,1
354,356322,1900000,1534246424000,0.000823,0.000993,0.000718,0.995,0.000477,nan,0.325,0.0,0.675,1.0,0.325,0.795,0.205,TS_Lin_Multi_Target,6,0.001,0.0,1,NO_SPLIT,1
381,378604,2000000,1534248381000,0.000856,0.00101,0.000732,0.995,0.000489,nan,0.322,0.0,0.678,1.0,0.322,0.78,0.22,TS_Lin_Multi_Target,6,0.001,0.0,1,NO_SPLIT,1
421,400674,2100000,1534250381000,0.000932,0.00105,0.000746,0.995,0.000494,nan,0.328,0.0,0.672,1.0,0.328,0.773,0.227,TS_Lin_Multi_Target,6,0.001,0.0,1,NO_SPLIT,1
466,421981,2200000,1534252487000,0.00226,0.0011,0.000764,0.995,0.000501,nan,0.335,0.0,0.665,1.0,0.335,0.763,0.237,TS_Lin_Multi_Target,6,0.001,0.0,1,NO_SPLIT,1
498,442995,2300000,1534254861000,0.00173,0.00112,0.000778,0.995,0.000511,nan,0.334,0.0,0.666,1.0,0.334,0.746,0.254,TS_Lin_Multi_Target,6,0.001,0.0,1,NO_SPLIT,1
535,464310,2400000,1534257558000,0.00174,0.00115,0.000786,0.995,0.000515,nan,0.337,0.0,0.663,1.0,0.337,0.736,0.264,TS_Lin_Multi_Target,6,0.001,0.0,1,NO_SPLIT,1
564,485656,2500000,1534260327000,0.00162,0.00116,0.000789,0.995,0.000516,nan,0.338,0.0,0.662,1.0,0.338,0.73,0.27,TS_Lin_Multi_Target,6,0.001,0.0,1,NO_SPLIT,1
595,507668,2600000,1534263432000,0.00157,0.00117,0.000788,0.995,0.000514,nan,0.34,0.0,0.66,1.0,0.34,0.729,0.271,TS_Lin_Multi_Target,6,0.001,0.0,1,NO_SPLIT,1
639,530650,2700000,1534266431000,0.00164,0.0012,0.000805,0.995,0.000523,nan,0.343,0.0,0.657,1.0,0.343,0.72,0.28,TS_Lin_Multi_Target,6,0.001,0.0,1,NO_SPLIT,1
687,552845,2800000,1534269300000,0.00172,0.00124,0.000823,0.995,0.000533,nan,0.345,0.0,0.655,1.0,0.345,0.713,0.287,TS_Lin_Multi_Target,6,0.001,0.0,1,NO_SPLIT,1
724,575138,2900000,1534272798000,0.00171,0.00126,0.000824,0.995,0.000531,nan,0.349,0.0,0.651,1.0,0.349,0.713,0.287,TS_Lin_Multi_Target,6,0.001,0.0,1,NO_SPLIT,1
742,596856,3000000,1534275826000,0.000735,0.00124,0.000822,0.995,0.000533,nan,0.345,0.0,0.655,1.0,0.345,0.708,0.292,TS_Lin_Multi_Target,6,0.001,0.0,1,NO_SPLIT,1
795,619609,3100000,1534279185000,0.0016,0.00128,0.000839,0.995,0.000541,nan,0.349,0.0,0.651,1.0,0.349,0.7,0.3,TS_Lin_Multi_Target,6,0.001,0.0,1,NO_SPLIT,1
855,643042,3400000,1534307392000,0.0037,0.00133,0.000916,0.996,0.000628,nan,0.309,0.0,0.691,1.0,0.309,0.633,0.367,TS_Lin_Multi_Target,6,0.001,0.0,1,NO_SPLIT,1
895,667409,3500000,1534310553000,0.00218,0.00134,0.000925,0.996,0.000633,nan,0.31,0.0,0.69,1.0,0.31,0.629,0.371,TS_Lin_Multi_Target,6,0.001,0.0,1,NO_SPLIT,1
923,690626,3600000,1534313223000,0.00178,0.00134,0.000924,0.996,0.000632,nan,0.31,0.0,0.69,1.0,0.31,0.628,0.372,TS_Lin_Multi_Target,6,0.001,0.0,1,NO_SPLIT,1
972,714518,3700000,1534315472000,0.00186,0.00136,0.000922,0.996,0.000625,nan,0.318,0.0,0.682,1.0,0.318,0.632,0.368,TS_Lin_Multi_Target,6,0.001,0.0,1,NO_SPLIT,1
990,737963,3800000,1534317461000,0.00161,0.00134,0.000914,0.996,0.00062,nan,0.317,0.0,0.683,1.0,0.317,0.633,0.367,TS_Lin_Multi_Target,6,0.001,0.0,1,NO_SPLIT,1
1026,762756,3900000,1534319605000,0.00158,0.00135,0.000913,0.996,0.000617,nan,0.319,0.0,0.681,1.0,0.319,0.633,0.367,TS_Lin_Multi_Target,6,0.001,0.0,1,NO_SPLIT,1
1051,786929,4000000,1534321811000,0.00149,0.00134,0.00091,0.996,0.000614,nan,0.319,0.0,0.681,1.0,0.319,0.633,0.367,TS_Lin_Multi_Target,6,0.001,0.0,1,NO_SPLIT,1
1080,810837,4100000,1534324066000,0.00146,0.00133,0.000906,0.996,0.000611,nan,0.321,0.0,0.679,1.0,0.321,0.633,0.367,TS_Lin_Multi_Target,6,0.001,0.0,1,NO_SPLIT,1
1104,834559,4200000,1534325982000,0.0014,0.00132,0.000906,0.996,0.000612,nan,0.319,0.0,0.681,1.0,0.319,0.631,0.369,TS_Lin_Multi_Target,6,0.001,0.0,1,NO_SPLIT,1
1146,856516,4300000,1534327753000,0.00165,0.00134,0.000911,0.996,0.000614,nan,0.321,0.0,0.679,1.0,0.321,0.629,0.371,TS_Lin_Multi_Target,6,0.001,0.0,1,NO_SPLIT,1
1160,874996,4400000,1534329253000,0.000978,0.00133,0.000911,0.996,0.000618,nan,0.317,0.0,0.683,1.0,0.317,0.623,0.377,TS_Lin_Multi_Target,6,0.001,0.0,1,NO_SPLIT,1
1180,894409,4500000,1534330607000,0.001,0.00132,0.00091,0.996,0.000619,nan,0.315,0.0,0.685,1.0,0.315,0.62,0.38,TS_Lin_Multi_Target,6,0.001,0.0,1,NO_SPLIT,1
1210,912579,4600000,1534332371000,0.00119,0.00133,0.000914,0.996,0.000623,nan,0.314,0.0,0.686,1.0,0.314,0.616,0.384,TS_Lin_Multi_Target,6,0.001,0.0,1,NO_SPLIT,1
1231,931854,4700000,1534334282000,0.00117,0.00132,0.000911,0.996,0.000622,nan,0.313,0.0,0.687,1.0,0.313,0.613,0.387,TS_Lin_Multi_Target,6,0.001,0.0,1,NO_SPLIT,1
1257,951374,4800000,1534336223000,0.0012,0.00132,0.000905,0.996,0.000616,nan,0.315,0.0,0.685,1.0,0.315,0.613,0.387,TS_Lin_Multi_Target,6,0.001,0.0,1,NO_SPLIT,1
1278,971128,4900000,1534338220000,0.00118,0.00132,0.000904,0.996,0.000616,nan,0.313,0.0,0.687,1.0,0.313,0.611,0.389,TS_Lin_Multi_Target,6,0.001,0.0,1,NO_SPLIT,1
1306,991053,5000000,1534340324000,0.00121,0.00132,0.000902,0.996,0.000615,nan,0.314,0.0,0.686,1.0,0.314,0.609,0.391,TS_Lin_Multi_Target,6,0.001,0.0,1,NO_SPLIT,1
1326,1010694,5100000,1534342505000,0.00119,0.00131,0.000901,0.996,0.000616,nan,0.312,0.0,0.688,1.0,0.312,0.606,0.394,TS_Lin_Multi_Target,6,0.001,0.0,1,NO_SPLIT,1
1342,1029757,5200000,1534345017000,0.00115,0.0013,0.0009,0.996,0.000617,nan,0.31,0.0,0.69,1.0,0.31,0.602,0.398,TS_Lin_Multi_Target,6,0.001,0.0,1,NO_SPLIT,1
1372,1050042,5300000,1534348283000,0.00118,0.00131,0.00091,0.996,0.000626,nan,0.307,0.0,0.693,1.0,0.307,0.595,0.405,TS_Lin_Multi_Target,6,0.001,0.0,1,NO_SPLIT,1
1402,1074520,5400000,1534352099000,0.0012,0.0013,0.00091,0.996,0.000627,nan,0.307,0.0,0.693,1.0,0.307,0.594,0.406,TS_Lin_Multi_Target,6,0.001,0.0,1,NO_SPLIT,1
1432,1098798,5500000,1534355823000,0.00122,0.0013,0.000912,0.996,0.000628,nan,0.307,0.0,0.693,1.0,0.307,0.593,0.407,TS_Lin_Multi_Target,6,0.001,0.0,1,NO_SPLIT,1
1465,1123063,5600000,1534359354000,0.00127,0.0013,0.000909,0.996,0.000624,nan,0.309,0.0,0.691,1.0,0.309,0.594,0.406,TS_Lin_Multi_Target,6,0.001,0.0,1,NO_SPLIT,1
1523,1146771,5700000,1534362421000,0.00157,0.00133,0.000916,0.996,0.000626,nan,0.313,0.0,0.687,1.0,0.313,0.594,0.406,TS_Lin_Multi_Target,6,0.001,0.0,1,NO_SPLIT,1
1555,1158683,6000000,1534387000000,0.00274,0.00134,0.000937,0.996,0.000656,nan,0.296,0.0,0.704,1.0,0.296,0.574,0.426,TS_Lin_Multi_Target,6,0.001,0.0,1,NO_SPLIT,1
1594,1185542,6100000,1534391894000,0.00168,0.00134,0.000941,0.996,0.000659,nan,0.296,0.0,0.704,1.0,0.296,0.573,0.427,TS_Lin_Multi_Target,6,0.001,0.0,1,NO_SPLIT,1
1665,1214575,6200000,1534395699000,0.00204,0.00137,0.000949,0.996,0.000659,nan,0.302,0.0,0.698,1.0,0.302,0.575,0.425,TS_Lin_Multi_Target,6,0.001,0.0,1,NO_SPLIT,1
1699,1238553,6300000,1534397928000,0.00187,0.00137,0.000946,0.996,0.000655,nan,0.304,0.0,0.696,1.0,0.304,0.577,0.423,TS_Lin_Multi_Target,6,0.001,0.0,1,NO_SPLIT,1
1733,1262877,6400000,1534400142000,0.00176,0.00137,0.000944,0.996,0.000652,nan,0.305,0.0,0.695,1.0,0.305,0.577,0.423,TS_Lin_Multi_Target,6,0.001,0.0,1,NO_SPLIT,1
1757,1286380,6500000,1534401980000,0.00163,0.00137,0.000938,0.995,0.000647,nan,0.307,0.0,0.693,1.0,0.307,0.579,0.421,TS_Lin_Multi_Target,6,0.001,0.0,1,NO_SPLIT,1
1771,1309659,6600000,1534403754000,0.00148,0.00135,0.00093,0.995,0.000641,nan,0.307,0.0,0.693,1.0,0.307,0.581,0.419,TS_Lin_Multi_Target,6,0.001,0.0,1,NO_SPLIT,1
1798,1332818,6700000,1534405748000,0.00144,0.00135,0.000926,0.995,0.000638,nan,0.308,0.0,0.692,1.0,0.308,0.582,0.418,TS_Lin_Multi_Target,6,0.001,0.0,1,NO_SPLIT,1
1814,1357229,6800000,1534407692000,0.000969,0.00134,0.00092,0.995,0.000633,nan,0.308,0.0,0.692,1.0,0.308,0.583,0.417,TS_Lin_Multi_Target,6,0.001,0.0,1,NO_SPLIT,1
1858,1381959,6900000,1534409775000,0.00146,0.00134,0.000916,0.995,0.000627,nan,0.312,0.0,0.688,1.0,0.312,0.585,0.415,TS_Lin_Multi_Target,6,0.001,0.0,1,NO_SPLIT,1
1875,1406453,7000000,1534411756000,0.00117,0.00133,0.000911,0.995,0.000624,nan,0.311,0.0,0.689,1.0,0.311,0.584,0.416,TS_Lin_Multi_Target,6,0.001,0.0,1,NO_SPLIT,1
1893,1431532,7100000,1534413572000,0.00105,0.00132,0.000906,0.995,0.000621,nan,0.311,0.0,0.689,1.0,0.311,0.584,0.416,TS_Lin_Multi_Target,6,0.001,0.0,1,NO_SPLIT,1
1932,1455644,7200000,1534415178000,0.00117,0.00133,0.000902,0.995,0.000615,nan,0.315,0.0,0.685,1.0,0.315,0.586,0.414,TS_Lin_Multi_Target,6,0.001,0.0,1,NO_SPLIT,1
1963,1480369,7300000,1534416750000,0.00118,0.00133,0.000898,0.995,0.00061,nan,0.317,0.0,0.683,1.0,0.317,0.588,0.412,TS_Lin_Multi_Target,6,0.001,0.0,1,NO_SPLIT,1
2003,1505106,7400000,1534418460000,0.00125,0.00133,0.000897,0.995,0.000608,nan,0.318,0.0,0.682,1.0,0.318,0.588,0.412,TS_Lin_Multi_Target,6,0.001,0.0,1,NO_SPLIT,1
2051,1530394,7500000,1534420152000,0.00133,0.00134,0.000902,0.995,0.00061,nan,0.32,0.0,0.68,1.0,0.32,0.587,0.413,TS_Lin_Multi_Target,6,0.001,0.0,1,NO_SPLIT,1
2088,1555174,7600000,1534421958000,0.00135,0.00134,0.000903,0.995,0.00061,nan,0.321,0.0,0.679,1.0,0.321,0.586,0.414,TS_Lin_Multi_Target,6,0.001,0.0,1,NO_SPLIT,1
2130,1580446,7700000,1534424198000,0.00138,0.00135,0.000903,0.995,0.000608,nan,0.323,0.0,0.677,1.0,0.323,0.586,0.414,TS_Lin_Multi_Target,6,0.001,0.0,1,NO_SPLIT,1
2168,1605342,7800000,1534426507000,0.0014,0.00135,0.0009,0.995,0.000604,nan,0.325,0.0,0.675,1.0,0.325,0.587,0.413,TS_Lin_Multi_Target,6,0.001,0.0,1,NO_SPLIT,1
2204,1630449,7900000,1534428901000,0.00156,0.00135,0.0009,0.995,0.000604,nan,0.326,0.0,0.674,1.0,0.326,0.586,0.414,TS_Lin_Multi_Target,6,0.001,0.0,1,NO_SPLIT,1
2226,1654490,8000000,1534431501000,0.00109,0.00135,0.000901,0.995,0.000605,nan,0.325,0.0,0.675,1.0,0.325,0.584,0.416,TS_Lin_Multi_Target,6,0.001,0.0,1,NO_SPLIT,1
2270,1679838,8100000,1534434488000,0.00137,0.00135,0.000906,0.995,0.000609,nan,0.325,0.0,0.675,1.0,0.325,0.582,0.418,TS_Lin_Multi_Target,6,0.001,0.0,1,NO_SPLIT,1
2311,1705630,8200000,1534438303000,0.00144,0.00135,0.000906,0.995,0.000607,nan,0.327,0.0,0.673,1.0,0.327,0.582,0.418,TS_Lin_Multi_Target,6,0.001,0.0,1,NO_SPLIT,1
2369,1731926,8300000,1534442273000,0.00162,0.00137,0.000911,0.995,0.000609,nan,0.329,0.0,0.671,1.0,0.329,0.581,0.419,TS_Lin_Multi_Target,6,0.001,0.0,1,NO_SPLIT,1
2406,1756384,8400000,1534445358000,0.0016,0.00137,0.000913,0.995,0.00061,nan,0.329,0.0,0.671,1.0,0.329,0.58,0.42,TS_Lin_Multi_Target,6,0.001,0.0,1,NO_SPLIT,1
2450,1781014,8500000,1534448098000,0.00163,0.00138,0.000918,0.995,0.000613,nan,0.329,0.0,0.671,1.0,0.329,0.579,0.421,TS_Lin_Multi_Target,6,0.001,0.0,1,NO_SPLIT,1
11,6763,400000,1534215666000,0.00163,0.00163,0.0018,1.18,0.000864,nan,0.224,0.0,0.776,1.0,0.224,2.62,-1.62,TS_Lin_Multi_Target,6,0.1,0.0,1,NO_SPLIT,2
31,24503,500000,1534221203000,0.00127,0.00127,0.0019,1.15,0.00112,nan,0.161,0.0,0.839,1.0,0.161,2.02,-1.02,TS_Lin_Multi_Target,6,0.1,0.0,1,NO_SPLIT,2
47,41192,600000,1534223933000,0.00114,0.00114,0.00166,1.14,0.000914,nan,0.174,0.0,0.826,1.0,0.174,2.33,-1.33,TS_Lin_Multi_Target,6,0.1,0.0,1,NO_SPLIT,2
65,58018,700000,1534225990000,0.00112,0.00112,0.00159,1.14,0.00086,nan,0.18,0.0,0.82,1.0,0.18,2.41,-1.41,TS_Lin_Multi_Target,6,0.1,0.0,1,NO_SPLIT,2
70,74906,800000,1534227870000,0.000935,0.000935,0.00148,1.14,0.000768,nan,0.17,0.0,0.83,1.0,0.17,2.68,-1.68,TS_Lin_Multi_Target,6,0.1,0.0,1,NO_SPLIT,2
83,91742,900000,1534229635000,0.000905,0.000905,0.00141,1.14,0.000713,nan,0.176,0.0,0.824,1.0,0.176,2.83,-1.83,TS_Lin_Multi_Target,6,0.1,0.0,1,NO_SPLIT,2
89,108933,1000000,1534231460000,0.000432,0.000817,0.00137,1.13,0.000707,nan,0.164,0.0,0.836,1.0,0.164,2.82,-1.82,TS_Lin_Multi_Target,6,0.1,0.0,1,NO_SPLIT,2
105,126451,1100000,1534233317000,0.0007,0.00083,0.00131,1.12,0.000663,nan,0.176,0.0,0.824,1.0,0.176,2.91,-1.91,TS_Lin_Multi_Target,6,0.1,0.0,1,NO_SPLIT,2
121,144314,1200000,1534235388000,0.000771,0.000838,0.00128,1.12,0.000645,nan,0.182,0.0,0.818,1.0,0.182,2.92,-1.92,TS_Lin_Multi_Target,6,0.1,0.0,1,NO_SPLIT,2
143,161974,1300000,1534237355000,0.000896,0.000883,0.00129,1.12,0.000649,nan,0.189,0.0,0.811,1.0,0.189,2.86,-1.86,TS_Lin_Multi_Target,6,0.1,0.0,1,NO_SPLIT,2
156,181649,1400000,1534238888000,0.000843,0.000859,0.00125,1.11,0.000624,nan,0.193,0.0,0.807,1.0,0.193,2.91,-1.91,TS_Lin_Multi_Target,6,0.1,0.0,1,NO_SPLIT,2
171,201552,1500000,1534240422000,0.000826,0.000848,0.00122,1.11,0.000608,nan,0.197,0.0,0.803,1.0,0.197,2.93,-1.93,TS_Lin_Multi_Target,6,0.1,0.0,1,NO_SPLIT,2
177,222078,1600000,1534241857000,0.00074,0.000797,0.00119,1.11,0.000597,nan,0.192,0.0,0.808,1.0,0.192,2.95,-1.95,TS_Lin_Multi_Target,6,0.1,0.0,1,NO_SPLIT,2
188,242433,1700000,1534243199000,0.000712,0.000775,0.00117,1.1,0.00059,nan,0.192,0.0,0.808,1.0,0.192,2.96,-1.96,TS_Lin_Multi_Target,6,0.1,0.0,1,NO_SPLIT,2
196,262237,1800000,1534244712000,0.000676,0.000747,0.00115,1.1,0.000578,nan,0.19,0.0,0.81,1.0,0.19,2.99,-1.99,TS_Lin_Multi_Target,6,0.1,0.0,1,NO_SPLIT,2
202,281676,1900000,1534246424000,0.000638,0.000717,0.00113,1.1,0.000575,nan,0.185,0.0,0.815,1.0,0.185,2.99,-1.99,TS_Lin_Multi_Target,6,0.1,0.0,1,NO_SPLIT,2
220,299189,2000000,1534248381000,0.000671,0.000735,0.00114,1.1,0.000587,nan,0.186,0.0,0.814,1.0,0.186,2.93,-1.93,TS_Lin_Multi_Target,6,0.1,0.0,1,NO_SPLIT,2
236,316823,2100000,1534250381000,0.00069,0.000745,0.00116,1.1,0.0006,nan,0.184,0.0,0.816,1.0,0.184,2.87,-1.87,TS_Lin_Multi_Target,6,0.1,0.0,1,NO_SPLIT,2
256,334942,2200000,1534252487000,0.00133,0.000764,0.00117,1.1,0.000614,nan,0.184,0.0,0.816,1.0,0.184,2.8,-1.8,TS_Lin_Multi_Target,6,0.1,0.0,1,NO_SPLIT,2
275,352780,2300000,1534254861000,0.00114,0.00078,0.00117,1.1,0.000626,nan,0.184,0.0,0.816,1.0,0.184,2.72,-1.72,TS_Lin_Multi_Target,6,0.1,0.0,1,NO_SPLIT,2
293,370846,2400000,1534257558000,0.00108,0.00079,0.00117,1.09,0.000633,nan,0.185,0.0,0.815,1.0,0.185,2.66,-1.66,TS_Lin_Multi_Target,6,0.1,0.0,1,NO_SPLIT,2
306,388882,2500000,1534260327000,0.000976,0.000787,0.00117,1.09,0.000637,nan,0.183,0.0,0.817,1.0,0.183,2.63,-1.63,TS_Lin_Multi_Target,6,0.1,0.0,1,NO_SPLIT,2
316,406893,2600000,1534263432000,0.000881,0.000777,0.00116,1.09,0.000638,nan,0.181,0.0,0.819,1.0,0.181,2.61,-1.61,TS_Lin_Multi_Target,6,0.1,0.0,1,NO_SPLIT,2
344,424902,2700000,1534266431000,0.00101,0.00081,0.00117,1.09,0.000649,nan,0.184,0.0,0.816,1.0,0.184,2.55,-1.55,TS_Lin_Multi_Target,6,0.1,0.0,1,NO_SPLIT,2
374,442562,2800000,1534269300000,0.00111,0.000845,0.00119,1.09,0.000661,nan,0.188,0.0,0.812,1.0,0.188,2.49,-1.49,TS_Lin_Multi_Target,6,0.1,0.0,1,NO_SPLIT,2
389,461040,2900000,1534272798000,0.00107,0.000844,0.00118,1.09,0.000663,nan,0.187,0.0,0.813,1.0,0.187,2.47,-1.47,TS_Lin_Multi_Target,6,0.1,0.0,1,NO_SPLIT,2
409,478586,3000000,1534275826000,0.00092,0.000855,0.00117,1.08,0.000658,nan,0.19,0.0,0.81,1.0,0.19,2.46,-1.46,TS_Lin_Multi_Target,6,0.1,0.0,1,NO_SPLIT,2
445,496052,3100000,1534279185000,0.00153,0.000897,0.00119,1.08,0.000669,nan,0.195,0.0,0.805,1.0,0.195,2.4,-1.4,TS_Lin_Multi_Target,6,0.1,0.0,1,NO_SPLIT,2
477,516353,3400000,1534307392000,0.00171,0.000924,0.00124,1.08,0.000752,nan,0.172,0.0,0.828,1.0,0.172,2.09,-1.09,TS_Lin_Multi_Target,6,0.1,0.0,1,NO_SPLIT,2
503,535006,3500000,1534310553000,0.00148,0.00094,0.00124,1.08,0.000758,nan,0.174,0.0,0.826,1.0,0.174,2.07,-1.07,TS_Lin_Multi_Target,6,0.1,0.0,1,NO_SPLIT,2
524,553633,3600000,1534313223000,0.00133,0.000946,0.00124,1.08,0.000755,nan,0.176,0.0,0.824,1.0,0.176,2.07,-1.07,TS_Lin_Multi_Target,6,0.1,0.0,1,NO_SPLIT,2
547,572237,3700000,1534315472000,0.0013,0.000956,0.00124,1.08,0.000752,nan,0.179,0.0,0.821,1.0,0.179,2.07,-1.07,TS_Lin_Multi_Target,6,0.1,0.0,1,NO_SPLIT,2
564,590647,3800000,1534317461000,0.00122,0.000955,0.00123,1.07,0.000744,nan,0.18,0.0,0.82,1.0,0.18,2.09,-1.09,TS_Lin_Multi_Target,6,0.1,0.0,1,NO_SPLIT,2
586,609122,3900000,1534319605000,0.00121,0.000962,0.00122,1.07,0.000741,nan,0.182,0.0,0.818,1.0,0.182,2.09,-1.09,TS_Lin_Multi_Target,6,0.1,0.0,1,NO_SPLIT,2
608,627562,4000000,1534321811000,0.00121,0.000969,0.00122,1.07,0.000736,nan,0.185,0.0,0.815,1.0,0.185,2.09,-1.09,TS_Lin_Multi_Target,6,0.1,0.0,1,NO_SPLIT,2
622,645725,4100000,1534324066000,0.00115,0.000963,0.00121,1.07,0.000733,nan,0.185,0.0,0.815,1.0,0.185,2.1,-1.1,TS_Lin_Multi_Target,6,0.1,0.0,1,NO_SPLIT,2
641,663616,4200000,1534325982000,0.00114,0.000966,0.00121,1.07,0.000732,nan,0.185,0.0,0.815,1.0,0.185,2.1,-1.1,TS_Lin_Multi_Target,6,0.1,0.0,1,NO_SPLIT,2
661,682715,4300000,1534327753000,0.00114,0.000968,0.00121,1.07,0.000737,nan,0.185,0.0,0.815,1.0,0.185,2.09,-1.09,TS_Lin_Multi_Target,6,0.1,0.0,1,NO_SPLIT,2
685,703636,4400000,1534329253000,0.00115,0.000974,0.00121,1.07,0.000736,nan,0.187,0.0,0.813,1.0,0.187,2.07,-1.07,TS_Lin_Multi_Target,6,0.1,0.0,1,NO_SPLIT,2
709,722295,4500000,1534330607000,0.0012,0.000982,0.00121,1.07,0.000733,nan,0.189,0.0,0.811,1.0,0.189,2.06,-1.06,TS_Lin_Multi_Target,6,0.1,0.0,1,NO_SPLIT,2
732,743974,4600000,1534332371000,0.00116,0.000984,0.00121,1.07,0.000735,nan,0.19,0.0,0.81,1.0,0.19,2.05,-1.05,TS_Lin_Multi_Target,6,0.1,0.0,1,NO_SPLIT,2
764,765243,4700000,1534334282000,0.00124,0.000998,0.0012,1.07,0.000729,nan,0.194,0.0,0.806,1.0,0.194,2.04,-1.04,TS_Lin_Multi_Target,6,0.1,0.0,1,NO_SPLIT,2
778,785532,4800000,1534336223000,0.00114,0.00099,0.00119,1.07,0.000724,nan,0.195,0.0,0.805,1.0,0.195,2.04,-1.04,TS_Lin_Multi_Target,6,0.1,0.0,1,NO_SPLIT,2
798,805567,4900000,1534338220000,0.00112,0.000991,0.00119,1.07,0.000722,nan,0.196,0.0,0.804,1.0,0.196,2.03,-1.03,TS_Lin_Multi_Target,6,0.1,0.0,1,NO_SPLIT,2
828,825771,5000000,1534340324000,0.00117,0.001,0.00118,1.06,0.000718,nan,0.199,0.0,0.801,1.0,0.199,2.02,-1.02,TS_Lin_Multi_Target,6,0.1,0.0,1,NO_SPLIT,2
850,846161,5100000,1534342505000,0.00116,0.001,0.00118,1.06,0.000716,nan,0.2,0.0,0.8,1.0,0.2,2.02,-1.02,TS_Lin_Multi_Target,6,0.1,0.0,1,NO_SPLIT,2
870,866744,5200000,1534345017000,0.00114,0.001,0.00117,1.06,0.000714,nan,0.201,0.0,0.799,1.0,0.201,2.01,-1.01,TS_Lin_Multi_Target,6,0.1,0.0,1,NO_SPLIT,2
900,888047,5300000,1534348283000,0.00116,0.00101,0.00118,1.06,0.000722,nan,0.201,0.0,0.799,1.0,0.201,1.98,-0.98,TS_Lin_Multi_Target,6,0.1,0.0,1,NO_SPLIT,2
912,903410,5400000,1534352099000,0.000815,0.00101,0.00118,1.06,0.000724,nan,0.2,0.0,0.8,1.0,0.2,1.96,-0.962,TS_Lin_Multi_Target,6,0.1,0.0,1,NO_SPLIT,2
930,919432,5500000,1534355823000,0.00099,0.00101,0.00117,1.06,0.000725,nan,0.2,0.0,0.8,1.0,0.2,1.94,-0.945,TS_Lin_Multi_Target,6,0.1,0.0,1,NO_SPLIT,2
948,937586,5600000,1534359354000,0.00099,0.00101,0.00117,1.06,0.000722,nan,0.2,0.0,0.8,1.0,0.2,1.94,-0.936,TS_Lin_Multi_Target,6,0.1,0.0,1,NO_SPLIT,2
981,957689,5700000,1534362421000,0.00119,0.00102,0.00117,1.06,0.000727,nan,0.202,0.0,0.798,1.0,0.202,1.91,-0.912,TS_Lin_Multi_Target,6,0.1,0.0,1,NO_SPLIT,2
997,966637,6000000,1534387000000,0.00241,0.00103,0.00118,1.06,0.000755,nan,0.19,0.0,0.81,1.0,0.19,1.8,-0.802,TS_Lin_Multi_Target,6,0.1,0.0,1,NO_SPLIT,2
1015,983702,6100000,1534391894000,0.00128,0.00103,0.00118,1.06,0.00076,nan,0.189,0.0,0.811,1.0,0.189,1.79,-0.79,TS_Lin_Multi_Target,6,0.1,0.0,1,NO_SPLIT,2
1060,1000508,6200000,1534395699000,0.00191,0.00106,0.00119,1.06,0.000763,nan,0.192,0.0,0.808,1.0,0.192,1.78,-0.775,TS_Lin_Multi_Target,6,0.1,0.0,1,NO_SPLIT,2
1084,1017664,6300000,1534397928000,0.00175,0.00107,0.00118,1.05,0.000758,nan,0.194,0.0,0.806,1.0,0.194,1.77,-0.774,TS_Lin_Multi_Target,6,0.1,0.0,1,NO_SPLIT,2
1110,1035334,6400000,1534400142000,0.00168,0.00107,0.00118,1.05,0.000755,nan,0.196,0.0,0.804,1.0,0.196,1.77,-0.772,TS_Lin_Multi_Target,6,0.1,0.0,1,NO_SPLIT,2
1116,1052431,6500000,1534401980000,0.00143,0.00106,0.00117,1.05,0.000751,nan,0.195,0.0,0.805,1.0,0.195,1.77,-0.774,TS_Lin_Multi_Target,6,0.1,0.0,1,NO_SPLIT,2
1116,1069445,6600000,1534403754000,0.0012,0.00104,0.00116,1.05,0.000746,nan,0.193,0.0,0.807,1.0,0.193,1.78,-0.779,TS_Lin_Multi_Target,6,0.1,0.0,1,NO_SPLIT,2
1122,1086345,6700000,1534405748000,0.00108,0.00103,0.00116,1.05,0.000745,nan,0.192,0.0,0.808,1.0,0.192,1.78,-0.778,TS_Lin_Multi_Target,6,0.1,0.0,1,NO_SPLIT,2
1136,1103624,6800000,1534407692000,0.00106,0.00103,0.00115,1.05,0.000738,nan,0.193,0.0,0.807,1.0,0.193,1.78,-0.783,TS_Lin_Multi_Target,6,0.1,0.0,1,NO_SPLIT,2
1148,1121245,6900000,1534409775000,0.000828,0.00102,0.00114,1.05,0.000736,nan,0.193,0.0,0.807,1.0,0.193,1.78,-0.782,TS_Lin_Multi_Target,6,0.1,0.0,1,NO_SPLIT,2
1165,1138380,7000000,1534411756000,0.000889,0.00102,0.00114,1.05,0.000731,nan,0.193,0.0,0.807,1.0,0.193,1.78,-0.784,TS_Lin_Multi_Target,6,0.1,0.0,1,NO_SPLIT,2
1173,1155843,7100000,1534413572000,0.000771,0.00101,0.00113,1.05,0.000727,nan,0.193,0.0,0.807,1.0,0.193,1.79,-0.786,TS_Lin_Multi_Target,6,0.1,0.0,1,NO_SPLIT,2
1194,1173385,7200000,1534415178000,0.000863,0.00102,0.00112,1.05,0.000723,nan,0.194,0.0,0.806,1.0,0.194,1.79,-0.787,TS_Lin_Multi_Target,6,0.1,0.0,1,NO_SPLIT,2
1212,1190834,7300000,1534416750000,0.000893,0.00102,0.00112,1.05,0.000719,nan,0.195,0.0,0.805,1.0,0.195,1.79,-0.788,TS_Lin_Multi_Target,6,0.1,0.0,1,NO_SPLIT,2
1241,1208239,7400000,1534418460000,0.00101,0.00103,0.00112,1.05,0.000717,nan,0.197,0.0,0.803,1.0,0.197,1.78,-0.784,TS_Lin_Multi_Target,6,0.1,0.0,1,NO_SPLIT,2
1263,1225420,7500000,1534420152000,0.00104,0.00103,0.00112,1.05,0.00072,nan,0.197,0.0,0.803,1.0,0.197,1.77,-0.773,TS_Lin_Multi_Target,6,0.1,0.0,1,NO_SPLIT,2
1291,1242907,7600000,1534421958000,0.00111,0.00104,0.00112,1.05,0.00072,nan,0.198,0.0,0.802,1.0,0.198,1.77,-0.768,TS_Lin_Multi_Target,6,0.1,0.0,1,NO_SPLIT,2
1315,1260490,7700000,1534424198000,0.00114,0.00104,0.00112,1.05,0.000719,nan,0.199,0.0,0.801,1.0,0.199,1.76,-0.763,TS_Lin_Multi_Target,6,0.1,0.0,1,NO_SPLIT,2
1333,1278232,7800000,1534426507000,0.00112,0.00104,0.00111,1.05,0.000716,nan,0.2,0.0,0.8,1.0,0.2,1.76,-0.762,TS_Lin_Multi_Target,6,0.1,0.0,1,NO_SPLIT,2
1347,1295868,7900000,1534428901000,0.00094,0.00104,0.00111,1.05,0.000717,nan,0.199,0.0,0.801,1.0,0.199,1.75,-0.755,TS_Lin_Multi_Target,6,0.1,0.0,1,NO_SPLIT,2
1365,1312968,8000000,1534431501000,0.00102,0.00104,0.00111,1.05,0.000718,nan,0.199,0.0,0.801,1.0,0.199,1.75,-0.748,TS_Lin_Multi_Target,6,0.1,0.0,1,NO_SPLIT,2
1384,1330233,8100000,1534434488000,0.00106,0.00104,0.00111,1.05,0.000723,nan,0.198,0.0,0.802,1.0,0.198,1.73,-0.733,TS_Lin_Multi_Target,6,0.1,0.0,1,NO_SPLIT,2
1402,1347433,8200000,1534438303000,0.00105,0.00104,0.00111,1.05,0.000723,nan,0.198,0.0,0.802,1.0,0.198,1.73,-0.728,TS_Lin_Multi_Target,6,0.1,0.0,1,NO_SPLIT,2
1426,1365084,8300000,1534442273000,0.00112,0.00104,0.00112,1.04,0.000728,nan,0.198,0.0,0.802,1.0,0.198,1.71,-0.714,TS_Lin_Multi_Target,6,0.1,0.0,1,NO_SPLIT,2
1450,1383901,8400000,1534445358000,0.00115,0.00105,0.00112,1.04,0.000729,nan,0.198,0.0,0.802,1.0,0.198,1.71,-0.706,TS_Lin_Multi_Target,6,0.1,0.0,1,NO_SPLIT,2
1469,1402631,8500000,1534448098000,0.00113,0.00105,0.00112,1.04,0.000734,nan,0.197,0.0,0.803,1.0,0.197,1.69,-0.694,TS_Lin_Multi_Target,6,0.1,0.0,1,NO_SPLIT,2
8,8620,400000,1534215666000,0.000928,0.000928,0.00119,1.01,0.000932,nan,0.163,0.0,0.837,1.0,0.163,1.02,-0.0178,TS_Lin_Multi_Target,6,0.01,0.0,1,NO_SPLIT,2
44,28975,500000,1534221203000,0.00152,0.00152,0.00139,1.01,0.00103,nan,0.229,0.0,0.771,1.0,0.229,0.884,0.116,TS_Lin_Multi_Target,6,0.01,0.0,1,NO_SPLIT,2
57,48067,600000,1534223933000,0.00119,0.00119,0.00117,1.01,0.000873,nan,0.211,0.0,0.789,1.0,0.211,0.984,0.0155,TS_Lin_Multi_Target,6,0.01,0.0,1,NO_SPLIT,2
80,66704,700000,1534225990000,0.0012,0.0012,0.00111,1.01,0.000817,nan,0.222,0.0,0.778,1.0,0.222,1.02,-0.022,TS_Lin_Multi_Target,6,0.01,0.0,1,NO_SPLIT,2
99,85409,800000,1534227870000,0.00116,0.00116,0.000987,1.01,0.000703,nan,0.241,0.0,0.759,1.0,0.241,1.13,-0.131,TS_Lin_Multi_Target,6,0.01,0.0,1,NO_SPLIT,2
121,104198,900000,1534229635000,0.00116,0.00116,0.000927,1.01,0.000643,nan,0.257,0.0,0.743,1.0,0.257,1.19,-0.192,TS_Lin_Multi_Target,6,0.01,0.0,1,NO_SPLIT,2
150,123666,1000000,1534231460000,0.0012,0.00121,0.000903,1.0,0.000612,nan,0.276,0.0,0.724,1.0,0.276,1.2,-0.196,TS_Lin_Multi_Target,6,0.01,0.0,1,NO_SPLIT,2
171,143054,1100000,1534233317000,0.00114,0.0012,0.00086,1.0,0.000574,nan,0.286,0.0,0.714,1.0,0.286,1.22,-0.221,TS_Lin_Multi_Target,6,0.01,0.0,1,NO_SPLIT,2
187,163722,1200000,1534235388000,0.001,0.00114,0.000842,1.0,0.000566,nan,0.281,0.0,0.719,1.0,0.281,1.21,-0.213,TS_Lin_Multi_Target,6,0.01,0.0,1,NO_SPLIT,2
224,184089,1300000,1534237355000,0.00122,0.00122,0.000853,1.0,0.000564,nan,0.296,0.0,0.704,1.0,0.296,1.19,-0.193,TS_Lin_Multi_Target,6,0.01,0.0,1,NO_SPLIT,2
232,206623,1400000,1534238888000,0.00102,0.00112,0.000824,1.0,0.000551,nan,0.287,0.0,0.713,1.0,0.287,1.2,-0.202,TS_Lin_Multi_Target,6,0.01,0.0,1,NO_SPLIT,2
251,229732,1500000,1534240422000,0.000984,0.00109,0.000808,1.0,0.000538,nan,0.29,0.0,0.71,1.0,0.29,1.21,-0.206,TS_Lin_Multi_Target,6,0.01,0.0,1,NO_SPLIT,2
263,252065,1600000,1534241857000,0.000915,0.00104,0.000788,1.0,0.000528,nan,0.286,0.0,0.714,1.0,0.286,1.21,-0.209,TS_Lin_Multi_Target,6,0.01,0.0,1,NO_SPLIT,2
282,274956,1700000,1534243199000,0.000904,0.00103,0.000777,1.0,0.00052,nan,0.287,0.0,0.713,1.0,0.287,1.21,-0.209,TS_Lin_Multi_Target,6,0.01,0.0,1,NO_SPLIT,2
299,297393,1800000,1534244712000,0.000886,0.00101,0.00076,1.0,0.000506,nan,0.29,0.0,0.71,1.0,0.29,1.22,-0.219,TS_Lin_Multi_Target,6,0.01,0.0,1,NO_SPLIT,2
313,319516,1900000,1534246424000,0.00086,0.00098,0.000752,1.0,0.000503,nan,0.287,0.0,0.713,1.0,0.287,1.22,-0.217,TS_Lin_Multi_Target,6,0.01,0.0,1,NO_SPLIT,2
346,340170,2000000,1534248381000,0.000925,0.00102,0.000766,1.0,0.00051,nan,0.292,0.0,0.708,1.0,0.292,1.2,-0.198,TS_Lin_Multi_Target,6,0.01,0.0,1,NO_SPLIT,2
372,360532,2100000,1534250381000,0.000954,0.00103,0.00078,1.0,0.000522,nan,0.29,0.0,0.71,1.0,0.29,1.18,-0.177,TS_Lin_Multi_Target,6,0.01,0.0,1,NO_SPLIT,2
402,380538,2200000,1534252487000,0.00154,0.00106,0.000797,1.0,0.000535,nan,0.289,0.0,0.711,1.0,0.289,1.15,-0.15,TS_Lin_Multi_Target,6,0.01,0.0,1,NO_SPLIT,2
438,400772,2300000,1534254861000,0.00171,0.00109,0.00081,1.0,0.000542,nan,0.294,0.0,0.706,1.0,0.294,1.12,-0.124,TS_Lin_Multi_Target,6,0.01,0.0,1,NO_SPLIT,2
464,421578,2400000,1534257558000,0.00151,0.0011,0.000818,1.0,0.000549,nan,0.292,0.0,0.708,1.0,0.292,1.1,-0.102,TS_Lin_Multi_Target,6,0.01,0.0,1,NO_SPLIT,2
482,441869,2500000,1534260327000,0.00133,0.00109,0.00082,1.0,0.000555,nan,0.288,0.0,0.712,1.0,0.288,1.09,-0.088,TS_Lin_Multi_Target,6,0.01,0.0,1,NO_SPLIT,2
506,462908,2600000,1534263432000,0.00129,0.00109,0.000818,1.0,0.000553,nan,0.289,0.0,0.711,1.0,0.289,1.08,-0.0821,TS_Lin_Multi_Target,6,0.01,0.0,1,NO_SPLIT,2
535,484019,2700000,1534266431000,0.0013,0.00111,0.000834,1.0,0.000567,nan,0.287,0.0,0.713,1.0,0.287,1.06,-0.0594,TS_Lin_Multi_Target,6,0.01,0.0,1,NO_SPLIT,2
583,504834,2800000,1534269300000,0.00146,0.00115,0.000852,1.0,0.000576,nan,0.293,0.0,0.707,1.0,0.293,1.04,-0.0431,TS_Lin_Multi_Target,6,0.01,0.0,1,NO_SPLIT,2
616,526060,2900000,1534272798000,0.00147,0.00117,0.000853,1.0,0.000574,nan,0.297,0.0,0.703,1.0,0.297,1.04,-0.0401,TS_Lin_Multi_Target,6,0.01,0.0,1,NO_SPLIT,2
634,545603,3000000,1534275826000,0.000939,0.00116,0.00085,1.0,0.000573,nan,0.295,0.0,0.705,1.0,0.295,1.04,-0.035,TS_Lin_Multi_Target,6,0.01,0.0,1,NO_SPLIT,2
673,565104,3100000,1534279185000,0.00151,0.00119,0.000867,1.0,0.000586,nan,0.295,0.0,0.705,1.0,0.295,1.01,-0.0146,TS_Lin_Multi_Target,6,0.01,0.0,1,NO_SPLIT,2
721,586513,3400000,1534307392000,0.0037,0.00123,0.000942,1.0,0.000672,nan,0.261,0.0,0.739,1.0,0.261,0.901,0.0986,TS_Lin_Multi_Target,6,0.01,0.0,1,NO_SPLIT,2
753,608796,3500000,1534310553000,0.00201,0.00124,0.000951,1.0,0.000678,nan,0.261,0.0,0.739,1.0,0.261,0.89,0.11,TS_Lin_Multi_Target,6,0.01,0.0,1,NO_SPLIT,2
779,630030,3600000,1534313223000,0.00168,0.00124,0.000949,1.0,0.000677,nan,0.262,0.0,0.738,1.0,0.262,0.886,0.114,TS_Lin_Multi_Target,6,0.01,0.0,1,NO_SPLIT,2
809,652428,3700000,1534315472000,0.00158,0.00124,0.000947,1.0,0.000673,nan,0.264,0.0,0.736,1.0,0.264,0.884,0.116,TS_Lin_Multi_Target,6,0.01,0.0,1,NO_SPLIT,2
828,675152,3800000,1534317461000,0.0014,0.00123,0.000939,1.0,0.000667,nan,0.265,0.0,0.735,1.0,0.265,0.885,0.115,TS_Lin_Multi_Target,6,0.01,0.0,1,NO_SPLIT,2
854,698522,3900000,1534319605000,0.00135,0.00122,0.000937,1.0,0.000666,nan,0.266,0.0,0.734,1.0,0.266,0.881,0.119,TS_Lin_Multi_Target,6,0.01,0.0,1,NO_SPLIT,2
883,721714,4000000,1534321811000,0.00133,0.00122,0.000933,1.0,0.000661,nan,0.268,0.0,0.732,1.0,0.268,0.881,0.119,TS_Lin_Multi_Target,6,0.01,0.0,1,NO_SPLIT,2
915,744512,4100000,1534324066000,0.00134,0.00123,0.000929,1.0,0.000655,nan,0.272,0.0,0.728,1.0,0.272,0.882,0.118,TS_Lin_Multi_Target,6,0.01,0.0,1,NO_SPLIT,2
942,767215,4200000,1534325982000,0.00132,0.00123,0.000929,1.0,0.000654,nan,0.273,0.0,0.727,1.0,0.273,0.88,0.12,TS_Lin_Multi_Target,6,0.01,0.0,1,NO_SPLIT,2
986,788682,4300000,1534327753000,0.00181,0.00125,0.000933,1.0,0.000654,nan,0.277,0.0,0.723,1.0,0.277,0.875,0.125,TS_Lin_Multi_Target,6,0.01,0.0,1,NO_SPLIT,2
1018,808039,4400000,1534329253000,0.00169,0.00126,0.000934,1.0,0.000653,nan,0.278,0.0,0.722,1.0,0.278,0.87,0.13,TS_Lin_Multi_Target,6,0.01,0.0,1,NO_SPLIT,2
1051,827145,4500000,1534330607000,0.00171,0.00127,0.000932,1.0,0.00065,nan,0.281,0.0,0.719,1.0,0.281,0.867,0.133,TS_Lin_Multi_Target,6,0.01,0.0,1,NO_SPLIT,2
1091,848797,4600000,1534332371000,0.00175,0.00129,0.000935,1.0,0.000651,nan,0.283,0.0,0.717,1.0,0.283,0.861,0.139,TS_Lin_Multi_Target,6,0.01,0.0,1,NO_SPLIT,2
1111,867440,4700000,1534334282000,0.0016,0.00128,0.000932,1.0,0.000649,nan,0.283,0.0,0.717,1.0,0.283,0.856,0.144,TS_Lin_Multi_Target,6,0.01,0.0,1,NO_SPLIT,2
1117,884876,4800000,1534336223000,0.00139,0.00126,0.000926,0.999,0.000648,nan,0.28,0.0,0.72,1.0,0.28,0.852,0.148,TS_Lin_Multi_Target,6,0.01,0.0,1,NO_SPLIT,2
1139,902844,4900000,1534338220000,0.00136,0.00126,0.000924,0.999,0.000647,nan,0.279,0.0,0.721,1.0,0.279,0.848,0.152,TS_Lin_Multi_Target,6,0.01,0.0,1,NO_SPLIT,2
1155,921112,5000000,1534340324000,0.0013,0.00125,0.000922,0.999,0.000647,nan,0.278,0.0,0.722,1.0,0.278,0.843,0.157,TS_Lin_Multi_Target,6,0.01,0.0,1,NO_SPLIT,2
1171,939420,5100000,1534342505000,0.00125,0.00125,0.000921,0.999,0.000648,nan,0.276,0.0,0.724,1.0,0.276,0.837,0.163,TS_Lin_Multi_Target,6,0.01,0.0,1,NO_SPLIT,2
1187,957553,5200000,1534345017000,0.00121,0.00124,0.000919,0.999,0.000649,nan,0.274,0.0,0.726,1.0,0.274,0.833,0.167,TS_Lin_Multi_Target,6,0.01,0.0,1,NO_SPLIT,2
1207,974404,5300000,1534348283000,0.00121,0.00124,0.000929,0.999,0.00066,nan,0.27,0.0,0.73,1.0,0.27,0.82,0.18,TS_Lin_Multi_Target,6,0.01,0.0,1,NO_SPLIT,2
1227,993880,5400000,1534352099000,0.00105,0.00123,0.00093,0.999,0.000662,nan,0.269,0.0,0.731,1.0,0.269,0.816,0.184,TS_Lin_Multi_Target,6,0.01,0.0,1,NO_SPLIT,2
1247,1013727,5500000,1534355823000,0.00103,0.00123,0.000931,0.999,0.000664,nan,0.268,0.0,0.732,1.0,0.268,0.813,0.187,TS_Lin_Multi_Target,6,0.01,0.0,1,NO_SPLIT,2
1279,1034116,5600000,1534359354000,0.00122,0.00124,0.000928,0.999,0.000659,nan,0.27,0.0,0.73,1.0,0.27,0.815,0.185,TS_Lin_Multi_Target,6,0.01,0.0,1,NO_SPLIT,2
1324,1054381,5700000,1534362421000,0.00148,0.00126,0.000935,0.999,0.000663,nan,0.272,0.0,0.728,1.0,0.272,0.811,0.189,TS_Lin_Multi_Target,6,0.01,0.0,1,NO_SPLIT,2
1348,1063951,6000000,1534387000000,0.00356,0.00127,0.000955,0.999,0.000693,nan,0.256,0.0,0.744,1.0,0.256,0.776,0.224,TS_Lin_Multi_Target,6,0.01,0.0,1,NO_SPLIT,2
1386,1085257,6100000,1534391894000,0.00209,0.00128,0.000959,0.999,0.000695,nan,0.258,0.0,0.742,1.0,0.258,0.774,0.226,TS_Lin_Multi_Target,6,0.01,0.0,1,NO_SPLIT,2
1433,1107841,6200000,1534395699000,0.00209,0.00129,0.000967,0.999,0.000699,nan,0.26,0.0,0.74,1.0,0.26,0.77,0.23,TS_Lin_Multi_Target,6,0.01,0.0,1,NO_SPLIT,2
1457,1128474,6300000,1534397928000,0.00181,0.00129,0.000963,0.999,0.000695,nan,0.261,0.0,0.739,1.0,0.261,0.77,0.23,TS_Lin_Multi_Target,6,0.01,0.0,1,NO_SPLIT,2
1485,1148883,6400000,1534400142000,0.00171,0.00129,0.000961,0.999,0.000693,nan,0.262,0.0,0.738,1.0,0.262,0.769,0.231,TS_Lin_Multi_Target,6,0.01,0.0,1,NO_SPLIT,2
1503,1168793,6500000,1534401980000,0.00156,0.00129,0.000955,0.999,0.000688,nan,0.262,0.0,0.738,1.0,0.262,0.771,0.229,TS_Lin_Multi_Target,6,0.01,0.0,1,NO_SPLIT,2
1515,1187557,6600000,1534403754000,0.00143,0.00128,0.000947,0.999,0.000682,nan,0.262,0.0,0.738,1.0,0.262,0.772,0.228,TS_Lin_Multi_Target,6,0.01,0.0,1,NO_SPLIT,2
1537,1206342,6700000,1534405748000,0.0014,0.00127,0.000943,0.999,0.000679,nan,0.263,0.0,0.737,1.0,0.263,0.773,0.227,TS_Lin_Multi_Target,6,0.01,0.0,1,NO_SPLIT,2
1553,1226462,6800000,1534407692000,0.00102,0.00127,0.000936,0.999,0.000674,nan,0.263,0.0,0.737,1.0,0.263,0.774,0.226,TS_Lin_Multi_Target,6,0.01,0.0,1,NO_SPLIT,2
1584,1247711,6900000,1534409775000,0.00128,0.00127,0.000932,0.998,0.000669,nan,0.266,0.0,0.734,1.0,0.266,0.775,0.225,TS_Lin_Multi_Target,6,0.01,0.0,1,NO_SPLIT,2
1605,1268868,7000000,1534411756000,0.00117,0.00126,0.000928,0.998,0.000665,nan,0.266,0.0,0.734,1.0,0.266,0.775,0.225,TS_Lin_Multi_Target,6,0.01,0.0,1,NO_SPLIT,2
1617,1290036,7100000,1534413572000,0.00101,0.00125,0.000922,0.998,0.000662,nan,0.266,0.0,0.734,1.0,0.266,0.775,0.225,TS_Lin_Multi_Target,6,0.01,0.0,1,NO_SPLIT,2
1646,1311440,7200000,1534415178000,0.00108,0.00126,0.000918,0.998,0.000657,nan,0.268,0.0,0.732,1.0,0.268,0.776,0.224,TS_Lin_Multi_Target,6,0.01,0.0,1,NO_SPLIT,2
1665,1332778,7300000,1534416750000,0.00105,0.00125,0.000914,0.998,0.000653,nan,0.268,0.0,0.732,1.0,0.268,0.776,0.224,TS_Lin_Multi_Target,6,0.01,0.0,1,NO_SPLIT,2
1696,1353996,7400000,1534418460000,0.00111,0.00125,0.000913,0.998,0.000652,nan,0.27,0.0,0.73,1.0,0.27,0.775,0.225,TS_Lin_Multi_Target,6,0.01,0.0,1,NO_SPLIT,2
1730,1374761,7500000,1534420152000,0.00118,0.00126,0.000917,0.998,0.000655,nan,0.27,0.0,0.73,1.0,0.27,0.771,0.229,TS_Lin_Multi_Target,6,0.01,0.0,1,NO_SPLIT,2
1763,1395823,7600000,1534421958000,0.00122,0.00126,0.000918,0.998,0.000655,nan,0.271,0.0,0.729,1.0,0.271,0.77,0.23,TS_Lin_Multi_Target,6,0.01,0.0,1,NO_SPLIT,2
1799,1416980,7700000,1534424198000,0.00127,0.00127,0.000918,0.998,0.000653,nan,0.273,0.0,0.727,1.0,0.273,0.769,0.231,TS_Lin_Multi_Target,6,0.01,0.0,1,NO_SPLIT,2
1829,1438172,7800000,1534426507000,0.00129,0.00127,0.000915,0.998,0.00065,nan,0.274,0.0,0.726,1.0,0.274,0.769,0.231,TS_Lin_Multi_Target,6,0.01,0.0,1,NO_SPLIT,2
1855,1459326,7900000,1534428901000,0.00156,0.00127,0.000915,0.998,0.00065,nan,0.275,0.0,0.725,1.0,0.275,0.767,0.233,TS_Lin_Multi_Target,6,0.01,0.0,1,NO_SPLIT,2
1879,1480211,8000000,1534431501000,0.00126,0.00127,0.000916,0.998,0.000651,nan,0.274,0.0,0.726,1.0,0.274,0.764,0.236,TS_Lin_Multi_Target,6,0.01,0.0,1,NO_SPLIT,2
1911,1501242,8100000,1534434488000,0.00137,0.00127,0.000921,0.998,0.000655,nan,0.274,0.0,0.726,1.0,0.274,0.759,0.241,TS_Lin_Multi_Target,6,0.01,0.0,1,NO_SPLIT,2
1946,1521921,8200000,1534438303000,0.00146,0.00128,0.000921,0.998,0.000654,nan,0.275,0.0,0.725,1.0,0.275,0.759,0.241,TS_Lin_Multi_Target,6,0.01,0.0,1,NO_SPLIT,2
1984,1543228,8300000,1534442273000,0.00154,0.00129,0.000926,0.998,0.000657,nan,0.275,0.0,0.725,1.0,0.275,0.754,0.246,TS_Lin_Multi_Target,6,0.01,0.0,1,NO_SPLIT,2
2016,1563695,8400000,1534445358000,0.00154,0.00129,0.000928,0.998,0.000659,nan,0.276,0.0,0.724,1.0,0.276,0.752,0.248,TS_Lin_Multi_Target,6,0.01,0.0,1,NO_SPLIT,2
2048,1584216,8500000,1534448098000,0.00155,0.00129,0.000933,0.998,0.000663,nan,0.275,0.0,0.725,1.0,0.275,0.748,0.252,TS_Lin_Multi_Target,6,0.01,0.0,1,NO_SPLIT,2
18,10387,400000,1534215666000,0.00173,0.00173,0.00114,0.999,0.000705,nan,0.367,0.0,0.633,1.0,0.367,0.813,0.187,TS_Lin_Multi_Target,6,0.001,0.0,1,NO_SPLIT,2
58,34055,500000,1534221203000,0.0017,0.0017,0.00135,0.998,0.000931,nan,0.302,0.0,0.698,1.0,0.302,0.66,0.34,TS_Lin_Multi_Target,6,0.001,0.0,1,NO_SPLIT,2
86,56302,600000,1534223933000,0.00153,0.00153,0.00112,0.997,0.000754,nan,0.319,0.0,0.681,1.0,0.319,0.73,0.27,TS_Lin_Multi_Target,6,0.001,0.0,1,NO_SPLIT,2
118,77618,700000,1534225990000,0.00152,0.00152,0.00107,0.997,0.000706,nan,0.327,0.0,0.673,1.0,0.327,0.751,0.249,TS_Lin_Multi_Target,6,0.001,0.0,1,NO_SPLIT,2
129,98909,800000,1534227870000,0.0013,0.0013,0.000943,0.997,0.000635,nan,0.314,0.0,0.686,1.0,0.314,0.799,0.201,TS_Lin_Multi_Target,6,0.001,0.0,1,NO_SPLIT,2
153,120240,900000,1534229635000,0.00127,0.00127,0.000884,0.997,0.000585,nan,0.325,0.0,0.675,1.0,0.325,0.834,0.166,TS_Lin_Multi_Target,6,0.001,0.0,1,NO_SPLIT,2
181,141844,1000000,1534231460000,0.00116,0.00128,0.000861,0.996,0.000564,nan,0.333,0.0,0.667,1.0,0.333,0.827,0.173,TS_Lin_Multi_Target,6,0.001,0.0,1,NO_SPLIT,2
200,163910,1100000,1534233317000,0.00099,0.00122,0.000819,0.996,0.000535,nan,0.334,0.0,0.666,1.0,0.334,0.829,0.171,TS_Lin_Multi_Target,6,0.001,0.0,1,NO_SPLIT,2
224,186995,1200000,1534235388000,0.00101,0.0012,0.000803,0.996,0.000523,nan,0.337,0.0,0.663,1.0,0.337,0.822,0.178,TS_Lin_Multi_Target,6,0.001,0.0,1,NO_SPLIT,2
263,209971,1300000,1534237355000,0.00119,0.00125,0.000815,0.996,0.000522,nan,0.348,0.0,0.652,1.0,0.348,0.809,0.191,TS_Lin_Multi_Target,6,0.001,0.0,1,NO_SPLIT,2
285,236331,1400000,1534238888000,0.00111,0.00121,0.000786,0.996,0.0005,nan,0.353,0.0,0.647,1.0,0.353,0.817,0.183,TS_Lin_Multi_Target,6,0.001,0.0,1,NO_SPLIT,2
310,263057,1500000,1534240422000,0.00108,0.00118,0.000771,0.996,0.000487,nan,0.358,0.0,0.642,1.0,0.358,0.818,0.182,TS_Lin_Multi_Target,6,0.001,0.0,1,NO_SPLIT,2
326,289430,1600000,1534241857000,0.001,0.00113,0.000752,0.995,0.000477,nan,0.354,0.0,0.646,1.0,0.354,0.815,0.185,TS_Lin_Multi_Target,6,0.001,0.0,1,NO_SPLIT,2
342,315132,1700000,1534243199000,0.00095,0.00109,0.000742,0.995,0.000475,nan,0.349,0.0,0.651,1.0,0.349,0.808,0.192,TS_Lin_Multi_Target,6,0.001,0.0,1,NO_SPLIT,2
364,340009,1800000,1534244712000,0.000942,0.00107,0.000725,0.995,0.000461,nan,0.353,0.0,0.647,1.0,0.353,0.813,0.187,TS_Lin_Multi_Target,6,0.001,0.0,1,NO_SPLIT,2
380,365334,1900000,1534246424000,0.000909,0.00104,0.000717,0.995,0.00046,nan,0.349,0.0,0.651,1.0,0.349,0.808,0.192,TS_Lin_Multi_Target,6,0.001,0.0,1,NO_SPLIT,2
410,388288,2000000,1534248381000,0.000944,0.00106,0.000732,0.995,0.000471,nan,0.346,0.0,0.654,1.0,0.346,0.792,0.208,TS_Lin_Multi_Target,6,0.001,0.0,1,NO_SPLIT,2
440,410866,2100000,1534250381000,0.000974,0.00107,0.000746,0.995,0.000483,nan,0.343,0.0,0.657,1.0,0.343,0.779,0.221,TS_Lin_Multi_Target,6,0.001,0.0,1,NO_SPLIT,2
469,433149,2200000,1534252487000,0.00147,0.00108,0.000763,0.995,0.000499,nan,0.338,0.0,0.662,1.0,0.338,0.76,0.24,TS_Lin_Multi_Target,6,0.001,0.0,1,NO_SPLIT,2
504,455502,2300000,1534254861000,0.00154,0.00111,0.000777,0.995,0.000508,nan,0.338,0.0,0.662,1.0,0.338,0.743,0.257,TS_Lin_Multi_Target,6,0.001,0.0,1,NO_SPLIT,2
532,477950,2400000,1534257558000,0.00142,0.00111,0.000786,0.995,0.000516,nan,0.335,0.0,0.665,1.0,0.335,0.73,0.27,TS_Lin_Multi_Target,6,0.001,0.0,1,NO_SPLIT,2
555,500894,2500000,1534260327000,0.00129,0.00111,0.000788,0.995,0.000521,nan,0.332,0.0,0.668,1.0,0.332,0.72,0.28,TS_Lin_Multi_Target,6,0.001,0.0,1,NO_SPLIT,2
592,524227,2600000,1534263432000,0.00136,0.00113,0.000788,0.995,0.000515,nan,0.339,0.0,0.661,1.0,0.339,0.721,0.279,TS_Lin_Multi_Target,6,0.001,0.0,1,NO_SPLIT,2
645,548582,2700000,1534266431000,0.00152,0.00118,0.000804,0.995,0.00052,nan,0.346,0.0,0.654,1.0,0.346,0.715,0.285,TS_Lin_Multi_Target,6,0.001,0.0,1,NO_SPLIT,2
699,572247,2800000,1534269300000,0.00164,0.00122,0.000822,0.995,0.000528,nan,0.351,0.0,0.649,1.0,0.351,0.709,0.291,TS_Lin_Multi_Target,6,0.001,0.0,1,NO_SPLIT,2
731,595692,2900000,1534272798000,0.0016,0.00123,0.000824,0.995,0.000528,nan,0.352,0.0,0.648,1.0,0.352,0.707,0.293,TS_Lin_Multi_Target,6,0.001,0.0,1,NO_SPLIT,2
749,616718,3000000,1534275826000,0.000764,0.00121,0.000821,0.995,0.00053,nan,0.348,0.0,0.652,1.0,0.348,0.702,0.298,TS_Lin_Multi_Target,6,0.001,0.0,1,NO_SPLIT,2
797,638971,3100000,1534279185000,0.00153,0.00125,0.000838,0.995,0.00054,nan,0.35,0.0,0.65,1.0,0.35,0.691,0.309,TS_Lin_Multi_Target,6,0.001,0.0,1,NO_SPLIT,2
861,663874,3400000,1534307392000,0.00275,0.0013,0.000916,0.995,0.000626,nan,0.311,0.0,0.689,1.0,0.311,0.627,0.373,TS_Lin_Multi_Target,6,0.001,0.0,1,NO_SPLIT,2
905,687055,3500000,1534310553000,0.00216,0.00132,0.000924,0.995,0.00063,nan,0.314,0.0,0.686,1.0,0.314,0.623,0.377,TS_Lin_Multi_Target,6,0.001,0.0,1,NO_SPLIT,2
925,710382,3600000,1534313223000,0.00162,0.0013,0.000923,0.995,0.000632,nan,0.311,0.0,0.689,1.0,0.311,0.619,0.381,TS_Lin_Multi_Target,6,0.001,0.0,1,NO_SPLIT,2
960,733688,3700000,1534315472000,0.00159,0.00131,0.000922,0.995,0.000628,nan,0.314,0.0,0.686,1.0,0.314,0.619,0.381,TS_Lin_Multi_Target,6,0.001,0.0,1,NO_SPLIT,2
978,757090,3800000,1534317461000,0.0014,0.00129,0.000913,0.995,0.000623,nan,0.313,0.0,0.687,1.0,0.313,0.618,0.382,TS_Lin_Multi_Target,6,0.001,0.0,1,NO_SPLIT,2
1016,781724,3900000,1534319605000,0.00143,0.0013,0.000913,0.995,0.00062,nan,0.316,0.0,0.684,1.0,0.316,0.618,0.382,TS_Lin_Multi_Target,6,0.001,0.0,1,NO_SPLIT,2
1047,805040,4000000,1534321811000,0.00141,0.0013,0.000909,0.995,0.000616,nan,0.318,0.0,0.682,1.0,0.318,0.619,0.381,TS_Lin_Multi_Target,6,0.001,0.0,1,NO_SPLIT,2
1078,828506,4100000,1534324066000,0.0014,0.0013,0.000905,0.995,0.000612,nan,0.32,0.0,0.68,1.0,0.32,0.62,0.38,TS_Lin_Multi_Target,6,0.001,0.0,1,NO_SPLIT,2
1110,852021,4200000,1534325982000,0.0014,0.0013,0.000905,0.995,0.00061,nan,0.321,0.0,0.679,1.0,0.321,0.619,0.381,TS_Lin_Multi_Target,6,0.001,0.0,1,NO_SPLIT,2
1152,873970,4300000,1534327753000,0.000952,0.00132,0.00091,0.995,0.000612,nan,0.323,0.0,0.677,1.0,0.323,0.616,0.384,TS_Lin_Multi_Target,6,0.001,0.0,1,NO_SPLIT,2
1166,892832,4400000,1534329253000,0.000795,0.00131,0.000911,0.995,0.000617,nan,0.319,0.0,0.681,1.0,0.319,0.61,0.39,TS_Lin_Multi_Target,6,0.001,0.0,1,NO_SPLIT,2
1182,909443,4500000,1534330607000,0.000862,0.0013,0.000909,0.995,0.000618,nan,0.316,0.0,0.684,1.0,0.316,0.606,0.394,TS_Lin_Multi_Target,6,0.001,0.0,1,NO_SPLIT,2
1200,927139,4600000,1534332371000,0.000908,0.00129,0.000913,0.995,0.000625,nan,0.312,0.0,0.688,1.0,0.312,0.6,0.4,TS_Lin_Multi_Target,6,0.001,0.0,1,NO_SPLIT,2
1225,946907,4700000,1534334282000,0.000997,0.00129,0.00091,0.995,0.000623,nan,0.312,0.0,0.688,1.0,0.312,0.598,0.402,TS_Lin_Multi_Target,6,0.001,0.0,1,NO_SPLIT,2
1241,966295,4800000,1534336223000,0.000963,0.00128,0.000904,0.995,0.00062,nan,0.311,0.0,0.689,1.0,0.311,0.596,0.404,TS_Lin_Multi_Target,6,0.001,0.0,1,NO_SPLIT,2
1274,985646,4900000,1534338220000,0.00108,0.00129,0.000903,0.995,0.000617,nan,0.312,0.0,0.688,1.0,0.312,0.596,0.404,TS_Lin_Multi_Target,6,0.001,0.0,1,NO_SPLIT,2
1290,1005338,5000000,1534340324000,0.00105,0.00128,0.000901,0.995,0.000618,nan,0.31,0.0,0.69,1.0,0.31,0.592,0.408,TS_Lin_Multi_Target,6,0.001,0.0,1,NO_SPLIT,2
1306,1025047,5100000,1534342505000,0.00102,0.00127,0.0009,0.995,0.00062,nan,0.308,0.0,0.692,1.0,0.308,0.589,0.411,TS_Lin_Multi_Target,6,0.001,0.0,1,NO_SPLIT,2
1314,1044925,5200000,1534345017000,0.000948,0.00126,0.000899,0.996,0.000623,nan,0.303,0.0,0.697,1.0,0.303,0.584,0.416,TS_Lin_Multi_Target,6,0.001,0.0,1,NO_SPLIT,2
1344,1064850,5300000,1534348283000,0.001,0.00126,0.000909,0.996,0.000632,nan,0.301,0.0,0.699,1.0,0.301,0.577,0.423,TS_Lin_Multi_Target,6,0.001,0.0,1,NO_SPLIT,2
1368,1088509,5400000,1534352099000,0.00106,0.00126,0.00091,0.996,0.000634,nan,0.3,0.0,0.7,1.0,0.3,0.576,0.424,TS_Lin_Multi_Target,6,0.001,0.0,1,NO_SPLIT,2
1412,1112648,5500000,1534355823000,0.00147,0.00127,0.000911,0.996,0.000632,nan,0.303,0.0,0.697,1.0,0.303,0.578,0.422,TS_Lin_Multi_Target,6,0.001,0.0,1,NO_SPLIT,2
1454,1136906,5600000,1534359354000,0.00156,0.00128,0.000908,0.996,0.000626,nan,0.307,0.0,0.693,1.0,0.307,0.581,0.419,TS_Lin_Multi_Target,6,0.001,0.0,1,NO_SPLIT,2
1504,1160346,5700000,1534362421000,0.00171,0.0013,0.000915,0.996,0.000629,nan,0.309,0.0,0.691,1.0,0.309,0.58,0.42,TS_Lin_Multi_Target,6,0.001,0.0,1,NO_SPLIT,2
1532,1171490,6000000,1534387000000,0.00311,0.00131,0.000936,0.996,0.00066,nan,0.291,0.0,0.709,1.0,0.291,0.56,0.44,TS_Lin_Multi_Target,6,0.001,0.0,1,NO_SPLIT,2
1583,1194612,6100000,1534391894000,0.00237,0.00133,0.000941,0.996,0.000661,nan,0.294,0.0,0.706,1.0,0.294,0.562,0.438,TS_Lin_Multi_Target,6,0.001,0.0,1,NO_SPLIT,2
1630,1218212,6200000,1534395699000,0.0022,0.00134,0.000948,0.996,0.000665,nan,0.295,0.0,0.705,1.0,0.295,0.56,0.44,TS_Lin_Multi_Target,6,0.001,0.0,1,NO_SPLIT,2
1662,1240772,6300000,1534397928000,0.00196,0.00134,0.000945,0.996,0.000661,nan,0.297,0.0,0.703,1.0,0.297,0.561,0.439,TS_Lin_Multi_Target,6,0.001,0.0,1,NO_SPLIT,2
1708,1263201,6400000,1534400142000,0.00198,0.00135,0.000943,0.995,0.000656,nan,0.301,0.0,0.699,1.0,0.301,0.564,0.436,TS_Lin_Multi_Target,6,0.001,0.0,1,NO_SPLIT,2
1738,1284985,6500000,1534401980000,0.00187,0.00135,0.000937,0.995,0.00065,nan,0.303,0.0,0.697,1.0,0.303,0.566,0.434,TS_Lin_Multi_Target,6,0.001,0.0,1,NO_SPLIT,2
1753,1306481,6600000,1534403754000,0.00169,0.00134,0.000929,0.995,0.000644,nan,0.303,0.0,0.697,1.0,0.303,0.568,0.432,TS_Lin_Multi_Target,6,0.001,0.0,1,NO_SPLIT,2
1775,1328340,6700000,1534405748000,0.0016,0.00134,0.000926,0.995,0.000642,nan,0.304,0.0,0.696,1.0,0.304,0.568,0.432,TS_Lin_Multi_Target,6,0.001,0.0,1,NO_SPLIT,2
1795,1351674,6800000,1534407692000,0.00127,0.00133,0.000919,0.995,0.000636,nan,0.305,0.0,0.695,1.0,0.305,0.57,0.43,TS_Lin_Multi_Target,6,0.001,0.0,1,NO_SPLIT,2
1829,1375682,6900000,1534409775000,0.00136,0.00133,0.000915,0.995,0.000632,nan,0.307,0.0,0.693,1.0,0.307,0.571,0.429,TS_Lin_Multi_Target,6,0.001,0.0,1,NO_SPLIT,2
1853,1399483,7000000,1534411756000,0.00123,0.00132,0.000911,0.995,0.000628,nan,0.308,0.0,0.692,1.0,0.308,0.571,0.429,TS_Lin_Multi_Target,6,0.001,0.0,1,NO_SPLIT,2
1873,1423192,7100000,1534413572000,0.00112,0.00132,0.000906,0.995,0.000624,nan,0.308,0.0,0.692,1.0,0.308,0.572,0.428,TS_Lin_Multi_Target,6,0.001,0.0,1,NO_SPLIT,2
1896,1445961,7200000,1534415178000,0.0011,0.00131,0.000901,0.995,0.00062,nan,0.309,0.0,0.691,1.0,0.309,0.572,0.428,TS_Lin_Multi_Target,6,0.001,0.0,1,NO_SPLIT,2
1929,1469309,7300000,1534416750000,0.00115,0.00131,0.000897,0.995,0.000615,nan,0.311,0.0,0.689,1.0,0.311,0.574,0.426,TS_Lin_Multi_Target,6,0.001,0.0,1,NO_SPLIT,2
1968,1492534,7400000,1534418460000,0.00123,0.00132,0.000897,0.995,0.000613,nan,0.313,0.0,0.687,1.0,0.313,0.575,0.425,TS_Lin_Multi_Target,6,0.001,0.0,1,NO_SPLIT,2
1994,1515350,7500000,1534420152000,0.00122,0.00132,0.000901,0.995,0.000618,nan,0.311,0.0,0.689,1.0,0.311,0.571,0.429,TS_Lin_Multi_Target,6,0.001,0.0,1,NO_SPLIT,2
2019,1538398,7600000,1534421958000,0.00121,0.00131,0.000902,0.995,0.000619,nan,0.31,0.0,0.69,1.0,0.31,0.57,0.43,TS_Lin_Multi_Target,6,0.001,0.0,1,NO_SPLIT,2
2067,1562589,7700000,1534424198000,0.00129,0.00132,0.000902,0.995,0.000617,nan,0.313,0.0,0.687,1.0,0.313,0.571,0.429,TS_Lin_Multi_Target,6,0.001,0.0,1,NO_SPLIT,2
2103,1586964,7800000,1534426507000,0.00131,0.00133,0.000899,0.995,0.000613,nan,0.315,0.0,0.685,1.0,0.315,0.572,0.428,TS_Lin_Multi_Target,6,0.001,0.0,1,NO_SPLIT,2
2143,1611703,7900000,1534428901000,0.00156,0.00133,0.000899,0.995,0.000612,nan,0.317,0.0,0.683,1.0,0.317,0.572,0.428,TS_Lin_Multi_Target,6,0.001,0.0,1,NO_SPLIT,2
2169,1636724,8000000,1534431501000,0.00118,0.00133,0.0009,0.995,0.000613,nan,0.317,0.0,0.683,1.0,0.317,0.571,0.429,TS_Lin_Multi_Target,6,0.001,0.0,1,NO_SPLIT,2
2230,1662646,8100000,1534434488000,0.00169,0.00134,0.000906,0.995,0.000614,nan,0.319,0.0,0.681,1.0,0.319,0.57,0.43,TS_Lin_Multi_Target,6,0.001,0.0,1,NO_SPLIT,2
2275,1688057,8200000,1534438303000,0.00171,0.00135,0.000905,0.995,0.000612,nan,0.322,0.0,0.678,1.0,0.322,0.571,0.429,TS_Lin_Multi_Target,6,0.001,0.0,1,NO_SPLIT,2
2331,1713650,8300000,1534442273000,0.00182,0.00136,0.000911,0.995,0.000614,nan,0.323,0.0,0.677,1.0,0.323,0.57,0.43,TS_Lin_Multi_Target,6,0.001,0.0,1,NO_SPLIT,2
2356,1736306,8400000,1534445358000,0.0017,0.00136,0.000913,0.995,0.000616,nan,0.322,0.0,0.678,1.0,0.322,0.568,0.432,TS_Lin_Multi_Target,6,0.001,0.0,1,NO_SPLIT,2
2406,1758977,8500000,1534448098000,0.00177,0.00137,0.000918,0.995,0.000619,nan,0.323,0.0,0.677,1.0,0.323,0.567,0.433,TS_Lin_Multi_Target,6,0.001,0.0,1,NO_SPLIT,2
