Clicks,Impressions,TotalImpressions,Method,RecommendationSizePercent,Timestamp,Alpha,TrainPart,MSE,CumulativeMSE
3.0,322.0,110000,GP_Clustered_RBF_H_12,0.2,1531044493.0,1,0.2,0.04585775598472178,0.000978583474926345
5.0,1487.0,120000,GP_Clustered_RBF_H_12,0.2,1531046231.0,1,0.2,0.03661370610155625,0.0039481770271454905
7.0,2631.0,130000,GP_Clustered_RBF_H_12,0.2,1531048017.0,1,0.2,0.03597199465835147,0.006411547614161311
10.0,3682.0,140000,GP_Clustered_RBF_H_12,0.2,1531049805.0,1,0.2,0.03666398820163594,0.008572436227552266
16.0,4768.0,150000,GP_Clustered_RBF_H_12,0.2,1531051599.0,1,0.2,0.03659576389261656,0.010440658071889854
18.0,5883.0,160000,GP_Clustered_RBF_H_12,0.2,1531053310.0,1,0.2,0.03620881759345268,0.012051168041987508
20.0,7592.0,170000,GP_Clustered_RBF_H_12,0.2,1531054948.0,1,0.2,0.03613993859121209,0.013468154544883041
23.0,8939.0,180000,GP_Clustered_RBF_H_12,0.2,1531056675.0,1,0.2,0.03614404398280592,0.014727926180323198
27.0,10146.0,190000,GP_Clustered_RBF_H_12,0.2,1531058328.0,1,0.2,0.03600176953868732,0.015847602146552685
30.0,11366.0,200000,GP_Clustered_RBF_H_12,0.2,1531059941.0,1,0.2,0.03646513892170722,0.016878478985310523
32.0,12497.0,210000,GP_Clustered_RBF_H_12,0.2,1531061809.0,1,0.2,0.03601788674838967,0.017789879354980973
35.0,13773.0,220000,GP_Clustered_RBF_H_12,0.2,1531063581.0,1,0.2,0.036775966404589265,0.018652883311781315
40.0,15040.0,230000,GP_Clustered_RBF_H_12,0.2,1531065314.0,1,0.2,0.03640496596680571,0.0194247129924343
43.0,16186.0,240000,GP_Clustered_RBF_H_12,0.2,1531067084.0,1,0.2,0.036466848930185446,0.020134801989840644
50.0,17417.0,250000,GP_Clustered_RBF_H_12,0.2,1531068933.0,1,0.2,0.03787381592652962,0.020844362547308294
55.0,18491.0,260000,GP_Clustered_RBF_H_12,0.2,1531070560.0,1,0.2,0.03722174515929639,0.021474261878538948
59.0,19598.0,270000,GP_Clustered_RBF_H_12,0.2,1531071931.0,1,0.2,0.03691742033309938,0.022046230710189622
63.0,20694.0,280000,GP_Clustered_RBF_H_12,0.2,1531073370.0,1,0.2,0.037546496779846485,0.02259981164124867
67.0,22038.0,290000,GP_Clustered_RBF_H_12,0.2,1531074828.0,1,0.2,0.03636037623348925,0.023074313868567394
72.0,23836.0,300000,GP_Clustered_RBF_H_12,0.2,1531076102.0,1,0.2,0.03716373045050555,0.02354396108796552
78.0,25708.0,310000,GP_Clustered_RBF_H_12,0.2,1531077460.0,1,0.2,0.0367299172958595,0.02396931451402626
83.0,27482.0,320000,GP_Clustered_RBF_H_12,0.2,1531078853.0,1,0.2,0.037421063723981574,0.024389681676837263
87.0,29166.0,330000,GP_Clustered_RBF_H_12,0.2,1531080285.0,1,0.2,0.036848781171496425,0.02476723014637229
93.0,30897.0,340000,GP_Clustered_RBF_H_12,0.2,1531081775.0,1,0.2,0.036663260996240905,0.025117113406662527
96.0,32613.0,350000,GP_Clustered_RBF_H_12,0.2,1531083470.0,1,0.2,0.03635693961518205,0.025438251298334356
100.0,34248.0,360000,GP_Clustered_RBF_H_12,0.2,1531085548.0,1,0.2,0.03830335278763814,0.02579561522859242
106.0,35826.0,370000,GP_Clustered_RBF_H_12,0.2,1531091700.0,1,0.2,0.037601169244295116,0.026114684256043675
113.0,38977.0,380000,GP_Clustered_RBF_H_12,0.2,1531109678.0,1,0.2,0.036444641656110804,0.02638652524025626
121.0,41510.0,390000,GP_Clustered_RBF_H_12,0.2,1531114011.0,1,0.2,0.03542610622049615,0.026618309367954802
127.0,43176.0,400000,GP_Clustered_RBF_H_12,0.2,1531116623.0,1,0.2,0.0355580063177822,0.026841801791700273
133.0,44459.0,410000,GP_Clustered_RBF_H_12,0.2,1531118649.0,1,0.2,0.0354352125546588,0.02705139717616238
137.0,45644.0,420000,GP_Clustered_RBF_H_12,0.2,1531120418.0,1,0.2,0.035486927156101446,0.02725224312806563
141.0,46647.0,430000,GP_Clustered_RBF_H_12,0.2,1531122132.0,1,0.2,0.035329151945256744,0.02744007821683761
142.0,47589.0,440000,GP_Clustered_RBF_H_12,0.2,1531123856.0,1,0.2,0.03512109503393606,0.027614646780862437
143.0,48226.0,450000,GP_Clustered_RBF_H_12,0.2,1531125068.0,1,0.2,0.03457417873523649,0.02776930304651544
144.0,48968.0,460000,GP_Clustered_RBF_H_12,0.2,1531126436.0,1,0.2,0.03469770316894387,0.0279199204404814
146.0,49848.0,470000,GP_Clustered_RBF_H_12,0.2,1531128328.0,1,0.2,0.03473623481744788,0.02806494840594875
146.0,50233.0,480000,GP_Clustered_RBF_H_12,0.2,1531129175.0,1,0.2,0.03438923621424727,0.02819670440195458
147.0,50624.0,490000,GP_Clustered_RBF_H_12,0.2,1531130018.0,1,0.2,0.034648350069590356,0.028328370640069562
150.0,51033.0,500000,GP_Clustered_RBF_H_12,0.2,1531130800.0,1,0.2,0.034739495100329254,0.02845659312927503
153.0,51558.0,510000,GP_Clustered_RBF_H_12,0.2,1531131712.0,1,0.2,0.035485271094763744,0.028594410344284504
159.0,52553.0,520000,GP_Clustered_RBF_H_12,0.2,1531133341.0,1,0.2,0.03646377554943002,0.028745744290537428
161.0,53390.0,530000,GP_Clustered_RBF_H_12,0.2,1531134827.0,1,0.2,0.03595084262741156,0.028881689542176615
162.0,54096.0,540000,GP_Clustered_RBF_H_12,0.2,1531136175.0,1,0.2,0.035868988147749255,0.029011083960798243
164.0,54838.0,550000,GP_Clustered_RBF_H_12,0.2,1531137754.0,1,0.2,0.035685362101118875,0.029132434472440467
166.0,55687.0,560000,GP_Clustered_RBF_H_12,0.2,1531139459.0,1,0.2,0.036015730934130984,0.029255350480685175
168.0,56500.0,570000,GP_Clustered_RBF_H_12,0.2,1531141094.0,1,0.2,0.035068745433474956,0.02935733986582206
174.0,57256.0,580000,GP_Clustered_RBF_H_12,0.2,1531142751.0,1,0.2,0.035875686469378804,0.029469725152089933
178.0,57978.0,590000,GP_Clustered_RBF_H_12,0.2,1531144525.0,1,0.2,0.03638493193923268,0.029586932046787473
188.0,58818.0,600000,GP_Clustered_RBF_H_12,0.2,1531146406.0,1,0.2,0.03596124963870394,0.029693170673319256
199.0,59837.0,610000,GP_Clustered_RBF_H_12,0.2,1531148524.0,1,0.2,0.03688100974729495,0.029811004100761575
207.0,60980.0,620000,GP_Clustered_RBF_H_12,0.2,1531150653.0,1,0.2,0.037033126906280966,0.029927489952463124
220.0,62313.0,630000,GP_Clustered_RBF_H_12,0.2,1531152831.0,1,0.2,0.036686002148528934,0.030034767923829437
225.0,63845.0,640000,GP_Clustered_RBF_H_12,0.2,1531154931.0,1,0.2,0.03673535678740407,0.030139464624822806
234.0,65534.0,650000,GP_Clustered_RBF_H_12,0.2,1531156919.0,1,0.2,0.037203182709118154,0.030248137210735552
242.0,67539.0,660000,GP_Clustered_RBF_H_12,0.2,1531158796.0,1,0.2,0.03700917947032836,0.030350577244972077
252.0,69858.0,670000,GP_Clustered_RBF_H_12,0.2,1531160992.0,1,0.2,0.03763279322553525,0.030459267035726715
263.0,72096.0,680000,GP_Clustered_RBF_H_12,0.2,1531162911.0,1,0.2,0.03767024372807874,0.03056531081061422
272.0,74408.0,690000,GP_Clustered_RBF_H_12,0.2,1531164809.0,1,0.2,0.03716675530579768,0.03066098391924019
281.0,76936.0,700000,GP_Clustered_RBF_H_12,0.2,1531166846.0,1,0.2,0.038396010170683705,0.030771484294260725
295.0,79384.0,710000,GP_Clustered_RBF_H_12,0.2,1531168918.0,1,0.2,0.038011987527228244,0.030873463213035038
312.0,81977.0,720000,GP_Clustered_RBF_H_12,0.2,1531171813.0,1,0.2,0.038344416103553075,0.030977226447625364
328.0,84244.0,730000,GP_Clustered_RBF_H_12,0.2,1531185503.0,1,0.2,0.03917150068229186,0.0310894767796072
331.0,86903.0,740000,GP_Clustered_RBF_H_12,0.2,1531196969.0,1,0.2,0.038054216786579505,0.031183594887809866
341.0,88913.0,750000,GP_Clustered_RBF_H_12,0.2,1531200364.0,1,0.2,0.038624381312694786,0.03128280537347502
348.0,90293.0,760000,GP_Clustered_RBF_H_12,0.2,1531202607.0,1,0.2,0.03747303028510291,0.0313642557012597
356.0,91388.0,770000,GP_Clustered_RBF_H_12,0.2,1531204516.0,1,0.2,0.03772709675811118,0.0314468900006996
360.0,92318.0,780000,GP_Clustered_RBF_H_12,0.2,1531206234.0,1,0.2,0.038150661090980004,0.03153283578390841
360.0,93225.0,790000,GP_Clustered_RBF_H_12,0.2,1531207753.0,1,0.2,0.03739454385594955,0.03160703462026336
365.0,94054.0,800000,GP_Clustered_RBF_H_12,0.2,1531209349.0,1,0.2,0.03756545556340346,0.03168151488205261
365.0,94608.0,810000,GP_Clustered_RBF_H_12,0.2,1531211009.0,1,0.2,0.03704187418778715,0.031747692157432145
367.0,95120.0,820000,GP_Clustered_RBF_H_12,0.2,1531212747.0,1,0.2,0.03759913594007316,0.03181905122795212
367.0,95621.0,830000,GP_Clustered_RBF_H_12,0.2,1531214477.0,1,0.2,0.037100172782877305,0.031882679198493
373.0,96132.0,840000,GP_Clustered_RBF_H_12,0.2,1531216000.0,1,0.2,0.03765044041506304,0.03195134302249976
375.0,96738.0,850000,GP_Clustered_RBF_H_12,0.2,1531217491.0,1,0.2,0.03783650504588263,0.032020580222774875
381.0,97417.0,860000,GP_Clustered_RBF_H_12,0.2,1531218803.0,1,0.2,0.03860297984761034,0.03209711975329608
385.0,98138.0,870000,GP_Clustered_RBF_H_12,0.2,1531220183.0,1,0.2,0.038312852414693274,0.032168564956300556
387.0,98804.0,880000,GP_Clustered_RBF_H_12,0.2,1531221660.0,1,0.2,0.03897710329675707,0.03224593471016927
393.0,99516.0,890000,GP_Clustered_RBF_H_12,0.2,1531223228.0,1,0.2,0.03885318334322519,0.03232017345885523
396.0,100251.0,900000,GP_Clustered_RBF_H_12,0.2,1531224925.0,1,0.2,0.038244316402347656,0.0323859972693388
399.0,100891.0,910000,GP_Clustered_RBF_H_12,0.2,1531226586.0,1,0.2,0.03902723773340727,0.03245897793377921
404.0,101508.0,920000,GP_Clustered_RBF_H_12,0.2,1531228193.0,1,0.2,0.039031324084105846,0.032530416478891155
408.0,102283.0,930000,GP_Clustered_RBF_H_12,0.2,1531229863.0,1,0.2,0.038559184843429795,0.03259524194517664
416.0,103161.0,940000,GP_Clustered_RBF_H_12,0.2,1531231690.0,1,0.2,0.039138621773719726,0.032664852368884584
424.0,104137.0,950000,GP_Clustered_RBF_H_12,0.2,1531233614.0,1,0.2,0.03880602569446408,0.03272949629862715
428.0,105070.0,960000,GP_Clustered_RBF_H_12,0.2,1531235598.0,1,0.2,0.0395543825711462,0.03280058886396586
432.0,106161.0,970000,GP_Clustered_RBF_H_12,0.2,1531237572.0,1,0.2,0.039042217772293206,0.032864935553742605
441.0,107489.0,980000,GP_Clustered_RBF_H_12,0.2,1531239731.0,1,0.2,0.0401313423553972,0.03293908256192276
445.0,108750.0,990000,GP_Clustered_RBF_H_12,0.2,1531241737.0,1,0.2,0.039399373454189986,0.03300433802548101
451.0,110199.0,1000000,GP_Clustered_RBF_H_12,0.2,1531243738.0,1,0.2,0.040042129486706324,0.03307471594009282
458.0,112026.0,1010000,GP_Clustered_RBF_H_12,0.2,1531245667.0,1,0.2,0.039911964953311035,0.0331424114748766
464.0,113963.0,1020000,GP_Clustered_RBF_H_12,0.2,1531247731.0,1,0.2,0.039867131056614775,0.03320834009822741
475.0,115867.0,1030000,GP_Clustered_RBF_H_12,0.2,1531249459.0,1,0.2,0.04035724369802272,0.03327774692929413
494.0,117886.0,1040000,GP_Clustered_RBF_H_12,0.2,1531251643.0,1,0.2,0.0406368516142523,0.03334850755126504
501.0,119727.0,1050000,GP_Clustered_RBF_H_12,0.2,1531253665.0,1,0.2,0.04053335600729904,0.033416934679417254
506.0,121755.0,1060000,GP_Clustered_RBF_H_12,0.2,1531256223.0,1,0.2,0.0400713212704165,0.033479711911407826
518.0,123645.0,1070000,GP_Clustered_RBF_H_12,0.2,1531263018.0,1,0.2,0.04045594038706373,0.03354491030837659
532.0,126160.0,1080000,GP_Clustered_RBF_H_12,0.2,1531280274.0,1,0.2,0.04052248222769594,0.03360951745577776
544.0,128479.0,1090000,GP_Clustered_RBF_H_12,0.2,1531284669.0,1,0.2,0.04073714969001032,0.03367490857719304
547.0,130144.0,1100000,GP_Clustered_RBF_H_12,0.2,1531287508.0,1,0.2,0.04010196936584701,0.03373333640254414
552.0,131399.0,1110000,GP_Clustered_RBF_H_12,0.2,1531289836.0,1,0.2,0.03991864538024051,0.03378905990684758
553.0,132332.0,1120000,GP_Clustered_RBF_H_12,0.2,1531291626.0,1,0.2,0.039620286417388954,0.03384112442926349
559.0,134268.0,1130000,GP_Clustered_RBF_H_12,0.2,1531293077.0,1,0.2,0.03970415940115794,0.033893009694501874
566.0,135947.0,1140000,GP_Clustered_RBF_H_12,0.2,1531294497.0,1,0.2,0.040030629660149745,0.03394684846613025
568.0,137423.0,1150000,GP_Clustered_RBF_H_12,0.2,1531295902.0,1,0.2,0.040066152081586794,0.03400005980191704
575.0,139416.0,1160000,GP_Clustered_RBF_H_12,0.2,1531297173.0,1,0.2,0.03997515557768427,0.03405156924825985
582.0,141497.0,1170000,GP_Clustered_RBF_H_12,0.2,1531298617.0,1,0.2,0.03999502378162992,0.03410236800495546
584.0,143409.0,1180000,GP_Clustered_RBF_H_12,0.2,1531300121.0,1,0.2,0.03992465331334341,0.034151709405873774
588.0,145131.0,1190000,GP_Clustered_RBF_H_12,0.2,1531301576.0,1,0.2,0.03984026372580417,0.034199512383352206
589.0,146759.0,1200000,GP_Clustered_RBF_H_12,0.2,1531303080.0,1,0.2,0.03977164447387203,0.034245946817439255
597.0,148304.0,1210000,GP_Clustered_RBF_H_12,0.2,1531304333.0,1,0.2,0.041194951902815295,0.03430337661153316
602.0,149647.0,1220000,GP_Clustered_RBF_H_12,0.2,1531305532.0,1,0.2,0.0407827953296111,0.03435648660102578
608.0,150672.0,1230000,GP_Clustered_RBF_H_12,0.2,1531307017.0,1,0.2,0.041291552263128854,0.03441286924868469
613.0,151586.0,1240000,GP_Clustered_RBF_H_12,0.2,1531308567.0,1,0.2,0.04123268146202927,0.034467867734276084
617.0,152463.0,1250000,GP_Clustered_RBF_H_12,0.2,1531310326.0,1,0.2,0.04111638697317508,0.034521055888187116
619.0,153361.0,1260000,GP_Clustered_RBF_H_12,0.2,1531312103.0,1,0.2,0.04105363562503188,0.03457290175911442
625.0,154305.0,1270000,GP_Clustered_RBF_H_12,0.2,1531313779.0,1,0.2,0.04111342800349918,0.03462440196576286
633.0,155300.0,1280000,GP_Clustered_RBF_H_12,0.2,1531315640.0,1,0.2,0.04138165105638024,0.03467719297428303
639.0,156271.0,1290000,GP_Clustered_RBF_H_12,0.2,1531317423.0,1,0.2,0.0414882580129555,0.03472999192807113
647.0,157256.0,1300000,GP_Clustered_RBF_H_12,0.2,1531319405.0,1,0.2,0.04151013134627841,0.03478214684667274
651.0,158274.0,1310000,GP_Clustered_RBF_H_12,0.2,1531321200.0,1,0.2,0.04140832839259103,0.03483272838519113
659.0,159543.0,1320000,GP_Clustered_RBF_H_12,0.2,1531323186.0,1,0.2,0.04205039136946974,0.03488740765022384
667.0,161039.0,1330000,GP_Clustered_RBF_H_12,0.2,1531325396.0,1,0.2,0.0426182013202282,0.034945533918419265
671.0,162676.0,1340000,GP_Clustered_RBF_H_12,0.2,1531327624.0,1,0.2,0.04211628166816465,0.034999046961328016
680.0,164492.0,1350000,GP_Clustered_RBF_H_12,0.2,1531329744.0,1,0.2,0.04292010405587021,0.03505772145832457
689.0,166397.0,1360000,GP_Clustered_RBF_H_12,0.2,1531331783.0,1,0.2,0.04252004515877712,0.03511259148553389
702.0,168541.0,1370000,GP_Clustered_RBF_H_12,0.2,1531334066.0,1,0.2,0.04236739830329232,0.035165546279824274
714.0,170814.0,1380000,GP_Clustered_RBF_H_12,0.2,1531335903.0,1,0.2,0.04256720344443904,0.03521918147666938
725.0,173003.0,1390000,GP_Clustered_RBF_H_12,0.2,1531338119.0,1,0.2,0.042746324313937295,0.03527333358341236
740.0,175272.0,1400000,GP_Clustered_RBF_H_12,0.2,1531340225.0,1,0.2,0.042546471118407765,0.03532528456580555
746.0,177461.0,1410000,GP_Clustered_RBF_H_12,0.2,1531342924.0,1,0.2,0.0426539365672549,0.035377260821135445
764.0,179900.0,1420000,GP_Clustered_RBF_H_12,0.2,1531351318.0,1,0.2,0.04384394090316247,0.03543688532875492
773.0,182312.0,1430000,GP_Clustered_RBF_H_12,0.2,1531369501.0,1,0.2,0.04275640936525442,0.035488070811527446
776.0,184285.0,1440000,GP_Clustered_RBF_H_12,0.2,1531373800.0,1,0.2,0.04223470663052466,0.035534922449159706
779.0,185587.0,1450000,GP_Clustered_RBF_H_12,0.2,1531376336.0,1,0.2,0.042312599128086756,0.03558166504694581
781.0,186685.0,1460000,GP_Clustered_RBF_H_12,0.2,1531378380.0,1,0.2,0.04241145519273274,0.03562844443150608
787.0,187621.0,1470000,GP_Clustered_RBF_H_12,0.2,1531380197.0,1,0.2,0.042057116658896235,0.03567217689563789
790.0,188502.0,1480000,GP_Clustered_RBF_H_12,0.2,1531381734.0,1,0.2,0.04249272341946227,0.03571826166944753
794.0,189270.0,1490000,GP_Clustered_RBF_H_12,0.2,1531383373.0,1,0.2,0.04224192665711769,0.03576204465594166
798.0,190028.0,1500000,GP_Clustered_RBF_H_12,0.2,1531385107.0,1,0.2,0.04248646691385702,0.0358068741376609
800.0,190716.0,1510000,GP_Clustered_RBF_H_12,0.2,1531386959.0,1,0.2,0.041839404541711374,0.035846824670137986
805.0,191434.0,1520000,GP_Clustered_RBF_H_12,0.2,1531388666.0,1,0.2,0.04255154427261834,0.035890934667522446
811.0,192203.0,1530000,GP_Clustered_RBF_H_12,0.2,1531390366.0,1,0.2,0.04239887941017872,0.03593347025407533
817.0,193076.0,1540000,GP_Clustered_RBF_H_12,0.2,1531391762.0,1,0.2,0.042573670032600854,0.03597658843445537
824.0,193997.0,1550000,GP_Clustered_RBF_H_12,0.2,1531393262.0,1,0.2,0.0424091904132355,0.03601808909238329
824.0,194989.0,1560000,GP_Clustered_RBF_H_12,0.2,1531395080.0,1,0.2,0.042586718759938885,0.03606019569281629
831.0,196011.0,1570000,GP_Clustered_RBF_H_12,0.2,1531396997.0,1,0.2,0.042483574378642405,0.03610110893285376
835.0,196928.0,1580000,GP_Clustered_RBF_H_12,0.2,1531398777.0,1,0.2,0.04283046455987461,0.0361436997912527
838.0,197904.0,1590000,GP_Clustered_RBF_H_12,0.2,1531400537.0,1,0.2,0.042836617381946336,0.036185793612577746
844.0,198950.0,1600000,GP_Clustered_RBF_H_12,0.2,1531402278.0,1,0.2,0.04272807692828581,0.03622668288330094
849.0,199979.0,1610000,GP_Clustered_RBF_H_12,0.2,1531404354.0,1,0.2,0.04298316522284405,0.03626864861211792
854.0,201076.0,1620000,GP_Clustered_RBF_H_12,0.2,1531406176.0,1,0.2,0.04323215404244077,0.03631163321354009
859.0,202225.0,1630000,GP_Clustered_RBF_H_12,0.2,1531407973.0,1,0.2,0.04306654579424195,0.03635307439501629
867.0,203535.0,1640000,GP_Clustered_RBF_H_12,0.2,1531409990.0,1,0.2,0.04338967302693553,0.03639598048423554
875.0,205083.0,1650000,GP_Clustered_RBF_H_12,0.2,1531412247.0,1,0.2,0.04401134896380818,0.0364421342325967
881.0,206644.0,1660000,GP_Clustered_RBF_H_12,0.2,1531414664.0,1,0.2,0.043910414176798696,0.03648712387081524
892.0,208338.0,1670000,GP_Clustered_RBF_H_12,0.2,1531416880.0,1,0.2,0.04445513074344266,0.036534836486819044
912.0,210168.0,1680000,GP_Clustered_RBF_H_12,0.2,1531419218.0,1,0.2,0.044956977740088395,0.03658496827999291
928.0,212232.0,1690000,GP_Clustered_RBF_H_12,0.2,1531421594.0,1,0.2,0.04480416990203824,0.03663360260911729
941.0,214152.0,1700000,GP_Clustered_RBF_H_12,0.2,1531423831.0,1,0.2,0.04467216678566132,0.036680888280744006
953.0,216089.0,1710000,GP_Clustered_RBF_H_12,0.2,1531426097.0,1,0.2,0.044733926598014194,0.036727982072073076
963.0,218114.0,1720000,GP_Clustered_RBF_H_12,0.2,1531428700.0,1,0.2,0.04540828553562595,0.036778448952675055
978.0,220262.0,1730000,GP_Clustered_RBF_H_12,0.2,1531433991.0,1,0.2,0.04473895025157777,0.036824463411050265
984.0,221665.0,1740000,GP_Clustered_RBF_H_12,0.2,1531452298.0,1,0.2,0.04298490721336686,0.03685986826048866
988.0,222992.0,1750000,GP_Clustered_RBF_H_12,0.2,1531457863.0,1,0.2,0.042238749406158585,0.03689060472417847
994.0,224008.0,1760000,GP_Clustered_RBF_H_12,0.2,1531460622.0,1,0.2,0.042541531940320024,0.036922712265179305
999.0,224843.0,1770000,GP_Clustered_RBF_H_12,0.2,1531462674.0,1,0.2,0.041922314880649396,0.03695095860763957
1001.0,225611.0,1780000,GP_Clustered_RBF_H_12,0.2,1531464475.0,1,0.2,0.04266573068001566,0.03698306406872085
1009.0,226352.0,1790000,GP_Clustered_RBF_H_12,0.2,1531466048.0,1,0.2,0.04236917791568292,0.037013154090212386
1013.0,227016.0,1800000,GP_Clustered_RBF_H_12,0.2,1531467563.0,1,0.2,0.04242056549788144,0.03704319526469952
1017.0,227699.0,1810000,GP_Clustered_RBF_H_12,0.2,1531468953.0,1,0.2,0.041761727162997926,0.03706926450170686
1021.0,228356.0,1820000,GP_Clustered_RBF_H_12,0.2,1531470409.0,1,0.2,0.041937449387425024,0.037096012770310695
1024.0,229128.0,1830000,GP_Clustered_RBF_H_12,0.2,1531471963.0,1,0.2,0.04153795432751738,0.037120285674995084
1030.0,229764.0,1840000,GP_Clustered_RBF_H_12,0.2,1531473512.0,1,0.2,0.041943024556671364,0.037146496212395776
1033.0,230483.0,1850000,GP_Clustered_RBF_H_12,0.2,1531475081.0,1,0.2,0.04171619744388853,0.037171197300133164
1037.0,231928.0,1860000,GP_Clustered_RBF_H_12,0.2,1531476404.0,1,0.2,0.04207777712744943,0.03719757676157016
1045.0,233073.0,1870000,GP_Clustered_RBF_H_12,0.2,1531477691.0,1,0.2,0.042760207551275985,0.03722732345028448
1051.0,234154.0,1880000,GP_Clustered_RBF_H_12,0.2,1531478998.0,1,0.2,0.042139784562679444,0.037253453562584755
1061.0,235150.0,1890000,GP_Clustered_RBF_H_12,0.2,1531480540.0,1,0.2,0.04266543344063275,0.03728208837675434
1066.0,236206.0,1900000,GP_Clustered_RBF_H_12,0.2,1531482052.0,1,0.2,0.04238163371661369,0.037308928089069514
1070.0,237293.0,1910000,GP_Clustered_RBF_H_12,0.2,1531483642.0,1,0.2,0.04250944703889206,0.03733615593697454
1080.0,238504.0,1920000,GP_Clustered_RBF_H_12,0.2,1531485304.0,1,0.2,0.04263600570403431,0.03736375932117848
1088.0,239597.0,1930000,GP_Clustered_RBF_H_12,0.2,1531487022.0,1,0.2,0.04257772059704112,0.037390774664576756
1097.0,240707.0,1940000,GP_Clustered_RBF_H_12,0.2,1531488590.0,1,0.2,0.04228039156484284,0.037415978875402885
1107.0,242147.0,1950000,GP_Clustered_RBF_H_12,0.2,1531491010.0,1,0.2,0.04311175803462676,0.03744518799929557
1115.0,243461.0,1960000,GP_Clustered_RBF_H_12,0.2,1531492900.0,1,0.2,0.04248089271680204,0.037470880370303015
1125.0,244997.0,1970000,GP_Clustered_RBF_H_12,0.2,1531495204.0,1,0.2,0.0432841232027732,0.037500389217167786
1140.0,246512.0,1980000,GP_Clustered_RBF_H_12,0.2,1531497591.0,1,0.2,0.04376645839133128,0.03753203603117799
1150.0,248319.0,1990000,GP_Clustered_RBF_H_12,0.2,1531500030.0,1,0.2,0.04439451372170342,0.03756652084369272
1164.0,250040.0,2000000,GP_Clustered_RBF_H_12,0.2,1531502452.0,1,0.2,0.04380044797896367,0.03759769047936907
1175.0,251848.0,2010000,GP_Clustered_RBF_H_12,0.2,1531504702.0,1,0.2,0.043507197526589145,0.037627091011942344
1188.0,254077.0,2020000,GP_Clustered_RBF_H_12,0.2,1531507505.0,1,0.2,0.043622438815999726,0.037656770951566346
1208.0,256208.0,2030000,GP_Clustered_RBF_H_12,0.2,1531509988.0,1,0.2,0.045469209805210985,0.03769525587202754
1235.0,258467.0,2040000,GP_Clustered_RBF_H_12,0.2,1531512382.0,1,0.2,0.045229430208581875,0.03773218809916733
1261.0,260657.0,2050000,GP_Clustered_RBF_H_12,0.2,1531514646.0,1,0.2,0.04522699171131057,0.03776874811678735
1286.0,262780.0,2060000,GP_Clustered_RBF_H_12,0.2,1531517611.0,1,0.2,0.04540038437231139,0.037805794894726526
1308.0,264743.0,2070000,GP_Clustered_RBF_H_12,0.2,1531523895.0,1,0.2,0.04515474627743129,0.037841297075319025
1316.0,266293.0,2080000,GP_Clustered_RBF_H_12,0.2,1531538649.0,1,0.2,0.04351488747206934,0.03786857395222624
1325.0,267783.0,2090000,GP_Clustered_RBF_H_12,0.2,1531545152.0,1,0.2,0.04422201506617696,0.037898973192006274
1328.0,269307.0,2100000,GP_Clustered_RBF_H_12,0.2,1531548032.0,1,0.2,0.04317223375672927,0.03792408395660013
1334.0,270916.0,2110000,GP_Clustered_RBF_H_12,0.2,1531550244.0,1,0.2,0.04335252578954735,0.037949811169078605
1341.0,272457.0,2120000,GP_Clustered_RBF_H_12,0.2,1531552164.0,1,0.2,0.04306568093579659,0.03797394263024246
1346.0,274020.0,2130000,GP_Clustered_RBF_H_12,0.2,1531553824.0,1,0.2,0.043132561505232175,0.03799816149820009
1355.0,275644.0,2140000,GP_Clustered_RBF_H_12,0.2,1531555499.0,1,0.2,0.04389383740819901,0.03802571138562998
1360.0,277302.0,2150000,GP_Clustered_RBF_H_12,0.2,1531557120.0,1,0.2,0.0430087032937098,0.03804888809217966
1367.0,278980.0,2160000,GP_Clustered_RBF_H_12,0.2,1531558831.0,1,0.2,0.04361592860114186,0.03807466142786956
1373.0,280640.0,2170000,GP_Clustered_RBF_H_12,0.2,1531560540.0,1,0.2,0.04342711517576057,0.03809932711334392
1377.0,282191.0,2180000,GP_Clustered_RBF_H_12,0.2,1531562235.0,1,0.2,0.04288497231218788,0.0381212796142558
1386.0,283415.0,2190000,GP_Clustered_RBF_H_12,0.2,1531563942.0,1,0.2,0.04264242647149972,0.03814192412045289
1392.0,284617.0,2200000,GP_Clustered_RBF_H_12,0.2,1531565680.0,1,0.2,0.04251069113208435,0.03816178215232408
1400.0,285821.0,2210000,GP_Clustered_RBF_H_12,0.2,1531567587.0,1,0.2,0.04263600158342198,0.03818202748911626
1406.0,287043.0,2220000,GP_Clustered_RBF_H_12,0.2,1531569418.0,1,0.2,0.04239257375834833,0.03820099391375269
1414.0,288251.0,2230000,GP_Clustered_RBF_H_12,0.2,1531571410.0,1,0.2,0.04286707815429781,0.03822191805832931
1424.0,289693.0,2240000,GP_Clustered_RBF_H_12,0.2,1531573308.0,1,0.2,0.04281656550549935,0.03824242987728983
1432.0,291035.0,2250000,GP_Clustered_RBF_H_12,0.2,1531575302.0,1,0.2,0.04306014744131614,0.03826384195535252
1438.0,292313.0,2260000,GP_Clustered_RBF_H_12,0.2,1531577438.0,1,0.2,0.042458521143893986,0.03828240248273551
1446.0,293720.0,2270000,GP_Clustered_RBF_H_12,0.2,1531579575.0,1,0.2,0.043188286079410866,0.03830401430474679
1452.0,295221.0,2280000,GP_Clustered_RBF_H_12,0.2,1531581504.0,1,0.2,0.04386586207351694,0.03832840837390809
1457.0,296660.0,2290000,GP_Clustered_RBF_H_12,0.2,1531583988.0,1,0.2,0.04243137428189256,0.03834632525560298
1468.0,298070.0,2300000,GP_Clustered_RBF_H_12,0.2,1531586120.0,1,0.2,0.04349119542676749,0.03836869425634715
1477.0,299401.0,2310000,GP_Clustered_RBF_H_12,0.2,1531588178.0,1,0.2,0.04336829332767543,0.0383903375423706
1484.0,300744.0,2320000,GP_Clustered_RBF_H_12,0.2,1531590317.0,1,0.2,0.04318896287010488,0.03841102127223206
1496.0,302153.0,2330000,GP_Clustered_RBF_H_12,0.2,1531592479.0,1,0.2,0.04307586331292719,0.03843104205352273
1515.0,303753.0,2340000,GP_Clustered_RBF_H_12,0.2,1531594914.0,1,0.2,0.04440527405146268,0.03845657295949717
1526.0,305349.0,2350000,GP_Clustered_RBF_H_12,0.2,1531597223.0,1,0.2,0.04369718515033405,0.038478873436905994
1538.0,306933.0,2360000,GP_Clustered_RBF_H_12,0.2,1531599494.0,1,0.2,0.04302396748520643,0.038498132309991745
1550.0,308352.0,2370000,GP_Clustered_RBF_H_12,0.2,1531601646.0,1,0.2,0.04378214831740067,0.038520427736182805
1561.0,309865.0,2380000,GP_Clustered_RBF_H_12,0.2,1531604427.0,1,0.2,0.04337944502087667,0.03854084377519399
1569.0,311207.0,2390000,GP_Clustered_RBF_H_12,0.2,1531612643.0,1,0.2,0.04354186707942776,0.03856176855889352
1574.0,312673.0,2400000,GP_Clustered_RBF_H_12,0.2,1531630073.0,1,0.2,0.043252944803539965,0.038581315126579585
1588.0,314153.0,2410000,GP_Clustered_RBF_H_12,0.2,1531634702.0,1,0.2,0.043920693281128395,0.03860347022265629
1598.0,315646.0,2420000,GP_Clustered_RBF_H_12,0.2,1531637239.0,1,0.2,0.04341539479437436,0.03862335420848996
1609.0,317266.0,2430000,GP_Clustered_RBF_H_12,0.2,1531639632.0,1,0.2,0.043014244558007134,0.0386414237161012
1615.0,318880.0,2440000,GP_Clustered_RBF_H_12,0.2,1531641496.0,1,0.2,0.042605544936628846,0.038657670114546086
1622.0,320522.0,2450000,GP_Clustered_RBF_H_12,0.2,1531643295.0,1,0.2,0.042900554697121326,0.03867498801080125
1632.0,322203.0,2460000,GP_Clustered_RBF_H_12,0.2,1531645076.0,1,0.2,0.0433259909766743,0.038693894526922415
1638.0,323811.0,2470000,GP_Clustered_RBF_H_12,0.2,1531646742.0,1,0.2,0.04331751685304452,0.03871261364565142
1649.0,325454.0,2480000,GP_Clustered_RBF_H_12,0.2,1531648616.0,1,0.2,0.04379970358900695,0.038733126105100185
1666.0,327220.0,2490000,GP_Clustered_RBF_H_12,0.2,1531650478.0,1,0.2,0.04425818617205583,0.03875531510135317
1676.0,328866.0,2500000,GP_Clustered_RBF_H_12,0.2,1531652270.0,1,0.2,0.0439335294480609,0.038776027958739655
1687.0,330644.0,2510000,GP_Clustered_RBF_H_12,0.2,1531654047.0,1,0.2,0.04358187063624679,0.03879517474231536
1693.0,332325.0,2520000,GP_Clustered_RBF_H_12,0.2,1531655869.0,1,0.2,0.043881895384188054,0.038815360141687974
1704.0,333901.0,2530000,GP_Clustered_RBF_H_12,0.2,1531657747.0,1,0.2,0.04445901600085847,0.03883766708184302
1712.0,335497.0,2540000,GP_Clustered_RBF_H_12,0.2,1531659594.0,1,0.2,0.04433602955771858,0.03885931417820435
1731.0,337788.0,2550000,GP_Clustered_RBF_H_12,0.2,1531661070.0,1,0.2,0.04431371805092152,0.03888070399731344
1738.0,340918.0,2560000,GP_Clustered_RBF_H_12,0.2,1531662446.0,1,0.2,0.043211170037743156,0.03889761988028397
1746.0,344471.0,2570000,GP_Clustered_RBF_H_12,0.2,1531663599.0,1,0.2,0.04341723953589859,0.03891520594898295
1753.0,348316.0,2580000,GP_Clustered_RBF_H_12,0.2,1531664612.0,1,0.2,0.04366707524484396,0.0389336240470289
1759.0,352005.0,2590000,GP_Clustered_RBF_H_12,0.2,1531665566.0,1,0.2,0.04336506797903658,0.03895073386915982
1768.0,355702.0,2600000,GP_Clustered_RBF_H_12,0.2,1531666534.0,1,0.2,0.04330778102738165,0.03896749174284532
1776.0,359410.0,2610000,GP_Clustered_RBF_H_12,0.2,1531667642.0,1,0.2,0.04336485505196301,0.038984339878129735
1784.0,362775.0,2620000,GP_Clustered_RBF_H_12,0.2,1531668642.0,1,0.2,0.04339837155724849,0.039001187327287
1793.0,366118.0,2630000,GP_Clustered_RBF_H_12,0.2,1531669662.0,1,0.2,0.043575272583387795,0.03901857928643555
1798.0,369870.0,2640000,GP_Clustered_RBF_H_12,0.2,1531670298.0,1,0.2,0.04278694712558549,0.03903285340703807
1804.0,373414.0,2650000,GP_Clustered_RBF_H_12,0.2,1531671199.0,1,0.2,0.04365472226004013,0.03905029442157788
1815.0,376943.0,2660000,GP_Clustered_RBF_H_12,0.2,1531672269.0,1,0.2,0.0434750271191859,0.03906692875502784
1818.0,380348.0,2670000,GP_Clustered_RBF_H_12,0.2,1531673153.0,1,0.2,0.043227068687312575,0.03908250980346345
1821.0,383172.0,2680000,GP_Clustered_RBF_H_12,0.2,1531673917.0,1,0.2,0.04323674436478238,0.03909801067869267
1825.0,386363.0,2690000,GP_Clustered_RBF_H_12,0.2,1531674680.0,1,0.2,0.0429699954970498,0.039112404674299855
1832.0,389468.0,2700000,GP_Clustered_RBF_H_12,0.2,1531675555.0,1,0.2,0.04368218483076875,0.03912932978599038
1840.0,393248.0,2710000,GP_Clustered_RBF_H_12,0.2,1531676698.0,1,0.2,0.04405678878128437,0.039147512291508
1852.0,397250.0,2720000,GP_Clustered_RBF_H_12,0.2,1531678451.0,1,0.2,0.04385745305487801,0.03916482825019699
1866.0,399909.0,2730000,GP_Clustered_RBF_H_12,0.2,1531680005.0,1,0.2,0.04414681170148883,0.03918307727382799
1873.0,401802.0,2740000,GP_Clustered_RBF_H_12,0.2,1531680811.0,1,0.2,0.043663609971763113,0.039199429582944756
1879.0,403688.0,2750000,GP_Clustered_RBF_H_12,0.2,1531681657.0,1,0.2,0.04350205961950433,0.03921507551035071
1884.0,405585.0,2760000,GP_Clustered_RBF_H_12,0.2,1531682590.0,1,0.2,0.04297715540823506,0.039228706234618375
1888.0,407736.0,2770000,GP_Clustered_RBF_H_12,0.2,1531683714.0,1,0.2,0.04293962237525867,0.039242103043790555
1896.0,410079.0,2780000,GP_Clustered_RBF_H_12,0.2,1531684985.0,1,0.2,0.04362362970074902,0.03925786393104617
1907.0,412336.0,2790000,GP_Clustered_RBF_H_12,0.2,1531686269.0,1,0.2,0.04407195837736186,0.039275118749850076
1914.0,414424.0,2800000,GP_Clustered_RBF_H_12,0.2,1531687538.0,1,0.2,0.043702053147439,0.03929092922984119
1918.0,416447.0,2810000,GP_Clustered_RBF_H_12,0.2,1531688926.0,1,0.2,0.04339592601326449,0.03930553775931978
1928.0,418675.0,2820000,GP_Clustered_RBF_H_12,0.2,1531691331.0,1,0.2,0.04407465215304243,0.03932244951248909
1941.0,421777.0,2830000,GP_Clustered_RBF_H_12,0.2,1531701029.0,1,0.2,0.044486792976651535,0.039340698075966886
1951.0,425667.0,2840000,GP_Clustered_RBF_H_12,0.2,1531714418.0,1,0.2,0.04444323164439212,0.039358664743461336
1964.0,428648.0,2850000,GP_Clustered_RBF_H_12,0.2,1531717788.0,1,0.2,0.043621858387955126,0.03937362331765253
1972.0,430849.0,2860000,GP_Clustered_RBF_H_12,0.2,1531720421.0,1,0.2,0.04341803191830358,0.03938776460646619
1976.0,432630.0,2870000,GP_Clustered_RBF_H_12,0.2,1531722296.0,1,0.2,0.04331757694290827,0.0394014573323772
1984.0,434456.0,2880000,GP_Clustered_RBF_H_12,0.2,1531723895.0,1,0.2,0.04331211196588508,0.03941503599429896
1994.0,436347.0,2890000,GP_Clustered_RBF_H_12,0.2,1531725333.0,1,0.2,0.04342738787152627,0.03942891956480857
1998.0,437853.0,2900000,GP_Clustered_RBF_H_12,0.2,1531726829.0,1,0.2,0.04274936558048083,0.03944036937865532
2008.0,438980.0,2910000,GP_Clustered_RBF_H_12,0.2,1531728262.0,1,0.2,0.043405678973345324,0.03945399587210769
2014.0,440174.0,2920000,GP_Clustered_RBF_H_12,0.2,1531729852.0,1,0.2,0.04353584436851848,0.03946797480531444
2020.0,441356.0,2930000,GP_Clustered_RBF_H_12,0.2,1531731542.0,1,0.2,0.04347396294539473,0.03948164711978571
2026.0,442231.0,2940000,GP_Clustered_RBF_H_12,0.2,1531733125.0,1,0.2,0.043376824787444965,0.039494896023417186
2032.0,443145.0,2950000,GP_Clustered_RBF_H_12,0.2,1531734778.0,1,0.2,0.04315289514599868,0.03950729602044292
2040.0,443966.0,2960000,GP_Clustered_RBF_H_12,0.2,1531736134.0,1,0.2,0.04383779000529656,0.03952192606768918
2044.0,444769.0,2970000,GP_Clustered_RBF_H_12,0.2,1531737361.0,1,0.2,0.043281920037540535,0.039534585980045715
2047.0,445718.0,2980000,GP_Clustered_RBF_H_12,0.2,1531738688.0,1,0.2,0.043366465622972104,0.03954744463656561
2049.0,446619.0,2990000,GP_Clustered_RBF_H_12,0.2,1531740070.0,1,0.2,0.04370843959142374,0.039561361007652326
2056.0,447575.0,3000000,GP_Clustered_RBF_H_12,0.2,1531741521.0,1,0.2,0.04371965088806194,0.03957522197392057
2062.0,448507.0,3010000,GP_Clustered_RBF_H_12,0.2,1531743002.0,1,0.2,0.04325145199034433,0.03958743536267966
2067.0,449550.0,3020000,GP_Clustered_RBF_H_12,0.2,1531744524.0,1,0.2,0.043202947731906235,0.03959940725794228
2074.0,450713.0,3030000,GP_Clustered_RBF_H_12,0.2,1531746088.0,1,0.2,0.04374684232728095,0.0396130951624616
2083.0,451895.0,3040000,GP_Clustered_RBF_H_12,0.2,1531747660.0,1,0.2,0.04362351855624023,0.039626287344678095
2091.0,453165.0,3050000,GP_Clustered_RBF_H_12,0.2,1531749236.0,1,0.2,0.04397600420902176,0.03964054871144625
2095.0,454487.0,3060000,GP_Clustered_RBF_H_12,0.2,1531750910.0,1,0.2,0.043699681990693864,0.03965381385288138
2100.0,455983.0,3070000,GP_Clustered_RBF_H_12,0.2,1531752478.0,1,0.2,0.043667536265790126,0.03966688786725573
2107.0,457548.0,3080000,GP_Clustered_RBF_H_12,0.2,1531754109.0,1,0.2,0.044217987283243505,0.039681664164060645
2113.0,459240.0,3090000,GP_Clustered_RBF_H_12,0.2,1531755765.0,1,0.2,0.044192879741470084,0.03969626356722377
2123.0,461157.0,3100000,GP_Clustered_RBF_H_12,0.2,1531757481.0,1,0.2,0.044925842570932704,0.039713133176913024
2137.0,463049.0,3110000,GP_Clustered_RBF_H_12,0.2,1531759245.0,1,0.2,0.044699395366496204,0.039729166174306954
2153.0,465062.0,3120000,GP_Clustered_RBF_H_12,0.2,1531761084.0,1,0.2,0.04507940196600389,0.03974631436594672
2169.0,467217.0,3130000,GP_Clustered_RBF_H_12,0.2,1531762759.0,1,0.2,0.045213532834332694,0.03976378151760274
2181.0,469218.0,3140000,GP_Clustered_RBF_H_12,0.2,1531764482.0,1,0.2,0.044679661110105115,0.03977943718509474
2194.0,471347.0,3150000,GP_Clustered_RBF_H_12,0.2,1531766268.0,1,0.2,0.044764142825102354,0.03979526164744416
2202.0,473642.0,3160000,GP_Clustered_RBF_H_12,0.2,1531768012.0,1,0.2,0.044424140441647664,0.03980990999805878
2212.0,475974.0,3170000,GP_Clustered_RBF_H_12,0.2,1531769699.0,1,0.2,0.04460680215430222,0.03982504214997129
2227.0,478232.0,3180000,GP_Clustered_RBF_H_12,0.2,1531771418.0,1,0.2,0.04571389365459665,0.039843560550929184
2239.0,480683.0,3190000,GP_Clustered_RBF_H_12,0.2,1531773244.0,1,0.2,0.04479518289394341,0.039859082878023186
2251.0,483221.0,3200000,GP_Clustered_RBF_H_12,0.2,1531775653.0,1,0.2,0.04492087698497902,0.03987490098460741
2274.0,485748.0,3210000,GP_Clustered_RBF_H_12,0.2,1531783724.0,1,0.2,0.04670862913147261,0.03989618985733902
2289.0,488219.0,3220000,GP_Clustered_RBF_H_12,0.2,1531800173.0,1,0.2,0.04568905097172286,0.03991418010924719
2296.0,490267.0,3230000,GP_Clustered_RBF_H_12,0.2,1531803850.0,1,0.2,0.04468442249597073,0.039928948661528206
2304.0,491791.0,3240000,GP_Clustered_RBF_H_12,0.2,1531806504.0,1,0.2,0.04427617750962231,0.03994236603451604
2310.0,492993.0,3250000,GP_Clustered_RBF_H_12,0.2,1531808568.0,1,0.2,0.04405026162509086,0.039955005713255984
2312.0,493943.0,3260000,GP_Clustered_RBF_H_12,0.2,1531810242.0,1,0.2,0.044370542113546206,0.03996855030344107
2313.0,495009.0,3270000,GP_Clustered_RBF_H_12,0.2,1531811834.0,1,0.2,0.043680874051903365,0.0399799029754544
2316.0,496014.0,3280000,GP_Clustered_RBF_H_12,0.2,1531813330.0,1,0.2,0.04420233104803343,0.03999277623177302
2318.0,496967.0,3290000,GP_Clustered_RBF_H_12,0.2,1531814807.0,1,0.2,0.043961066402683914,0.04000483790402554
2326.0,497889.0,3300000,GP_Clustered_RBF_H_12,0.2,1531816398.0,1,0.2,0.04436509317769579,0.04001805079879464
2327.0,498805.0,3310000,GP_Clustered_RBF_H_12,0.2,1531818134.0,1,0.2,0.04413048771582323,0.04003047507951046
2332.0,499698.0,3320000,GP_Clustered_RBF_H_12,0.2,1531819692.0,1,0.2,0.04406764157340325,0.04004263521955174
2337.0,500487.0,3330000,GP_Clustered_RBF_H_12,0.2,1531821063.0,1,0.2,0.043925279940489344,0.040054294813307974
2341.0,501464.0,3340000,GP_Clustered_RBF_H_12,0.2,1531822486.0,1,0.2,0.04435944685634272,0.040067184490083285
2350.0,502491.0,3350000,GP_Clustered_RBF_H_12,0.2,1531823776.0,1,0.2,0.044376614221382206,0.0400800484594301
2355.0,503502.0,3360000,GP_Clustered_RBF_H_12,0.2,1531825040.0,1,0.2,0.04426261636598671,0.04009249657819946
2360.0,504549.0,3370000,GP_Clustered_RBF_H_12,0.2,1531826370.0,1,0.2,0.044617549092684776,0.040105924033732226
2367.0,505638.0,3380000,GP_Clustered_RBF_H_12,0.2,1531827792.0,1,0.2,0.044507569900596664,0.0401189466546402
2373.0,506658.0,3390000,GP_Clustered_RBF_H_12,0.2,1531829269.0,1,0.2,0.044920245567477875,0.040133109778277436
2378.0,507725.0,3400000,GP_Clustered_RBF_H_12,0.2,1531830741.0,1,0.2,0.04463278599604778,0.040146344120094477
2382.0,508817.0,3410000,GP_Clustered_RBF_H_12,0.2,1531832314.0,1,0.2,0.04476295222837049,0.04015988256029461
2387.0,510109.0,3420000,GP_Clustered_RBF_H_12,0.2,1531833828.0,1,0.2,0.0449574955492465,0.04017391066844938
2390.0,511217.0,3430000,GP_Clustered_RBF_H_12,0.2,1531835301.0,1,0.2,0.04493365352727875,0.04018778746978734
2397.0,512422.0,3440000,GP_Clustered_RBF_H_12,0.2,1531836904.0,1,0.2,0.04464580583157165,0.04020074682549013
2399.0,513726.0,3450000,GP_Clustered_RBF_H_12,0.2,1531838530.0,1,0.2,0.044439661211064636,0.04021303353385415
2405.0,515216.0,3460000,GP_Clustered_RBF_H_12,0.2,1531840065.0,1,0.2,0.04527537986977228,0.04022766459262848
2413.0,518217.0,3470000,GP_Clustered_RBF_H_12,0.2,1531841296.0,1,0.2,0.045163424926982984,0.04024188868581073
2419.0,521355.0,3480000,GP_Clustered_RBF_H_12,0.2,1531842432.0,1,0.2,0.045121921839615976,0.04025591176958638
2437.0,524905.0,3490000,GP_Clustered_RBF_H_12,0.2,1531843577.0,1,0.2,0.04580116196395511,0.040271800738624484
2445.0,528305.0,3500000,GP_Clustered_RBF_H_12,0.2,1531844681.0,1,0.2,0.04515991327311414,0.04028576677443738
2459.0,531543.0,3510000,GP_Clustered_RBF_H_12,0.2,1531845898.0,1,0.2,0.04654886032124779,0.04030361034579561
2469.0,533828.0,3520000,GP_Clustered_RBF_H_12,0.2,1531847445.0,1,0.2,0.04585208403359958,0.04031937305513561
2474.0,535823.0,3530000,GP_Clustered_RBF_H_12,0.2,1531848795.0,1,0.2,0.045828657040423396,0.04033498009192119
2479.0,537453.0,3540000,GP_Clustered_RBF_H_12,0.2,1531849788.0,1,0.2,0.04554151266667233,0.04034968781105857
2504.0,540465.0,3550000,GP_Clustered_RBF_H_12,0.2,1531851693.0,1,0.2,0.04743070716907695,0.04036963434446162
2530.0,544268.0,3560000,GP_Clustered_RBF_H_12,0.2,1531853829.0,1,0.2,0.047933123104901124,0.04039088009940652
2546.0,547156.0,3570000,GP_Clustered_RBF_H_12,0.2,1531855345.0,1,0.2,0.046179135382999274,0.040407093699640594
2559.0,549479.0,3580000,GP_Clustered_RBF_H_12,0.2,1531856607.0,1,0.2,0.046403797560181224,0.04042384426908317
2580.0,551999.0,3590000,GP_Clustered_RBF_H_12,0.2,1531857989.0,1,0.2,0.04729065729927979,0.040442971881980795
2600.0,555045.0,3600000,GP_Clustered_RBF_H_12,0.2,1531859611.0,1,0.2,0.04619258194277638,0.04045894302103907
2616.0,557732.0,3610000,GP_Clustered_RBF_H_12,0.2,1531861400.0,1,0.2,0.04610394616751858,0.04047458014886839
2639.0,561080.0,3620000,GP_Clustered_RBF_H_12,0.2,1531865127.0,1,0.2,0.046739441459751646,0.04049188639558307
2645.0,563422.0,3630000,GP_Clustered_RBF_H_12,0.2,1531884193.0,1,0.2,0.0465782983058524,0.04050865337054245
2659.0,565982.0,3640000,GP_Clustered_RBF_H_12,0.2,1531889056.0,1,0.2,0.046727976407836616,0.040525739422842495
2663.0,568011.0,3650000,GP_Clustered_RBF_H_12,0.2,1531892099.0,1,0.2,0.04546551869845157,0.040539273064692925
2669.0,569595.0,3660000,GP_Clustered_RBF_H_12,0.2,1531894503.0,1,0.2,0.045575997191695576,0.04055303460602313
2675.0,570820.0,3670000,GP_Clustered_RBF_H_12,0.2,1531896159.0,1,0.2,0.04574579339782716,0.0405671838125405
2677.0,571930.0,3680000,GP_Clustered_RBF_H_12,0.2,1531897696.0,1,0.2,0.04526368459854869,0.04057994604293751
2681.0,573238.0,3690000,GP_Clustered_RBF_H_12,0.2,1531899435.0,1,0.2,0.045102370820689915,0.04059220193664437
2683.0,574175.0,3700000,GP_Clustered_RBF_H_12,0.2,1531900882.0,1,0.2,0.04500916598978321,0.04060413967732886
2687.0,575143.0,3710000,GP_Clustered_RBF_H_12,0.2,1531902348.0,1,0.2,0.04530271492037138,0.04061680430062542
2690.0,576114.0,3720000,GP_Clustered_RBF_H_12,0.2,1531904003.0,1,0.2,0.045241772623196,0.04062923701116955
2693.0,577101.0,3730000,GP_Clustered_RBF_H_12,0.2,1531905636.0,1,0.2,0.0451922768053227,0.040641470361824084
2696.0,578152.0,3740000,GP_Clustered_RBF_H_12,0.2,1531907136.0,1,0.2,0.04460969066137616,0.04065208057652856
2701.0,579074.0,3750000,GP_Clustered_RBF_H_12,0.2,1531908530.0,1,0.2,0.045364576405457914,0.04066464723207216
2709.0,580144.0,3760000,GP_Clustered_RBF_H_12,0.2,1531909649.0,1,0.2,0.046068306016812895,0.04067901866501052
2710.0,581310.0,3770000,GP_Clustered_RBF_H_12,0.2,1531910809.0,1,0.2,0.04556156442304428,0.040691969714766435
2713.0,582370.0,3780000,GP_Clustered_RBF_H_12,0.2,1531912064.0,1,0.2,0.04520039130286525,0.040703896756004915
2719.0,583507.0,3790000,GP_Clustered_RBF_H_12,0.2,1531913456.0,1,0.2,0.04568968348635137,0.040717051866111215
2723.0,584682.0,3800000,GP_Clustered_RBF_H_12,0.2,1531914919.0,1,0.2,0.04574232932391936,0.040730276280473564
2726.0,585778.0,3810000,GP_Clustered_RBF_H_12,0.2,1531916513.0,1,0.2,0.0458565649161228,0.04074373110628878
2736.0,586886.0,3820000,GP_Clustered_RBF_H_12,0.2,1531918205.0,1,0.2,0.04643311947985957,0.04075862479313045
2746.0,588085.0,3830000,GP_Clustered_RBF_H_12,0.2,1531920090.0,1,0.2,0.04679924325752883,0.04077439664290771
2750.0,589122.0,3840000,GP_Clustered_RBF_H_12,0.2,1531921708.0,1,0.2,0.04532490037897154,0.04078624691305356
2758.0,590252.0,3850000,GP_Clustered_RBF_H_12,0.2,1531923426.0,1,0.2,0.046217567109124905,0.0408003542382376
2765.0,591544.0,3860000,GP_Clustered_RBF_H_12,0.2,1531925089.0,1,0.2,0.046520500049056675,0.04081517326883545
2770.0,592948.0,3870000,GP_Clustered_RBF_H_12,0.2,1531926833.0,1,0.2,0.04620005915086753,0.04082908770263972
2784.0,594440.0,3880000,GP_Clustered_RBF_H_12,0.2,1531928565.0,1,0.2,0.04673411135550656,0.04084430683576524
2790.0,596137.0,3890000,GP_Clustered_RBF_H_12,0.2,1531930419.0,1,0.2,0.04706180697500551,0.040860290126611985
2813.0,597895.0,3900000,GP_Clustered_RBF_H_12,0.2,1531932356.0,1,0.2,0.04735318499942741,0.04087693857500409
2828.0,599573.0,3910000,GP_Clustered_RBF_H_12,0.2,1531934218.0,1,0.2,0.04747515305100784,0.04089381380384361
2835.0,601401.0,3920000,GP_Clustered_RBF_H_12,0.2,1531936079.0,1,0.2,0.04680739621923011,0.040908899473270664
2858.0,603623.0,3930000,GP_Clustered_RBF_H_12,0.2,1531937942.0,1,0.2,0.047654276149649226,0.04092606328160768
2871.0,605718.0,3940000,GP_Clustered_RBF_H_12,0.2,1531939619.0,1,0.2,0.04775048470761229,0.040943384148171585
2896.0,608477.0,3950000,GP_Clustered_RBF_H_12,0.2,1531941718.0,1,0.2,0.04807024048136787,0.040961426822432784
2915.0,610977.0,3960000,GP_Clustered_RBF_H_12,0.2,1531943694.0,1,0.2,0.04840067431944025,0.04098021280096101
2931.0,613315.0,3970000,GP_Clustered_RBF_H_12,0.2,1531945562.0,1,0.2,0.04819798439538324,0.0409983935858336
2952.0,615634.0,3980000,GP_Clustered_RBF_H_12,0.2,1531947868.0,1,0.2,0.0477427208659176,0.04101533913176348
2975.0,618075.0,3990000,GP_Clustered_RBF_H_12,0.2,1531953717.0,1,0.2,0.048281902507805376,0.04103355107004936
2988.0,619792.0,4000000,GP_Clustered_RBF_H_12,0.2,1531972116.0,1,0.2,0.04711138062502233,0.041048745643937005
2997.0,621266.0,4010000,GP_Clustered_RBF_H_12,0.2,1531976445.0,1,0.2,0.04618071095306577,0.041061543562414114
3002.0,622658.0,4020000,GP_Clustered_RBF_H_12,0.2,1531979018.0,1,0.2,0.04582183151060392,0.041073385074723114
3006.0,623903.0,4030000,GP_Clustered_RBF_H_12,0.2,1531981168.0,1,0.2,0.04585962025980194,0.04108526158882967
3011.0,624836.0,4040000,GP_Clustered_RBF_H_12,0.2,1531982822.0,1,0.2,0.045686848823386424,0.041096651656241816
3016.0,625768.0,4050000,GP_Clustered_RBF_H_12,0.2,1531984329.0,1,0.2,0.046148301920942894,0.0411091248667718
3028.0,626830.0,4060000,GP_Clustered_RBF_H_12,0.2,1531985951.0,1,0.2,0.04657469677679258,0.04112258686655025
3031.0,627666.0,4070000,GP_Clustered_RBF_H_12,0.2,1531987403.0,1,0.2,0.04614383822464387,0.04113492409347429
3037.0,628502.0,4080000,GP_Clustered_RBF_H_12,0.2,1531988988.0,1,0.2,0.045972286777765756,0.04114678037456323
3042.0,629392.0,4090000,GP_Clustered_RBF_H_12,0.2,1531990684.0,1,0.2,0.04591136888790298,0.04115842973523092
3048.0,630277.0,4100000,GP_Clustered_RBF_H_12,0.2,1531992559.0,1,0.2,0.04558019413891261,0.041169214526459864
3058.0,631101.0,4110000,GP_Clustered_RBF_H_12,0.2,1531994195.0,1,0.2,0.04673205227446294,0.041182749411491214
3062.0,632041.0,4120000,GP_Clustered_RBF_H_12,0.2,1531995569.0,1,0.2,0.04570251303996679,0.041193719711560425
3066.0,632928.0,4130000,GP_Clustered_RBF_H_12,0.2,1531996883.0,1,0.2,0.04576709921482581,0.04120479326967988
3070.0,633866.0,4140000,GP_Clustered_RBF_H_12,0.2,1531998302.0,1,0.2,0.04570951377850351,0.04121567423709245
3072.0,634777.0,4150000,GP_Clustered_RBF_H_12,0.2,1531999871.0,1,0.2,0.0458804871082053,0.04122691475003483
3077.0,635687.0,4160000,GP_Clustered_RBF_H_12,0.2,1532001539.0,1,0.2,0.04616911320780878,0.04123879503478907
3084.0,636772.0,4170000,GP_Clustered_RBF_H_12,0.2,1532003307.0,1,0.2,0.046593917504454165,0.0412516370551006
3091.0,637831.0,4180000,GP_Clustered_RBF_H_12,0.2,1532005258.0,1,0.2,0.046298743002818485,0.04126371147124371
3103.0,638914.0,4190000,GP_Clustered_RBF_H_12,0.2,1532007010.0,1,0.2,0.04659187466444766,0.04127642785117968
3111.0,639921.0,4200000,GP_Clustered_RBF_H_12,0.2,1532008736.0,1,0.2,0.04670801116171939,0.04128936019239558
3122.0,641127.0,4210000,GP_Clustered_RBF_H_12,0.2,1532010736.0,1,0.2,0.046799888177620416,0.041302449332502815
3134.0,642415.0,4220000,GP_Clustered_RBF_H_12,0.2,1532012559.0,1,0.2,0.04681586800213603,0.04131551430565355
3148.0,643720.0,4230000,GP_Clustered_RBF_H_12,0.2,1532014521.0,1,0.2,0.0471829996618397,0.04132938542942694
3158.0,645177.0,4240000,GP_Clustered_RBF_H_12,0.2,1532016447.0,1,0.2,0.046788324577651454,0.041342260285908795
3176.0,646784.0,4250000,GP_Clustered_RBF_H_12,0.2,1532018642.0,1,0.2,0.04774537116476673,0.04135732642915331
3187.0,648624.0,4260000,GP_Clustered_RBF_H_12,0.2,1532021170.0,1,0.2,0.047838341093643565,0.041372540078600306
3196.0,650495.0,4270000,GP_Clustered_RBF_H_12,0.2,1532023176.0,1,0.2,0.04714369383431468,0.04138605566116712
3203.0,652433.0,4280000,GP_Clustered_RBF_H_12,0.2,1532025380.0,1,0.2,0.04762284700099322,0.041400627603550046
3210.0,654558.0,4290000,GP_Clustered_RBF_H_12,0.2,1532027587.0,1,0.2,0.047701448456203895,0.041415314831644866
3221.0,656543.0,4300000,GP_Clustered_RBF_H_12,0.2,1532029713.0,1,0.2,0.04769326585234321,0.04142991471773953
3235.0,658603.0,4310000,GP_Clustered_RBF_H_12,0.2,1532031928.0,1,0.2,0.047296137444541544,0.04144352544332344
3241.0,660793.0,4320000,GP_Clustered_RBF_H_12,0.2,1532034767.0,1,0.2,0.04714356228489057,0.041456719973049304
3259.0,662962.0,4330000,GP_Clustered_RBF_H_12,0.2,1532045213.0,1,0.2,0.048324904871959846,0.04147258183193764
3269.0,664688.0,4340000,GP_Clustered_RBF_H_12,0.2,1532061396.0,1,0.2,0.046934030842212114,0.041485165815832205
3278.0,666084.0,4350000,GP_Clustered_RBF_H_12,0.2,1532064811.0,1,0.2,0.04682712581787704,0.04149744618365246
3286.0,667233.0,4360000,GP_Clustered_RBF_H_12,0.2,1532067326.0,1,0.2,0.045937846200850535,0.041507630587361594
3291.0,668167.0,4370000,GP_Clustered_RBF_H_12,0.2,1532069064.0,1,0.2,0.046023709890242195,0.041517964864942684
3295.0,669070.0,4380000,GP_Clustered_RBF_H_12,0.2,1532070621.0,1,0.2,0.046073779186574175,0.041528366267502885
3299.0,669959.0,4390000,GP_Clustered_RBF_H_12,0.2,1532072419.0,1,0.2,0.04589907702970623,0.041538322328464126
3304.0,670807.0,4400000,GP_Clustered_RBF_H_12,0.2,1532073996.0,1,0.2,0.045891379640372834,0.0415482156405367
3309.0,671566.0,4410000,GP_Clustered_RBF_H_12,0.2,1532075525.0,1,0.2,0.04611535553348693,0.0415585719668245
3314.0,672465.0,4420000,GP_Clustered_RBF_H_12,0.2,1532077261.0,1,0.2,0.04618726421434654,0.04156904412123052
3319.0,673350.0,4430000,GP_Clustered_RBF_H_12,0.2,1532078861.0,1,0.2,0.046240926617516685,0.041579590131380434
3326.0,674207.0,4440000,GP_Clustered_RBF_H_12,0.2,1532080391.0,1,0.2,0.04573517910900402,0.0415889495660146
3331.0,675004.0,4450000,GP_Clustered_RBF_H_12,0.2,1532081929.0,1,0.2,0.04538896831438295,0.04159748893398856
3334.0,675782.0,4460000,GP_Clustered_RBF_H_12,0.2,1532083301.0,1,0.2,0.04558160155057396,0.04160642192191854
3336.0,676493.0,4470000,GP_Clustered_RBF_H_12,0.2,1532084731.0,1,0.2,0.04558745372173285,0.04161532803332758
3340.0,677290.0,4480000,GP_Clustered_RBF_H_12,0.2,1532086320.0,1,0.2,0.045534641685201147,0.041624076501300865
3344.0,678165.0,4490000,GP_Clustered_RBF_H_12,0.2,1532087976.0,1,0.2,0.04561246390812837,0.041632959324033526
3351.0,679058.0,4500000,GP_Clustered_RBF_H_12,0.2,1532089687.0,1,0.2,0.04618720934838696,0.041643079879642865
3357.0,679997.0,4510000,GP_Clustered_RBF_H_12,0.2,1532091460.0,1,0.2,0.045960626068996265,0.041652653152789876
3365.0,680894.0,4520000,GP_Clustered_RBF_H_12,0.2,1532093364.0,1,0.2,0.0459552079893184,0.04166217207941972
3370.0,681882.0,4530000,GP_Clustered_RBF_H_12,0.2,1532095311.0,1,0.2,0.045611082227097734,0.041670889320364154
3380.0,683005.0,4540000,GP_Clustered_RBF_H_12,0.2,1532097400.0,1,0.2,0.04644268843695117,0.04168139989110541
3390.0,684324.0,4550000,GP_Clustered_RBF_H_12,0.2,1532099674.0,1,0.2,0.04670729870220852,0.04169244582255824
3397.0,685828.0,4560000,GP_Clustered_RBF_H_12,0.2,1532102020.0,1,0.2,0.04696471479323369,0.041704007815914705
3406.0,688244.0,4570000,GP_Clustered_RBF_H_12,0.2,1532104096.0,1,0.2,0.04686091927595584,0.04171529208606771
3413.0,691450.0,4580000,GP_Clustered_RBF_H_12,0.2,1532105953.0,1,0.2,0.0465302708875716,0.04172580514021928
3416.0,695085.0,4590000,GP_Clustered_RBF_H_12,0.2,1532107616.0,1,0.2,0.045756195103627786,0.04173458594623959
3421.0,698632.0,4600000,GP_Clustered_RBF_H_12,0.2,1532109213.0,1,0.2,0.04673062085726395,0.04174544689169821
3435.0,701132.0,4610000,GP_Clustered_RBF_H_12,0.2,1532111420.0,1,0.2,0.047706300548077396,0.0417583771599333
3445.0,703592.0,4620000,GP_Clustered_RBF_H_12,0.2,1532113553.0,1,0.2,0.04742094984739393,0.04177063381077188
3460.0,706051.0,4630000,GP_Clustered_RBF_H_12,0.2,1532115509.0,1,0.2,0.047535810697539566,0.04178308559670433
3473.0,708533.0,4640000,GP_Clustered_RBF_H_12,0.2,1532117502.0,1,0.2,0.047650231025665984,0.04179573030668083
3486.0,711209.0,4650000,GP_Clustered_RBF_H_12,0.2,1532119661.0,1,0.2,0.04721885447950683,0.041807392939310774
3507.0,713813.0,4660000,GP_Clustered_RBF_H_12,0.2,1532122029.0,1,0.2,0.048132939840806896,0.04182096707429242
3522.0,716390.0,4670000,GP_Clustered_RBF_H_12,0.2,1532127989.0,1,0.2,0.04823983362497452,0.04183471197054624
3534.0,718071.0,4680000,GP_Clustered_RBF_H_12,0.2,1532137864.0,1,0.2,0.04766423564095106,0.04184716821770544
3546.0,720199.0,4690000,GP_Clustered_RBF_H_12,0.2,1532149184.0,1,0.2,0.04711309673211388,0.04185839621027368
3550.0,722229.0,4700000,GP_Clustered_RBF_H_12,0.2,1532152206.0,1,0.2,0.04589327761429762,0.041866981064324946
3565.0,724270.0,4710000,GP_Clustered_RBF_H_12,0.2,1532154223.0,1,0.2,0.046816299742682296,0.04187748917192237
3567.0,726327.0,4720000,GP_Clustered_RBF_H_12,0.2,1532156107.0,1,0.2,0.04619699744486221,0.04188664067250042
3577.0,728257.0,4730000,GP_Clustered_RBF_H_12,0.2,1532157912.0,1,0.2,0.04704614988412837,0.04189754872580193
3581.0,729933.0,4740000,GP_Clustered_RBF_H_12,0.2,1532159521.0,1,0.2,0.046283404187216354,0.041906801585424945
3593.0,731509.0,4750000,GP_Clustered_RBF_H_12,0.2,1532161120.0,1,0.2,0.04690957374719172,0.041917333737344666
3603.0,733042.0,4760000,GP_Clustered_RBF_H_12,0.2,1532162717.0,1,0.2,0.0475854033246307,0.04192924144656162
3612.0,734673.0,4770000,GP_Clustered_RBF_H_12,0.2,1532164496.0,1,0.2,0.04649378930723508,0.04193881072928802
3624.0,736359.0,4780000,GP_Clustered_RBF_H_12,0.2,1532166167.0,1,0.2,0.04679835980265961,0.04194897714994398
3635.0,737803.0,4790000,GP_Clustered_RBF_H_12,0.2,1532167784.0,1,0.2,0.04649964575883717,0.041958477501946305
3645.0,739275.0,4800000,GP_Clustered_RBF_H_12,0.2,1532169398.0,1,0.2,0.04674857075920618,0.04196845686289919
3655.0,740838.0,4810000,GP_Clustered_RBF_H_12,0.2,1532171085.0,1,0.2,0.047104489836156,0.04197913468612841
3666.0,742408.0,4820000,GP_Clustered_RBF_H_12,0.2,1532172762.0,1,0.2,0.04744941237508215,0.04199048380996408
3678.0,743894.0,4830000,GP_Clustered_RBF_H_12,0.2,1532174380.0,1,0.2,0.04789879004554379,0.04200271632805013
3688.0,745290.0,4840000,GP_Clustered_RBF_H_12,0.2,1532176116.0,1,0.2,0.04760248965599239,0.04201428610765264
3700.0,746637.0,4850000,GP_Clustered_RBF_H_12,0.2,1532177882.0,1,0.2,0.047484066971653915,0.042025564006340964
3714.0,748106.0,4860000,GP_Clustered_RBF_H_12,0.2,1532179669.0,1,0.2,0.04853981436736835,0.042038967813667984
3725.0,749482.0,4870000,GP_Clustered_RBF_H_12,0.2,1532181297.0,1,0.2,0.04761567683251758,0.042050418961550436
3740.0,751212.0,4880000,GP_Clustered_RBF_H_12,0.2,1532183436.0,1,0.2,0.05046513960073344,0.042067662241548356
3766.0,752945.0,4890000,GP_Clustered_RBF_H_12,0.2,1532185023.0,1,0.2,0.05110398632883492,0.042086141431911
3799.0,754624.0,4900000,GP_Clustered_RBF_H_12,0.2,1532186690.0,1,0.2,0.05120842149319223,0.0421047583299956
3836.0,756351.0,4910000,GP_Clustered_RBF_H_12,0.2,1532188477.0,1,0.2,0.05132121561958534,0.04212352911877279
3853.0,757916.0,4920000,GP_Clustered_RBF_H_12,0.2,1532190266.0,1,0.2,0.048948678508126016,0.04213740137362904
3865.0,759489.0,4930000,GP_Clustered_RBF_H_12,0.2,1532192001.0,1,0.2,0.047962598000251,0.042149217188287846
3882.0,761296.0,4940000,GP_Clustered_RBF_H_12,0.2,1532193909.0,1,0.2,0.04872934339525138,0.042162537281824036
3900.0,763057.0,4950000,GP_Clustered_RBF_H_12,0.2,1532195803.0,1,0.2,0.04856653007371466,0.04217547464099958
3922.0,764991.0,4960000,GP_Clustered_RBF_H_12,0.2,1532197799.0,1,0.2,0.048537382679748,0.04218830106849696
3959.0,767200.0,4970000,GP_Clustered_RBF_H_12,0.2,1532199746.0,1,0.2,0.04975086077686839,0.042203517486421184
3977.0,770134.0,4980000,GP_Clustered_RBF_H_12,0.2,1532201344.0,1,0.2,0.04853990321438711,0.04221624115254189
3997.0,773016.0,4990000,GP_Clustered_RBF_H_12,0.2,1532203046.0,1,0.2,0.04802272900015832,0.04222787740073336
4021.0,775317.0,5000000,GP_Clustered_RBF_H_12,0.2,1532205149.0,1,0.2,0.04890114432813279,0.04224122393458817
4039.0,777671.0,5010000,GP_Clustered_RBF_H_12,0.2,1532207514.0,1,0.2,0.048108859416827576,0.042252935781857986
4055.0,779943.0,5020000,GP_Clustered_RBF_H_12,0.2,1532210972.0,1,0.2,0.04823314654169976,0.042264848552295675
4069.0,781671.0,5030000,GP_Clustered_RBF_H_12,0.2,1532218131.0,1,0.2,0.047450506253317516,0.042275158010946355
4086.0,783941.0,5040000,GP_Clustered_RBF_H_12,0.2,1532234837.0,1,0.2,0.04825061670754988,0.042287014079788895
4097.0,785608.0,5050000,GP_Clustered_RBF_H_12,0.2,1532238533.0,1,0.2,0.04732329063560931,0.042296986904652126
4106.0,787667.0,5060000,GP_Clustered_RBF_H_12,0.2,1532241101.0,1,0.2,0.04697581397018743,0.042306233598457796
4124.0,789806.0,5070000,GP_Clustered_RBF_H_12,0.2,1532243219.0,1,0.2,0.04863382190080843,0.042318714048758095
4128.0,791571.0,5080000,GP_Clustered_RBF_H_12,0.2,1532244837.0,1,0.2,0.047522554384017604,0.04232895782894544
4141.0,793370.0,5090000,GP_Clustered_RBF_H_12,0.2,1532246443.0,1,0.2,0.047526787241620475,0.042339169674549905
4156.0,795184.0,5100000,GP_Clustered_RBF_H_12,0.2,1532248016.0,1,0.2,0.048904907371109155,0.042352043670033195
4169.0,796932.0,5110000,GP_Clustered_RBF_H_12,0.2,1532249475.0,1,0.2,0.04786688691637313,0.042362835926875536
4182.0,798356.0,5120000,GP_Clustered_RBF_H_12,0.2,1532251081.0,1,0.2,0.04824204284439772,0.042374318752886435
4193.0,799921.0,5130000,GP_Clustered_RBF_H_12,0.2,1532252672.0,1,0.2,0.04727648456258624,0.04238387463165796
4212.0,801581.0,5140000,GP_Clustered_RBF_H_12,0.2,1532254261.0,1,0.2,0.048257851197813194,0.042395302601630845
4224.0,803203.0,5150000,GP_Clustered_RBF_H_12,0.2,1532255865.0,1,0.2,0.04853577578282154,0.04240722585052637
4232.0,804869.0,5160000,GP_Clustered_RBF_H_12,0.2,1532257621.0,1,0.2,0.04710253405456685,0.042416325285030164
4239.0,806470.0,5170000,GP_Clustered_RBF_H_12,0.2,1532259271.0,1,0.2,0.047325875540411164,0.042425821513764436
4251.0,808022.0,5180000,GP_Clustered_RBF_H_12,0.2,1532261006.0,1,0.2,0.047446045990904163,0.04243551306680922
4263.0,809497.0,5190000,GP_Clustered_RBF_H_12,0.2,1532262853.0,1,0.2,0.04766948758124825,0.04244559779612436
4272.0,810920.0,5200000,GP_Clustered_RBF_H_12,0.2,1532264596.0,1,0.2,0.04789287635430181,0.04245607333181335
4287.0,812490.0,5210000,GP_Clustered_RBF_H_12,0.2,1532266289.0,1,0.2,0.048182033151944595,0.04246706365776397
4300.0,814026.0,5220000,GP_Clustered_RBF_H_12,0.2,1532267924.0,1,0.2,0.04806184463794958,0.04247778162899071
4317.0,815574.0,5230000,GP_Clustered_RBF_H_12,0.2,1532269592.0,1,0.2,0.047951822037197896,0.04248824824545024
4330.0,817206.0,5240000,GP_Clustered_RBF_H_12,0.2,1532271106.0,1,0.2,0.04819112849631899,0.042499131604707176
4349.0,819422.0,5250000,GP_Clustered_RBF_H_12,0.2,1532272792.0,1,0.2,0.04853042193129636,0.042510619776757776
4368.0,821841.0,5260000,GP_Clustered_RBF_H_12,0.2,1532274596.0,1,0.2,0.048156737830255356,0.04252135384149823
4383.0,824446.0,5270000,GP_Clustered_RBF_H_12,0.2,1532276166.0,1,0.2,0.047933726718848865,0.04253162399876086
4393.0,827203.0,5280000,GP_Clustered_RBF_H_12,0.2,1532277685.0,1,0.2,0.047421760641450365,0.04254088562119021
4411.0,829827.0,5290000,GP_Clustered_RBF_H_12,0.2,1532279287.0,1,0.2,0.04868381917524113,0.042552497971953665
4428.0,832271.0,5300000,GP_Clustered_RBF_H_12,0.2,1532280695.0,1,0.2,0.04791861338665005,0.042562622718018764
4447.0,834214.0,5310000,GP_Clustered_RBF_H_12,0.2,1532282174.0,1,0.2,0.04812016781125662,0.04257308890463503
4460.0,836098.0,5320000,GP_Clustered_RBF_H_12,0.2,1532283622.0,1,0.2,0.047779150861494,0.04258287473538128
4475.0,837997.0,5330000,GP_Clustered_RBF_H_12,0.2,1532285006.0,1,0.2,0.04915013309193659,0.04259519604561893
4492.0,839765.0,5340000,GP_Clustered_RBF_H_12,0.2,1532286351.0,1,0.2,0.04862013202051817,0.04260647869725728
4509.0,841510.0,5350000,GP_Clustered_RBF_H_12,0.2,1532287645.0,1,0.2,0.048611965990318314,0.042617703907150806
4523.0,843206.0,5360000,GP_Clustered_RBF_H_12,0.2,1532288945.0,1,0.2,0.05004624596798076,0.04263156312741343
4553.0,844957.0,5370000,GP_Clustered_RBF_H_12,0.2,1532290098.0,1,0.2,0.05090950284704351,0.04264697828517769
4572.0,846950.0,5380000,GP_Clustered_RBF_H_12,0.2,1532291385.0,1,0.2,0.0497204058239641,0.042660125920008035
4595.0,848716.0,5390000,GP_Clustered_RBF_H_12,0.2,1532292855.0,1,0.2,0.04971058025028828,0.042673206540287126
4627.0,850613.0,5400000,GP_Clustered_RBF_H_12,0.2,1532294550.0,1,0.2,0.05126774964641693,0.04268912236085409
