Clicks,Impressions,TotalImpressions,Method,Timestamp,MSE,CumulativeMSE,Hours,TrainPart,RecommendationPart,Alpha,EqClicks,ClusterCount,LengthScale,Nu,Kernel,LearningRate
3.0,381.0,110000,NN,1531044493.0,0.08396458310520147,0.004442789721288638,12,0.2,0.2,0.0,0.2,10,100,1.5,,0.01
7.0,1812.0,120000,NN,1531046231.0,0.169199265635658,0.018172496047486077,12,0.2,0.2,0.0,0.2,10,100,1.5,,0.01
11.0,3272.0,130000,NN,1531048017.0,0.1715151286487898,0.02996808317066301,12,0.2,0.2,0.0,0.2,10,100,1.5,,0.01
22.0,4760.0,140000,NN,1531049805.0,0.1717705719395496,0.0400968323684405,12,0.2,0.2,0.0,0.2,10,100,1.5,,0.01
32.0,6145.0,150000,NN,1531051599.0,0.171873307174078,0.04888193068881579,12,0.2,0.2,0.0,0.2,10,100,1.5,,0.01
40.0,7513.0,160000,NN,1531053310.0,0.16716865165237546,0.05627485074903916,12,0.2,0.2,0.0,0.2,10,100,1.5,,0.01
43.0,9282.0,170000,NN,1531054948.0,0.17923165703838806,0.06350760406017754,12,0.2,0.2,0.0,0.2,10,100,1.5,,0.01
48.0,10841.0,180000,NN,1531056675.0,0.1787639184603445,0.06991073263796466,12,0.2,0.2,0.0,0.2,10,100,1.5,,0.01
53.0,12234.0,190000,NN,1531058328.0,0.17300702342863714,0.07533685320589473,12,0.2,0.2,0.0,0.2,10,100,1.5,,0.01
60.0,13641.0,200000,NN,1531059941.0,0.16864705319134593,0.08000236320516721,12,0.2,0.2,0.0,0.2,10,100,1.5,,0.01
66.0,15107.0,210000,NN,1531061809.0,0.17215814034936408,0.08439073354536604,12,0.2,0.2,0.0,0.2,10,100,1.5,,0.01
76.0,16776.0,220000,NN,1531063581.0,0.1837983577522047,0.08890926191840455,12,0.2,0.2,0.0,0.2,10,100,1.5,,0.01
88.0,18331.0,230000,NN,1531065314.0,0.17896274856737251,0.09282463090314354,12,0.2,0.2,0.0,0.2,10,100,1.5,,0.01
98.0,19798.0,240000,NN,1531067084.0,0.17353671356198444,0.09618763434726287,12,0.2,0.2,0.0,0.2,10,100,1.5,,0.01
107.0,21386.0,250000,NN,1531068933.0,0.17779147633284811,0.09945178802668662,12,0.2,0.2,0.0,0.2,10,100,1.5,,0.01
113.0,22811.0,260000,NN,1531070560.0,0.17436748420642775,0.10233316095667684,12,0.2,0.2,0.0,0.2,10,100,1.5,,0.01
123.0,24157.0,270000,NN,1531071931.0,0.16643329987708855,0.10470724017595189,12,0.2,0.2,0.0,0.2,10,100,1.5,,0.01
132.0,25613.0,280000,NN,1531073370.0,0.17084819484757852,0.1070694171285104,12,0.2,0.2,0.0,0.2,10,100,1.5,,0.01
138.0,27155.0,290000,NN,1531074828.0,0.1735100384622598,0.10936047303657029,12,0.2,0.2,0.0,0.2,10,100,1.5,,0.01
150.0,29101.0,300000,NN,1531076102.0,0.18543454189293912,0.11189627533178194,12,0.2,0.2,0.0,0.2,10,100,1.5,,0.01
161.0,31106.0,310000,NN,1531077460.0,0.18733713037778574,0.11432985130100731,12,0.2,0.2,0.0,0.2,10,100,1.5,,0.01
170.0,32997.0,320000,NN,1531078853.0,0.18738522347388806,0.11661283168141119,12,0.2,0.2,0.0,0.2,10,100,1.5,,0.01
182.0,34934.0,330000,NN,1531080285.0,0.18507942897804722,0.11868757705403647,12,0.2,0.2,0.0,0.2,10,100,1.5,,0.01
188.0,36751.0,340000,NN,1531081775.0,0.17892085884921427,0.12045914416565937,12,0.2,0.2,0.0,0.2,10,100,1.5,,0.01
196.0,38786.0,350000,NN,1531083470.0,0.18549652911255418,0.1223173551641414,12,0.2,0.2,0.0,0.2,10,100,1.5,,0.01
204.0,40594.0,360000,NN,1531085548.0,0.18225009120749938,0.12398215338756696,12,0.2,0.2,0.0,0.2,10,100,1.5,,0.01
210.0,42220.0,370000,NN,1531091700.0,0.14150245175632478,0.1244556749651004,12,0.2,0.2,0.0,0.2,10,100,1.5,,0.01
216.0,45090.0,380000,NN,1531109678.0,0.12614253024745198,0.12450006589358324,12,0.2,0.2,0.0,0.2,10,100,1.5,,0.01
222.0,47455.0,390000,NN,1531114011.0,0.10640285904571724,0.12403603494876628,12,0.2,0.2,0.0,0.2,10,100,1.5,,0.01
224.0,48963.0,400000,NN,1531116623.0,0.08477667929311909,0.12305455105737514,12,0.2,0.2,0.0,0.2,10,100,1.5,,0.01
228.0,50203.0,410000,NN,1531118649.0,0.07551606039345382,0.12189507567532858,12,0.2,0.2,0.0,0.2,10,100,1.5,,0.01
230.0,51361.0,420000,NN,1531120418.0,0.07216449528548022,0.12071101423747503,12,0.2,0.2,0.0,0.2,10,100,1.5,,0.01
233.0,52411.0,430000,NN,1531122132.0,0.0678592381869287,0.11948190316653187,12,0.2,0.2,0.0,0.2,10,100,1.5,,0.01
235.0,53376.0,440000,NN,1531123856.0,0.06725070039658894,0.11829483037630648,12,0.2,0.2,0.0,0.2,10,100,1.5,,0.01
236.0,54016.0,450000,NN,1531125068.0,0.050649219198337356,0.11679159457235216,12,0.2,0.2,0.0,0.2,10,100,1.5,,0.01
238.0,54751.0,460000,NN,1531126436.0,0.05478822506811687,0.1154436952353037,12,0.2,0.2,0.0,0.2,10,100,1.5,,0.01
241.0,55773.0,470000,NN,1531128328.0,0.0710286963209748,0.11449869525840217,12,0.2,0.2,0.0,0.2,10,100,1.5,,0.01
244.0,56217.0,480000,NN,1531129175.0,0.04090718002088514,0.11296553869095442,12,0.2,0.2,0.0,0.2,10,100,1.5,,0.01
247.0,56692.0,490000,NN,1531130018.0,0.04038423046365437,0.11148428750264207,12,0.2,0.2,0.0,0.2,10,100,1.5,,0.01
249.0,57140.0,500000,NN,1531130800.0,0.027872817045757888,0.10981205809350425,12,0.2,0.2,0.0,0.2,10,100,1.5,,0.01
250.0,57664.0,510000,NN,1531131712.0,0.023027064632764903,0.10811039155505815,12,0.2,0.2,0.0,0.2,10,100,1.5,,0.01
257.0,58703.0,520000,NN,1531133341.0,0.03744657127611826,0.10675147193430942,12,0.2,0.2,0.0,0.2,10,100,1.5,,0.01
257.0,59637.0,530000,NN,1531134827.0,0.032843666554738644,0.10535698504035498,12,0.2,0.2,0.0,0.2,10,100,1.5,,0.01
260.0,60393.0,540000,NN,1531136175.0,0.029133675154738314,0.10394544226469545,12,0.2,0.2,0.0,0.2,10,100,1.5,,0.01
263.0,61274.0,550000,NN,1531137754.0,0.03162507157341749,0.10263052643394494,12,0.2,0.2,0.0,0.2,10,100,1.5,,0.01
266.0,62211.0,560000,NN,1531139459.0,0.03415224094693341,0.10140769990739133,12,0.2,0.2,0.0,0.2,10,100,1.5,,0.01
269.0,63083.0,570000,NN,1531141094.0,0.03246138666706832,0.10019811546457864,12,0.2,0.2,0.0,0.2,10,100,1.5,,0.01
275.0,63998.0,580000,NN,1531142751.0,0.033844265593003686,0.09905408357024063,12,0.2,0.2,0.0,0.2,10,100,1.5,,0.01
277.0,64850.0,590000,NN,1531144525.0,0.03368030966386152,0.09794605350403046,12,0.2,0.2,0.0,0.2,10,100,1.5,,0.01
285.0,65870.0,600000,NN,1531146406.0,0.03635240718629086,0.09691949273206815,12,0.2,0.2,0.0,0.2,10,100,1.5,,0.01
293.0,67099.0,610000,NN,1531148524.0,0.04152827909988176,0.09601144004957379,12,0.2,0.2,0.0,0.2,10,100,1.5,,0.01
304.0,68516.0,620000,NN,1531150653.0,0.04554871384977797,0.09519752511086715,12,0.2,0.2,0.0,0.2,10,100,1.5,,0.01
309.0,70062.0,630000,NN,1531152831.0,0.048697732262677956,0.09445943316089585,12,0.2,0.2,0.0,0.2,10,100,1.5,,0.01
316.0,71805.0,640000,NN,1531154931.0,0.05253126157350504,0.09380430547984223,12,0.2,0.2,0.0,0.2,10,100,1.5,,0.01
328.0,73874.0,650000,NN,1531156919.0,0.05736774912146928,0.09324374307432952,12,0.2,0.2,0.0,0.2,10,100,1.5,,0.01
337.0,76190.0,660000,NN,1531158796.0,0.06150969021383151,0.09276292409159463,12,0.2,0.2,0.0,0.2,10,100,1.5,,0.01
346.0,78672.0,670000,NN,1531160992.0,0.06635395625075421,0.09236876039247781,12,0.2,0.2,0.0,0.2,10,100,1.5,,0.01
360.0,81192.0,680000,NN,1531162911.0,0.06512292886777282,0.0919680863994667,12,0.2,0.2,0.0,0.2,10,100,1.5,,0.01
368.0,83391.0,690000,NN,1531164809.0,0.062273506261153806,0.09153773016557747,12,0.2,0.2,0.0,0.2,10,100,1.5,,0.01
380.0,85850.0,700000,NN,1531166846.0,0.06664530011669086,0.09118212402202211,12,0.2,0.2,0.0,0.2,10,100,1.5,,0.01
386.0,88140.0,710000,NN,1531168918.0,0.06252579084949624,0.09077851369564856,12,0.2,0.2,0.0,0.2,10,100,1.5,,0.01
397.0,90538.0,720000,NN,1531171813.0,0.0658895926829486,0.09043283423713872,12,0.2,0.2,0.0,0.2,10,100,1.5,,0.01
406.0,92626.0,730000,NN,1531185503.0,0.041038262379991065,0.0897561962664927,12,0.2,0.2,0.0,0.2,10,100,1.5,,0.01
413.0,94874.0,740000,NN,1531196969.0,0.029278757432856087,0.0889389335795521,12,0.2,0.2,0.0,0.2,10,100,1.5,,0.01
421.0,96592.0,750000,NN,1531200364.0,0.024316872675227114,0.08807730610082816,12,0.2,0.2,0.0,0.2,10,100,1.5,,0.01
425.0,97850.0,760000,NN,1531202607.0,0.018766174381530873,0.08716531752557438,12,0.2,0.2,0.0,0.2,10,100,1.5,,0.01
431.0,98931.0,770000,NN,1531204516.0,0.017691431808378198,0.0862630592695068,12,0.2,0.2,0.0,0.2,10,100,1.5,,0.01
436.0,99912.0,780000,NN,1531206234.0,0.01754211472459879,0.0853820215189314,12,0.2,0.2,0.0,0.2,10,100,1.5,,0.01
436.0,100858.0,790000,NN,1531207753.0,0.01592222590296453,0.08450278359974141,12,0.2,0.2,0.0,0.2,10,100,1.5,,0.01
438.0,101769.0,800000,NN,1531209349.0,0.01626851392912023,0.0836498552288591,12,0.2,0.2,0.0,0.2,10,100,1.5,,0.01
442.0,102525.0,810000,NN,1531211009.0,0.014298384082498748,0.08279366422705291,12,0.2,0.2,0.0,0.2,10,100,1.5,,0.01
444.0,103265.0,820000,NN,1531212747.0,0.014921873807221146,0.08196595946583574,12,0.2,0.2,0.0,0.2,10,100,1.5,,0.01
445.0,103954.0,830000,NN,1531214477.0,0.013969544620818163,0.08114672555204142,12,0.2,0.2,0.0,0.2,10,100,1.5,,0.01
449.0,104556.0,840000,NN,1531216000.0,0.013497804364586929,0.08034138125219123,12,0.2,0.2,0.0,0.2,10,100,1.5,,0.01
452.0,105259.0,850000,NN,1531217491.0,0.010702477078581725,0.07952210002661828,12,0.2,0.2,0.0,0.2,10,100,1.5,,0.01
458.0,106099.0,860000,NN,1531218803.0,0.008111733799208775,0.07869174693094912,12,0.2,0.2,0.0,0.2,10,100,1.5,,0.01
461.0,106989.0,870000,NN,1531220183.0,0.008301626652171382,0.07788266508866455,12,0.2,0.2,0.0,0.2,10,100,1.5,,0.01
465.0,107952.0,880000,NN,1531221660.0,0.009440503969238236,0.07710491325776242,12,0.2,0.2,0.0,0.2,10,100,1.5,,0.01
470.0,108915.0,890000,NN,1531223228.0,0.009306510018776932,0.07634313344608919,12,0.2,0.2,0.0,0.2,10,100,1.5,,0.01
475.0,109900.0,900000,NN,1531224925.0,0.008630185360113935,0.07559076735624361,12,0.2,0.2,0.0,0.2,10,100,1.5,,0.01
480.0,110854.0,910000,NN,1531226586.0,0.009903654497218492,0.07486893095119959,12,0.2,0.2,0.0,0.2,10,100,1.5,,0.01
488.0,111807.0,920000,NN,1531228193.0,0.009589944243933642,0.0741593767478586,12,0.2,0.2,0.0,0.2,10,100,1.5,,0.01
494.0,112874.0,930000,NN,1531229863.0,0.009686353174128548,0.0734661184298614,12,0.2,0.2,0.0,0.2,10,100,1.5,,0.01
501.0,114098.0,940000,NN,1531231690.0,0.011427954762001561,0.07280613796530994,12,0.2,0.2,0.0,0.2,10,100,1.5,,0.01
509.0,115538.0,950000,NN,1531233614.0,0.011737309581846728,0.07216330819285222,12,0.2,0.2,0.0,0.2,10,100,1.5,,0.01
518.0,117066.0,960000,NN,1531235598.0,0.013184185809654752,0.07154894233469504,12,0.2,0.2,0.0,0.2,10,100,1.5,,0.01
524.0,118702.0,970000,NN,1531237572.0,0.013206311199131068,0.07094747191061786,12,0.2,0.2,0.0,0.2,10,100,1.5,,0.01
534.0,120545.0,980000,NN,1531239731.0,0.01570850492806985,0.07038380898222409,12,0.2,0.2,0.0,0.2,10,100,1.5,,0.01
537.0,122242.0,990000,NN,1531241737.0,0.01429529481796269,0.0698172583341007,12,0.2,0.2,0.0,0.2,10,100,1.5,,0.01
547.0,124201.0,1000000,NN,1531243738.0,0.015956482990470807,0.06927865058066343,12,0.2,0.2,0.0,0.2,10,100,1.5,,0.01
556.0,126534.0,1010000,NN,1531245667.0,0.017444615449164255,0.06876544231203538,12,0.2,0.2,0.0,0.2,10,100,1.5,,0.01
568.0,128798.0,1020000,NN,1531247731.0,0.017258815592203144,0.06826047538340903,12,0.2,0.2,0.0,0.2,10,100,1.5,,0.01
576.0,130992.0,1030000,NN,1531249459.0,0.017931819057816434,0.06777184765209196,12,0.2,0.2,0.0,0.2,10,100,1.5,,0.01
586.0,133413.0,1040000,NN,1531251643.0,0.019519127677371555,0.06730787919079695,12,0.2,0.2,0.0,0.2,10,100,1.5,,0.01
591.0,135588.0,1050000,NN,1531253665.0,0.018067224815691216,0.06683892057770113,12,0.2,0.2,0.0,0.2,10,100,1.5,,0.01
597.0,137923.0,1060000,NN,1531256223.0,0.01804729024719939,0.06637862217835677,12,0.2,0.2,0.0,0.2,10,100,1.5,,0.01
607.0,140256.0,1070000,NN,1531263018.0,0.01667008743458809,0.06591405643308736,12,0.2,0.2,0.0,0.2,10,100,1.5,,0.01
618.0,143110.0,1080000,NN,1531280274.0,0.009767015720533475,0.06539417642648994,12,0.2,0.2,0.0,0.2,10,100,1.5,,0.01
625.0,145801.0,1090000,NN,1531284669.0,0.009794639167506383,0.06488408892870086,12,0.2,0.2,0.0,0.2,10,100,1.5,,0.01
635.0,147817.0,1100000,NN,1531287508.0,0.007408977104931826,0.06436158791212078,12,0.2,0.2,0.0,0.2,10,100,1.5,,0.01
641.0,149352.0,1110000,NN,1531289836.0,0.006147940429852017,0.06383714063750506,12,0.2,0.2,0.0,0.2,10,100,1.5,,0.01
646.0,150635.0,1120000,NN,1531291626.0,0.005098984301471516,0.0633126928130762,12,0.2,0.2,0.0,0.2,10,100,1.5,,0.01
651.0,152489.0,1130000,NN,1531293077.0,0.006057587951869329,0.06280601046917104,12,0.2,0.2,0.0,0.2,10,100,1.5,,0.01
655.0,154135.0,1140000,NN,1531294497.0,0.006083983052435088,0.0623084488251656,12,0.2,0.2,0.0,0.2,10,100,1.5,,0.01
660.0,155562.0,1150000,NN,1531295902.0,0.005893983079269347,0.061817888253462454,12,0.2,0.2,0.0,0.2,10,100,1.5,,0.01
664.0,157290.0,1160000,NN,1531297173.0,0.0060090781736865315,0.06133677782173971,12,0.2,0.2,0.0,0.2,10,100,1.5,,0.01
672.0,159117.0,1170000,NN,1531298617.0,0.006279355219393001,0.060866201560181674,12,0.2,0.2,0.0,0.2,10,100,1.5,,0.01
677.0,160857.0,1180000,NN,1531300121.0,0.0061256566613754945,0.06040229863731126,12,0.2,0.2,0.0,0.2,10,100,1.5,,0.01
682.0,162422.0,1190000,NN,1531301576.0,0.005650264629225951,0.05994219751119298,12,0.2,0.2,0.0,0.2,10,100,1.5,,0.01
684.0,164016.0,1200000,NN,1531303080.0,0.005629469410934575,0.05948959144369135,12,0.2,0.2,0.0,0.2,10,100,1.5,,0.01
690.0,165368.0,1210000,NN,1531304333.0,0.003878314909828163,0.05902999411696451,12,0.2,0.2,0.0,0.2,10,100,1.5,,0.01
692.0,166630.0,1220000,NN,1531305532.0,0.0029773798368518322,0.05857054645893034,12,0.2,0.2,0.0,0.2,10,100,1.5,,0.01
697.0,167713.0,1230000,NN,1531307017.0,0.0036266036886361173,0.05812384773722064,12,0.2,0.2,0.0,0.2,10,100,1.5,,0.01
708.0,168683.0,1240000,NN,1531308567.0,0.0034040415604682664,0.057682558977729656,12,0.2,0.2,0.0,0.2,10,100,1.5,,0.01
710.0,169696.0,1250000,NN,1531310326.0,0.0033545792954335248,0.05724793514027127,12,0.2,0.2,0.0,0.2,10,100,1.5,,0.01
714.0,170745.0,1260000,NN,1531312103.0,0.003338446266581895,0.056820082053972196,12,0.2,0.2,0.0,0.2,10,100,1.5,,0.01
724.0,171769.0,1270000,NN,1531313779.0,0.0033409619672376484,0.0563989866202181,12,0.2,0.2,0.0,0.2,10,100,1.5,,0.01
728.0,172884.0,1280000,NN,1531315640.0,0.0038864940729080133,0.05598873277219155,12,0.2,0.2,0.0,0.2,10,100,1.5,,0.01
733.0,174053.0,1290000,NN,1531317423.0,0.004080714105155851,0.05558634503058667,12,0.2,0.2,0.0,0.2,10,100,1.5,,0.01
741.0,175227.0,1300000,NN,1531319405.0,0.004059406241025943,0.055189983962974816,12,0.2,0.2,0.0,0.2,10,100,1.5,,0.01
748.0,176537.0,1310000,NN,1531321200.0,0.004055877320544693,0.054799647271047705,12,0.2,0.2,0.0,0.2,10,100,1.5,,0.01
756.0,178003.0,1320000,NN,1531323186.0,0.005247530351188206,0.05442425244589741,12,0.2,0.2,0.0,0.2,10,100,1.5,,0.01
769.0,179855.0,1330000,NN,1531325396.0,0.006460719581324227,0.05406362437924684,12,0.2,0.2,0.0,0.2,10,100,1.5,,0.01
778.0,181797.0,1340000,NN,1531327624.0,0.005856532566635157,0.05370386996273417,12,0.2,0.2,0.0,0.2,10,100,1.5,,0.01
790.0,183872.0,1350000,NN,1531329744.0,0.0071804510705995445,0.053359252045014884,12,0.2,0.2,0.0,0.2,10,100,1.5,,0.01
802.0,186090.0,1360000,NN,1531331783.0,0.0066334899254476614,0.05301568026472362,12,0.2,0.2,0.0,0.2,10,100,1.5,,0.01
812.0,188403.0,1370000,NN,1531334066.0,0.006526793257901865,0.05267634532306863,12,0.2,0.2,0.0,0.2,10,100,1.5,,0.01
822.0,190837.0,1380000,NN,1531335903.0,0.0070664330988465295,0.05234583871274825,12,0.2,0.2,0.0,0.2,10,100,1.5,,0.01
827.0,193098.0,1390000,NN,1531338119.0,0.007164010526540769,0.05202078958910626,12,0.2,0.2,0.0,0.2,10,100,1.5,,0.01
838.0,195495.0,1400000,NN,1531340225.0,0.00681081283467335,0.05169786118371685,12,0.2,0.2,0.0,0.2,10,100,1.5,,0.01
851.0,197557.0,1410000,NN,1531342924.0,0.006779254324374685,0.0513792895038632,12,0.2,0.2,0.0,0.2,10,100,1.5,,0.01
870.0,200021.0,1420000,NN,1531351318.0,0.007949295477609579,0.051073444475509044,12,0.2,0.2,0.0,0.2,10,100,1.5,,0.01
879.0,202328.0,1430000,NN,1531369501.0,0.003825376099183221,0.05074303840294699,12,0.2,0.2,0.0,0.2,10,100,1.5,,0.01
881.0,204237.0,1440000,NN,1531373800.0,0.0028377257856390054,0.05041036262088237,12,0.2,0.2,0.0,0.2,10,100,1.5,,0.01
889.0,205608.0,1450000,NN,1531376336.0,0.002716212862805432,0.05008143745013654,12,0.2,0.2,0.0,0.2,10,100,1.5,,0.01
892.0,206784.0,1460000,NN,1531378380.0,0.002854703246230177,0.04975796666791812,12,0.2,0.2,0.0,0.2,10,100,1.5,,0.01
896.0,207851.0,1470000,NN,1531380197.0,0.002198403481949066,0.04943443222447578,12,0.2,0.2,0.0,0.2,10,100,1.5,,0.01
900.0,208741.0,1480000,NN,1531381734.0,0.0028133632487543085,0.049119425001666654,12,0.2,0.2,0.0,0.2,10,100,1.5,,0.01
909.0,209623.0,1490000,NN,1531383373.0,0.0023952210938315717,0.048805839740539564,12,0.2,0.2,0.0,0.2,10,100,1.5,,0.01
911.0,210558.0,1500000,NN,1531385107.0,0.002913920615999789,0.04849989361304299,12,0.2,0.2,0.0,0.2,10,100,1.5,,0.01
914.0,211433.0,1510000,NN,1531386959.0,0.0018193169201452363,0.04819075072103674,12,0.2,0.2,0.0,0.2,10,100,1.5,,0.01
919.0,212300.0,1520000,NN,1531388666.0,0.002928489451948921,0.04789297268637151,12,0.2,0.2,0.0,0.2,10,100,1.5,,0.01
921.0,213131.0,1530000,NN,1531390366.0,0.0022867033521029663,0.04759489249464393,12,0.2,0.2,0.0,0.2,10,100,1.5,,0.01
927.0,213944.0,1540000,NN,1531391762.0,0.0021096434572885933,0.047299533734660545,12,0.2,0.2,0.0,0.2,10,100,1.5,,0.01
932.0,214836.0,1550000,NN,1531393262.0,0.0018670375096163428,0.047006420855788975,12,0.2,0.2,0.0,0.2,10,100,1.5,,0.01
936.0,215779.0,1560000,NN,1531395080.0,0.0021874663821978115,0.04671911986557352,12,0.2,0.2,0.0,0.2,10,100,1.5,,0.01
939.0,216822.0,1570000,NN,1531396997.0,0.0020340531525323475,0.04643450160625506,12,0.2,0.2,0.0,0.2,10,100,1.5,,0.01
944.0,217863.0,1580000,NN,1531398777.0,0.0025945222083820986,0.046157033382217084,12,0.2,0.2,0.0,0.2,10,100,1.5,,0.01
949.0,218887.0,1590000,NN,1531400537.0,0.00261751393285808,0.04588319992656129,12,0.2,0.2,0.0,0.2,10,100,1.5,,0.01
953.0,219996.0,1600000,NN,1531402278.0,0.0024524787056094156,0.045611757918930504,12,0.2,0.2,0.0,0.2,10,100,1.5,,0.01
959.0,221214.0,1610000,NN,1531404354.0,0.0028483352379685837,0.045346146597930806,12,0.2,0.2,0.0,0.2,10,100,1.5,,0.01
969.0,222421.0,1620000,NN,1531406176.0,0.0031924825014282175,0.04508593879486658,12,0.2,0.2,0.0,0.2,10,100,1.5,,0.01
974.0,223810.0,1630000,NN,1531407973.0,0.003016418676023034,0.044827843579412774,12,0.2,0.2,0.0,0.2,10,100,1.5,,0.01
982.0,225360.0,1640000,NN,1531409990.0,0.0035621603114826066,0.04457622355948668,12,0.2,0.2,0.0,0.2,10,100,1.5,,0.01
990.0,227151.0,1650000,NN,1531412247.0,0.004584853870725601,0.04433385162197968,12,0.2,0.2,0.0,0.2,10,100,1.5,,0.01
1000.0,228979.0,1660000,NN,1531414664.0,0.004428773025465744,0.04409345958224189,12,0.2,0.2,0.0,0.2,10,100,1.5,,0.01
1010.0,230941.0,1670000,NN,1531416880.0,0.005330073919177529,0.043861343500426656,12,0.2,0.2,0.0,0.2,10,100,1.5,,0.01
1024.0,232975.0,1680000,NN,1531419218.0,0.0061172050260428264,0.04363667600950782,12,0.2,0.2,0.0,0.2,10,100,1.5,,0.01
1044.0,235289.0,1690000,NN,1531421594.0,0.005921352582100276,0.04341350841526296,12,0.2,0.2,0.0,0.2,10,100,1.5,,0.01
1058.0,237473.0,1700000,NN,1531423831.0,0.00570306314222098,0.043191682266598114,12,0.2,0.2,0.0,0.2,10,100,1.5,,0.01
1073.0,239643.0,1710000,NN,1531426097.0,0.005769727064711996,0.042972840423312175,12,0.2,0.2,0.0,0.2,10,100,1.5,,0.01
1088.0,241822.0,1720000,NN,1531428700.0,0.006851140755029843,0.042762830541519824,12,0.2,0.2,0.0,0.2,10,100,1.5,,0.01
1102.0,244033.0,1730000,NN,1531433991.0,0.00576373764570632,0.04254896295252619,12,0.2,0.2,0.0,0.2,10,100,1.5,,0.01
1112.0,245856.0,1740000,NN,1531452298.0,0.0039622698185766605,0.04232720034830827,12,0.2,0.2,0.0,0.2,10,100,1.5,,0.01
1119.0,247449.0,1750000,NN,1531457863.0,0.0027442971662988785,0.04210101233012527,12,0.2,0.2,0.0,0.2,10,100,1.5,,0.01
1125.0,248652.0,1760000,NN,1531460622.0,0.003231625431217975,0.04188016354092744,12,0.2,0.2,0.0,0.2,10,100,1.5,,0.01
1131.0,249610.0,1770000,NN,1531462674.0,0.002227328574395778,0.041656136224731855,12,0.2,0.2,0.0,0.2,10,100,1.5,,0.01
1134.0,250561.0,1780000,NN,1531464475.0,0.003508886749018096,0.04144182583441951,12,0.2,0.2,0.0,0.2,10,100,1.5,,0.01
1136.0,251438.0,1790000,NN,1531466048.0,0.0029859597754474704,0.041226988593866296,12,0.2,0.2,0.0,0.2,10,100,1.5,,0.01
1144.0,252342.0,1800000,NN,1531467563.0,0.0030620439350992454,0.0410149611235396,12,0.2,0.2,0.0,0.2,10,100,1.5,,0.01
1149.0,253206.0,1810000,NN,1531468953.0,0.001981078044333436,0.04079930431094668,12,0.2,0.2,0.0,0.2,10,100,1.5,,0.01
1153.0,254068.0,1820000,NN,1531470409.0,0.0022866555339565208,0.040587696350633154,12,0.2,0.2,0.0,0.2,10,100,1.5,,0.01
1157.0,255042.0,1830000,NN,1531471963.0,0.0016429114010323576,0.04037488331812145,12,0.2,0.2,0.0,0.2,10,100,1.5,,0.01
1166.0,255859.0,1840000,NN,1531473512.0,0.0022523113252823678,0.04016769542685651,12,0.2,0.2,0.0,0.2,10,100,1.5,,0.01
1167.0,256678.0,1850000,NN,1531475081.0,0.001902063385725198,0.039960854172580204,12,0.2,0.2,0.0,0.2,10,100,1.5,,0.01
1174.0,257809.0,1860000,NN,1531476404.0,0.002302438055396129,0.03975838956979955,12,0.2,0.2,0.0,0.2,10,100,1.5,,0.01
1180.0,258758.0,1870000,NN,1531477691.0,0.0031067197929322155,0.03956239133569843,12,0.2,0.2,0.0,0.2,10,100,1.5,,0.01
1185.0,259727.0,1880000,NN,1531478998.0,0.0021181996676543136,0.039363220103421484,12,0.2,0.2,0.0,0.2,10,100,1.5,,0.01
1192.0,260744.0,1890000,NN,1531480540.0,0.002996552392160992,0.0391708038721456,12,0.2,0.2,0.0,0.2,10,100,1.5,,0.01
1195.0,261792.0,1900000,NN,1531482052.0,0.002554414619663521,0.038978086033974756,12,0.2,0.2,0.0,0.2,10,100,1.5,,0.01
1201.0,262780.0,1910000,NN,1531483642.0,0.002714383579432569,0.038788223717459186,12,0.2,0.2,0.0,0.2,10,100,1.5,,0.01
1206.0,263942.0,1920000,NN,1531485304.0,0.0029329435543977503,0.03860147746661045,12,0.2,0.2,0.0,0.2,10,100,1.5,,0.01
1212.0,265109.0,1930000,NN,1531487022.0,0.002833833232328709,0.03841615288508504,12,0.2,0.2,0.0,0.2,10,100,1.5,,0.01
1217.0,266224.0,1940000,NN,1531488590.0,0.00235617494235637,0.03823027671012233,12,0.2,0.2,0.0,0.2,10,100,1.5,,0.01
1226.0,267735.0,1950000,NN,1531491010.0,0.00364684767769183,0.038052925792006996,12,0.2,0.2,0.0,0.2,10,100,1.5,,0.01
1230.0,269180.0,1960000,NN,1531492900.0,0.0026970013310498,0.037872538422307846,12,0.2,0.2,0.0,0.2,10,100,1.5,,0.01
1246.0,270791.0,1970000,NN,1531495204.0,0.003943579707764297,0.03770031020548354,12,0.2,0.2,0.0,0.2,10,100,1.5,,0.01
1254.0,272588.0,1980000,NN,1531497591.0,0.0047917871308976725,0.03753410554349108,12,0.2,0.2,0.0,0.2,10,100,1.5,,0.01
1260.0,274424.0,1990000,NN,1531500030.0,0.005802881654977344,0.03737465215711661,12,0.2,0.2,0.0,0.2,10,100,1.5,,0.01
1272.0,276402.0,2000000,NN,1531502452.0,0.0047601240259235195,0.03721157951646078,12,0.2,0.2,0.0,0.2,10,100,1.5,,0.01
1279.0,278311.0,2010000,NN,1531504702.0,0.004340710322096962,0.037048042853802594,12,0.2,0.2,0.0,0.2,10,100,1.5,,0.01
1291.0,280684.0,2020000,NN,1531507505.0,0.004482472677366143,0.036886827159859956,12,0.2,0.2,0.0,0.2,10,100,1.5,,0.01
1306.0,282862.0,2030000,NN,1531509988.0,0.007489508109063605,0.0367420127802995,12,0.2,0.2,0.0,0.2,10,100,1.5,,0.01
1324.0,284923.0,2040000,NN,1531512382.0,0.0070276207083863245,0.036596353995633144,12,0.2,0.2,0.0,0.2,10,100,1.5,,0.01
1339.0,286894.0,2050000,NN,1531514646.0,0.007045342443529806,0.0364522027197692,12,0.2,0.2,0.0,0.2,10,100,1.5,,0.01
1362.0,288802.0,2060000,NN,1531517611.0,0.007273349927044032,0.03631055780329946,12,0.2,0.2,0.0,0.2,10,100,1.5,,0.01
1374.0,290384.0,2070000,NN,1531523895.0,0.006153417574737128,0.0361648711355291,12,0.2,0.2,0.0,0.2,10,100,1.5,,0.01
1384.0,291769.0,2080000,NN,1531538649.0,0.003193974618706884,0.036006357209967255,12,0.2,0.2,0.0,0.2,10,100,1.5,,0.01
1393.0,293346.0,2090000,NN,1531545152.0,0.004393964366939065,0.03585510174181856,12,0.2,0.2,0.0,0.2,10,100,1.5,,0.01
1402.0,294951.0,2100000,NN,1531548032.0,0.002643145861439409,0.03569694957095949,12,0.2,0.2,0.0,0.2,10,100,1.5,,0.01
1407.0,296601.0,2110000,NN,1531550244.0,0.0029450137750153334,0.03554172712642945,12,0.2,0.2,0.0,0.2,10,100,1.5,,0.01
1416.0,298467.0,2120000,NN,1531552164.0,0.00245751805549613,0.03538566953647228,12,0.2,0.2,0.0,0.2,10,100,1.5,,0.01
1424.0,300266.0,2130000,NN,1531553824.0,0.002549451279832121,0.0352315088873801,12,0.2,0.2,0.0,0.2,10,100,1.5,,0.01
1433.0,301972.0,2140000,NN,1531555499.0,0.003810697133395238,0.03508468266423077,12,0.2,0.2,0.0,0.2,10,100,1.5,,0.01
1438.0,303623.0,2150000,NN,1531557120.0,0.0023614097257315613,0.03493248139474971,12,0.2,0.2,0.0,0.2,10,100,1.5,,0.01
1443.0,305515.0,2160000,NN,1531558831.0,0.003349034093806264,0.03478626173131933,12,0.2,0.2,0.0,0.2,10,100,1.5,,0.01
1448.0,307181.0,2170000,NN,1531560540.0,0.003027010171383033,0.03463990573334723,12,0.2,0.2,0.0,0.2,10,100,1.5,,0.01
1453.0,308873.0,2180000,NN,1531562235.0,0.0021470677064781055,0.034490856017627865,12,0.2,0.2,0.0,0.2,10,100,1.5,,0.01
1463.0,310594.0,2190000,NN,1531563942.0,0.0029824693992168173,0.034346982106128486,12,0.2,0.2,0.0,0.2,10,100,1.5,,0.01
1470.0,312235.0,2200000,NN,1531565680.0,0.0028947963734359027,0.03420401762552509,12,0.2,0.2,0.0,0.2,10,100,1.5,,0.01
1479.0,313946.0,2210000,NN,1531567587.0,0.0030900303909151073,0.034063230352970666,12,0.2,0.2,0.0,0.2,10,100,1.5,,0.01
1484.0,315592.0,2220000,NN,1531569418.0,0.0027135869752174637,0.03392201574316094,12,0.2,0.2,0.0,0.2,10,100,1.5,,0.01
1496.0,317379.0,2230000,NN,1531571410.0,0.0034714935583615124,0.03378546631632335,12,0.2,0.2,0.0,0.2,10,100,1.5,,0.01
1506.0,319160.0,2240000,NN,1531573308.0,0.003368519373531004,0.03364967637461437,12,0.2,0.2,0.0,0.2,10,100,1.5,,0.01
1513.0,320906.0,2250000,NN,1531575302.0,0.0037819247065305106,0.03351693081164459,12,0.2,0.2,0.0,0.2,10,100,1.5,,0.01
1516.0,322716.0,2260000,NN,1531577438.0,0.0028112585921783806,0.03338106500536388,12,0.2,0.2,0.0,0.2,10,100,1.5,,0.01
1530.0,324629.0,2270000,NN,1531579575.0,0.003961509753226977,0.033251463440376224,12,0.2,0.2,0.0,0.2,10,100,1.5,,0.01
1540.0,326530.0,2280000,NN,1531581504.0,0.005073082850502356,0.03312787405182429,12,0.2,0.2,0.0,0.2,10,100,1.5,,0.01
1549.0,328324.0,2290000,NN,1531583988.0,0.002714679812901332,0.03299506534335725,12,0.2,0.2,0.0,0.2,10,100,1.5,,0.01
1557.0,329895.0,2300000,NN,1531586120.0,0.0044636134452462044,0.03287101555249574,12,0.2,0.2,0.0,0.2,10,100,1.5,,0.01
1569.0,331419.0,2310000,NN,1531588178.0,0.00423896142812397,0.03274706726624306,12,0.2,0.2,0.0,0.2,10,100,1.5,,0.01
1580.0,333070.0,2320000,NN,1531590317.0,0.0039698957792463655,0.032623027733971896,12,0.2,0.2,0.0,0.2,10,100,1.5,,0.01
1588.0,334729.0,2330000,NN,1531592479.0,0.0037742784323439877,0.03249921335928703,12,0.2,0.2,0.0,0.2,10,100,1.5,,0.01
1607.0,336498.0,2340000,NN,1531594914.0,0.005906282206169166,0.03238556835435972,12,0.2,0.2,0.0,0.2,10,100,1.5,,0.01
1618.0,338129.0,2350000,NN,1531597223.0,0.004755829504317471,0.03226799499755077,12,0.2,0.2,0.0,0.2,10,100,1.5,,0.01
1628.0,339659.0,2360000,NN,1531599494.0,0.003658328836686225,0.03214676759856375,12,0.2,0.2,0.0,0.2,10,100,1.5,,0.01
1646.0,341126.0,2370000,NN,1531601646.0,0.0049082909324823865,0.032031837317271876,12,0.2,0.2,0.0,0.2,10,100,1.5,,0.01
1657.0,342672.0,2380000,NN,1531604427.0,0.004257829609630834,0.031915139805894895,12,0.2,0.2,0.0,0.2,10,100,1.5,,0.01
1664.0,344081.0,2390000,NN,1531612643.0,0.0037436610604648594,0.031797267509888955,12,0.2,0.2,0.0,0.2,10,100,1.5,,0.01
1669.0,345466.0,2400000,NN,1531630073.0,0.003051120695349471,0.0316774918981617,12,0.2,0.2,0.0,0.2,10,100,1.5,,0.01
1680.0,347014.0,2410000,NN,1531634702.0,0.0042271123552454605,0.03156358990835713,12,0.2,0.2,0.0,0.2,10,100,1.5,,0.01
1690.0,348510.0,2420000,NN,1531637239.0,0.0033272167169546684,0.03144691068029354,12,0.2,0.2,0.0,0.2,10,100,1.5,,0.01
1698.0,350102.0,2430000,NN,1531639632.0,0.002657093495120207,0.03132843406636264,12,0.2,0.2,0.0,0.2,10,100,1.5,,0.01
1701.0,351584.0,2440000,NN,1531641496.0,0.001985727774457387,0.031208177073363364,12,0.2,0.2,0.0,0.2,10,100,1.5,,0.01
1706.0,353137.0,2450000,NN,1531643295.0,0.0024663321599557985,0.031090863420655677,12,0.2,0.2,0.0,0.2,10,100,1.5,,0.01
1710.0,354703.0,2460000,NN,1531645076.0,0.0031650027148053365,0.030977343661688733,12,0.2,0.2,0.0,0.2,10,100,1.5,,0.01
1719.0,356228.0,2470000,NN,1531646742.0,0.00314378429408433,0.03086465718651643,12,0.2,0.2,0.0,0.2,10,100,1.5,,0.01
1726.0,357822.0,2480000,NN,1531648616.0,0.003938340155842393,0.030756083327521846,12,0.2,0.2,0.0,0.2,10,100,1.5,,0.01
1729.0,359420.0,2490000,NN,1531650478.0,0.0041330798584038875,0.03064916363487493,12,0.2,0.2,0.0,0.2,10,100,1.5,,0.01
1740.0,360862.0,2500000,NN,1531652270.0,0.0035184372877559234,0.03054064072948697,12,0.2,0.2,0.0,0.2,10,100,1.5,,0.01
1750.0,362301.0,2510000,NN,1531654047.0,0.002931369950999079,0.030430643634752477,12,0.2,0.2,0.0,0.2,10,100,1.5,,0.01
1754.0,363733.0,2520000,NN,1531655869.0,0.003445231034049322,0.0303235586641149,12,0.2,0.2,0.0,0.2,10,100,1.5,,0.01
1764.0,365164.0,2530000,NN,1531657747.0,0.004405507072965547,0.030221115772450503,12,0.2,0.2,0.0,0.2,10,100,1.5,,0.01
1769.0,366683.0,2540000,NN,1531659594.0,0.004226993310889781,0.030118776707641282,12,0.2,0.2,0.0,0.2,10,100,1.5,,0.01
1782.0,368334.0,2550000,NN,1531661070.0,0.004104899755106991,0.030016761503906003,12,0.2,0.2,0.0,0.2,10,100,1.5,,0.01
1788.0,370165.0,2560000,NN,1531662446.0,0.002173881935017168,0.029908000255590088,12,0.2,0.2,0.0,0.2,10,100,1.5,,0.01
1798.0,372276.0,2570000,NN,1531663599.0,0.0024778234666060182,0.029801268050185358,12,0.2,0.2,0.0,0.2,10,100,1.5,,0.01
1803.0,374478.0,2580000,NN,1531664612.0,0.0028803433750385333,0.029696923380902327,12,0.2,0.2,0.0,0.2,10,100,1.5,,0.01
1808.0,376551.0,2590000,NN,1531665566.0,0.0023890037057048563,0.02959148739760014,12,0.2,0.2,0.0,0.2,10,100,1.5,,0.01
1815.0,378792.0,2600000,NN,1531666534.0,0.002287713954089902,0.029486472884355738,12,0.2,0.2,0.0,0.2,10,100,1.5,,0.01
1818.0,381023.0,2610000,NN,1531667642.0,0.002384250989429421,0.029382632953723748,12,0.2,0.2,0.0,0.2,10,100,1.5,,0.01
1820.0,383159.0,2620000,NN,1531668642.0,0.0024933464472742723,0.029280002089195543,12,0.2,0.2,0.0,0.2,10,100,1.5,,0.01
1827.0,385108.0,2630000,NN,1531669662.0,0.0027625755432773152,0.029179175372290818,12,0.2,0.2,0.0,0.2,10,100,1.5,,0.01
1830.0,387360.0,2640000,NN,1531670298.0,0.0014069332197262205,0.029073977485349366,12,0.2,0.2,0.0,0.2,10,100,1.5,,0.01
1833.0,389548.0,2650000,NN,1531671199.0,0.002887256914331473,0.02897515967187397,12,0.2,0.2,0.0,0.2,10,100,1.5,,0.01
1840.0,391673.0,2660000,NN,1531672269.0,0.002580059380362513,0.028875929971529667,12,0.2,0.2,0.0,0.2,10,100,1.5,,0.01
1846.0,393872.0,2670000,NN,1531673153.0,0.002189371480386225,0.028775980314259604,12,0.2,0.2,0.0,0.2,10,100,1.5,,0.01
1851.0,395805.0,2680000,NN,1531673917.0,0.0022833062736188113,0.028677127052914034,12,0.2,0.2,0.0,0.2,10,100,1.5,,0.01
1855.0,397883.0,2690000,NN,1531674680.0,0.0017871679206033267,0.028577164379559518,12,0.2,0.2,0.0,0.2,10,100,1.5,,0.01
1863.0,400009.0,2700000,NN,1531675555.0,0.0029706003699282173,0.028482325253597524,12,0.2,0.2,0.0,0.2,10,100,1.5,,0.01
1868.0,402250.0,2710000,NN,1531676698.0,0.0034806292098437737,0.028390068072624418,12,0.2,0.2,0.0,0.2,10,100,1.5,,0.01
1878.0,405372.0,2720000,NN,1531678451.0,0.0031204338718310493,0.02829716500570967,12,0.2,0.2,0.0,0.2,10,100,1.5,,0.01
1892.0,408229.0,2730000,NN,1531680005.0,0.0037838319242043234,0.02820737257683977,12,0.2,0.2,0.0,0.2,10,100,1.5,,0.01
1905.0,410465.0,2740000,NN,1531680811.0,0.0030628923524675684,0.028115604400838334,12,0.2,0.2,0.0,0.2,10,100,1.5,,0.01
1915.0,412875.0,2750000,NN,1531681657.0,0.002777178347824366,0.02802346466973621,12,0.2,0.2,0.0,0.2,10,100,1.5,,0.01
1921.0,415183.0,2760000,NN,1531682590.0,0.0018871534643601635,0.027928767890006825,12,0.2,0.2,0.0,0.2,10,100,1.5,,0.01
1928.0,417635.0,2770000,NN,1531683714.0,0.0018058267139992037,0.027834461243161572,12,0.2,0.2,0.0,0.2,10,100,1.5,,0.01
1935.0,420670.0,2780000,NN,1531684985.0,0.0029196653372170443,0.027744839675154422,12,0.2,0.2,0.0,0.2,10,100,1.5,,0.01
1945.0,423568.0,2790000,NN,1531686269.0,0.0036964681277779072,0.02765864479505636,12,0.2,0.2,0.0,0.2,10,100,1.5,,0.01
1958.0,426021.0,2800000,NN,1531687538.0,0.0030705675338096837,0.027570830233409064,12,0.2,0.2,0.0,0.2,10,100,1.5,,0.01
1965.0,428244.0,2810000,NN,1531688926.0,0.00258926033237854,0.027481927849419344,12,0.2,0.2,0.0,0.2,10,100,1.5,,0.01
1973.0,430622.0,2820000,NN,1531691331.0,0.003678972960945479,0.027397520207970507,12,0.2,0.2,0.0,0.2,10,100,1.5,,0.01
1985.0,432694.0,2830000,NN,1531701029.0,0.003939457250821187,0.027314629526143105,12,0.2,0.2,0.0,0.2,10,100,1.5,,0.01
1996.0,434880.0,2840000,NN,1531714418.0,0.0037533120741002376,0.027231667140748404,12,0.2,0.2,0.0,0.2,10,100,1.5,,0.01
1999.0,436265.0,2850000,NN,1531717788.0,0.002545443191329366,0.02714504881110138,12,0.2,0.2,0.0,0.2,10,100,1.5,,0.01
2000.0,437470.0,2860000,NN,1531720421.0,0.0023413075704049264,0.027058322443126913,12,0.2,0.2,0.0,0.2,10,100,1.5,,0.01
2006.0,438459.0,2870000,NN,1531722296.0,0.002230887239228256,0.02697181570025642,12,0.2,0.2,0.0,0.2,10,100,1.5,,0.01
2009.0,439317.0,2880000,NN,1531723895.0,0.002228447533278055,0.026885901227454687,12,0.2,0.2,0.0,0.2,10,100,1.5,,0.01
2014.0,440221.0,2890000,NN,1531725333.0,0.002414434808994587,0.026801224873065597,12,0.2,0.2,0.0,0.2,10,100,1.5,,0.01
2017.0,441057.0,2900000,NN,1531726829.0,0.0013296309133023223,0.02671339179044589,12,0.2,0.2,0.0,0.2,10,100,1.5,,0.01
2021.0,441766.0,2910000,NN,1531728262.0,0.002508362465890031,0.026630212995516284,12,0.2,0.2,0.0,0.2,10,100,1.5,,0.01
2022.0,442580.0,2920000,NN,1531729852.0,0.0027249336341197525,0.026548345600443318,12,0.2,0.2,0.0,0.2,10,100,1.5,,0.01
2031.0,443437.0,2930000,NN,1531731542.0,0.0026036406543585274,0.026466623057965294,12,0.2,0.2,0.0,0.2,10,100,1.5,,0.01
2033.0,444118.0,2940000,NN,1531733125.0,0.0025133003188011842,0.0263851491710973,12,0.2,0.2,0.0,0.2,10,100,1.5,,0.01
2034.0,444859.0,2950000,NN,1531734778.0,0.0021166955637989026,0.026302883226665772,12,0.2,0.2,0.0,0.2,10,100,1.5,,0.01
2039.0,445454.0,2960000,NN,1531736134.0,0.0028930500483474115,0.026223795952414745,12,0.2,0.2,0.0,0.2,10,100,1.5,,0.01
2044.0,446137.0,2970000,NN,1531737361.0,0.0018094036234976845,0.026141592611240057,12,0.2,0.2,0.0,0.2,10,100,1.5,,0.01
2046.0,446854.0,2980000,NN,1531738688.0,0.0019176530289719547,0.026060304223380126,12,0.2,0.2,0.0,0.2,10,100,1.5,,0.01
2046.0,447606.0,2990000,NN,1531740070.0,0.002520971937258627,0.025981577359547106,12,0.2,0.2,0.0,0.2,10,100,1.5,,0.01
2051.0,448558.0,3000000,NN,1531741521.0,0.0025183475977964905,0.02590336659367489,12,0.2,0.2,0.0,0.2,10,100,1.5,,0.01
2053.0,449481.0,3010000,NN,1531743002.0,0.0017252347296064852,0.025823040574192407,12,0.2,0.2,0.0,0.2,10,100,1.5,,0.01
2055.0,450496.0,3020000,NN,1531744524.0,0.0016348832915735777,0.025742947338157192,12,0.2,0.2,0.0,0.2,10,100,1.5,,0.01
2058.0,451680.0,3030000,NN,1531746088.0,0.002527651930125945,0.025666329201497258,12,0.2,0.2,0.0,0.2,10,100,1.5,,0.01
2064.0,452889.0,3040000,NN,1531747660.0,0.0023146567845492064,0.025589514489599098,12,0.2,0.2,0.0,0.2,10,100,1.5,,0.01
2069.0,454106.0,3050000,NN,1531749236.0,0.0029224897086822616,0.02551519637556349,12,0.2,0.2,0.0,0.2,10,100,1.5,,0.01
2072.0,455353.0,3060000,NN,1531750910.0,0.0024329961029409776,0.02543976434852894,12,0.2,0.2,0.0,0.2,10,100,1.5,,0.01
2073.0,456773.0,3070000,NN,1531752478.0,0.0023458890645037143,0.025364539999069586,12,0.2,0.2,0.0,0.2,10,100,1.5,,0.01
2081.0,458378.0,3080000,NN,1531754109.0,0.0032231585946871292,0.025292652397107374,12,0.2,0.2,0.0,0.2,10,100,1.5,,0.01
2091.0,460252.0,3090000,NN,1531755765.0,0.003136656185514453,0.0252209501439955,12,0.2,0.2,0.0,0.2,10,100,1.5,,0.01
2103.0,462291.0,3100000,NN,1531757481.0,0.004323143033659534,0.02515353786299427,12,0.2,0.2,0.0,0.2,10,100,1.5,,0.01
2112.0,464315.0,3110000,NN,1531759245.0,0.0039258131835332565,0.02508528151354255,12,0.2,0.2,0.0,0.2,10,100,1.5,,0.01
2125.0,466601.0,3120000,NN,1531761084.0,0.004523828841787834,0.02501937942164604,12,0.2,0.2,0.0,0.2,10,100,1.5,,0.01
2139.0,468891.0,3130000,NN,1531762759.0,0.004719212349767894,0.024954522657838187,12,0.2,0.2,0.0,0.2,10,100,1.5,,0.01
2145.0,471267.0,3140000,NN,1531764482.0,0.0038563081073179958,0.024887330891753785,12,0.2,0.2,0.0,0.2,10,100,1.5,,0.01
2151.0,473870.0,3150000,NN,1531766268.0,0.003963009398123188,0.02482090447431356,12,0.2,0.2,0.0,0.2,10,100,1.5,,0.01
2161.0,476554.0,3160000,NN,1531768012.0,0.0033486203371233744,0.024752954208056704,12,0.2,0.2,0.0,0.2,10,100,1.5,,0.01
2171.0,479200.0,3170000,NN,1531769699.0,0.003653481078803422,0.02468639435591388,12,0.2,0.2,0.0,0.2,10,100,1.5,,0.01
2191.0,481774.0,3180000,NN,1531771418.0,0.005506299625537916,0.024626079592610785,12,0.2,0.2,0.0,0.2,10,100,1.5,,0.01
2204.0,484259.0,3190000,NN,1531773244.0,0.00394232477447809,0.024561240235814432,12,0.2,0.2,0.0,0.2,10,100,1.5,,0.01
2212.0,486744.0,3200000,NN,1531775653.0,0.0041384925223553895,0.024497419149210387,12,0.2,0.2,0.0,0.2,10,100,1.5,,0.01
2226.0,489181.0,3210000,NN,1531783724.0,0.006499098862482729,0.024441349615607264,12,0.2,0.2,0.0,0.2,10,100,1.5,,0.01
2236.0,491763.0,3220000,NN,1531800173.0,0.00424098188321196,0.024378615554326785,12,0.2,0.2,0.0,0.2,10,100,1.5,,0.01
2244.0,493635.0,3230000,NN,1531803850.0,0.0026380692402541614,0.024311307361403953,12,0.2,0.2,0.0,0.2,10,100,1.5,,0.01
2249.0,495240.0,3240000,NN,1531806504.0,0.0020378781061365855,0.024242562209381584,12,0.2,0.2,0.0,0.2,10,100,1.5,,0.01
2257.0,496569.0,3250000,NN,1531808568.0,0.0017222582839980308,0.024173268966534364,12,0.2,0.2,0.0,0.2,10,100,1.5,,0.01
2263.0,497687.0,3260000,NN,1531810242.0,0.002321977828008738,0.024106240466109492,12,0.2,0.2,0.0,0.2,10,100,1.5,,0.01
2265.0,498827.0,3270000,NN,1531811834.0,0.0011424353071527206,0.024036014762259052,12,0.2,0.2,0.0,0.2,10,100,1.5,,0.01
2271.0,499945.0,3280000,NN,1531813330.0,0.002016667929813148,0.02396888260728203,12,0.2,0.2,0.0,0.2,10,100,1.5,,0.01
2273.0,500987.0,3290000,NN,1531814807.0,0.0016307203233688202,0.023900985457482808,12,0.2,0.2,0.0,0.2,10,100,1.5,,0.01
2279.0,502043.0,3300000,NN,1531816398.0,0.002310951017390962,0.02383556111069458,12,0.2,0.2,0.0,0.2,10,100,1.5,,0.01
2283.0,503155.0,3310000,NN,1531818134.0,0.0019286096834055335,0.023769376967409783,12,0.2,0.2,0.0,0.2,10,100,1.5,,0.01
2287.0,504190.0,3320000,NN,1531819692.0,0.0018270429176375678,0.023703285599789757,12,0.2,0.2,0.0,0.2,10,100,1.5,,0.01
2289.0,505126.0,3330000,NN,1531821063.0,0.0016227728756952246,0.023636977753771334,12,0.2,0.2,0.0,0.2,10,100,1.5,,0.01
2295.0,506192.0,3340000,NN,1531822486.0,0.002116641231275806,0.023572545608494522,12,0.2,0.2,0.0,0.2,10,100,1.5,,0.01
2298.0,507253.0,3350000,NN,1531823776.0,0.0020182270646610123,0.023508204359110035,12,0.2,0.2,0.0,0.2,10,100,1.5,,0.01
2306.0,508453.0,3360000,NN,1531825040.0,0.0018179197149332839,0.023443649940526442,12,0.2,0.2,0.0,0.2,10,100,1.5,,0.01
2310.0,509747.0,3370000,NN,1531826370.0,0.002422319912968253,0.023381272106616762,12,0.2,0.2,0.0,0.2,10,100,1.5,,0.01
2316.0,511122.0,3380000,NN,1531827792.0,0.0022253518134458176,0.023318680626459823,12,0.2,0.2,0.0,0.2,10,100,1.5,,0.01
2318.0,512519.0,3390000,NN,1531829269.0,0.002925478533453484,0.023258523688132506,12,0.2,0.2,0.0,0.2,10,100,1.5,,0.01
2323.0,513914.0,3400000,NN,1531830741.0,0.002431087729469437,0.023197266523548265,12,0.2,0.2,0.0,0.2,10,100,1.5,,0.01
2330.0,515580.0,3410000,NN,1531832314.0,0.0026285430141457827,0.02313694768627733,12,0.2,0.2,0.0,0.2,10,100,1.5,,0.01
2335.0,517213.0,3420000,NN,1531833828.0,0.0029331427727856347,0.023077872233314034,12,0.2,0.2,0.0,0.2,10,100,1.5,,0.01
2346.0,518785.0,3430000,NN,1531835301.0,0.0029171789419151412,0.023019094701852063,12,0.2,0.2,0.0,0.2,10,100,1.5,,0.01
2350.0,520423.0,3440000,NN,1531836904.0,0.002439525693325139,0.022959270373338874,12,0.2,0.2,0.0,0.2,10,100,1.5,,0.01
2355.0,522246.0,3450000,NN,1531838530.0,0.0020467059546948364,0.02289865424458956,12,0.2,0.2,0.0,0.2,10,100,1.5,,0.01
2362.0,524055.0,3460000,NN,1531840065.0,0.0034222613026166967,0.0228423640915783,12,0.2,0.2,0.0,0.2,10,100,1.5,,0.01
2367.0,526182.0,3470000,NN,1531841296.0,0.0030420013753463156,0.022785302527554743,12,0.2,0.2,0.0,0.2,10,100,1.5,,0.01
2377.0,528342.0,3480000,NN,1531842432.0,0.0029350295260789794,0.02272826151318245,12,0.2,0.2,0.0,0.2,10,100,1.5,,0.01
2392.0,530613.0,3490000,NN,1531843577.0,0.004017338525302092,0.022674648553331664,12,0.2,0.2,0.0,0.2,10,100,1.5,,0.01
2403.0,532859.0,3500000,NN,1531844681.0,0.002929988494098887,0.022618235238876887,12,0.2,0.2,0.0,0.2,10,100,1.5,,0.01
2418.0,535099.0,3510000,NN,1531845898.0,0.005299311136241168,0.022568893574766633,12,0.2,0.2,0.0,0.2,10,100,1.5,,0.01
2426.0,537306.0,3520000,NN,1531847445.0,0.004232993775457464,0.022516802950336822,12,0.2,0.2,0.0,0.2,10,100,1.5,,0.01
2437.0,539522.0,3530000,NN,1531848795.0,0.0042306586922427475,0.022465000841957017,12,0.2,0.2,0.0,0.2,10,100,1.5,,0.01
2443.0,541314.0,3540000,NN,1531849788.0,0.0038297130904356488,0.022412358786161417,12,0.2,0.2,0.0,0.2,10,100,1.5,,0.01
2462.0,544554.0,3550000,NN,1531851693.0,0.0067118681493690555,0.022368132051973466,12,0.2,0.2,0.0,0.2,10,100,1.5,,0.01
2490.0,548499.0,3560000,NN,1531853829.0,0.007413408906702529,0.02232612440268917,12,0.2,0.2,0.0,0.2,10,100,1.5,,0.01
2505.0,551504.0,3570000,NN,1531855345.0,0.004631343016502224,0.022276559188722126,12,0.2,0.2,0.0,0.2,10,100,1.5,,0.01
2516.0,554103.0,3580000,NN,1531856607.0,0.005132008883607332,0.022228669383400193,12,0.2,0.2,0.0,0.2,10,100,1.5,,0.01
2538.0,556815.0,3590000,NN,1531857989.0,0.0065913437143027085,0.022185111373180164,12,0.2,0.2,0.0,0.2,10,100,1.5,,0.01
2552.0,559775.0,3600000,NN,1531859611.0,0.004649404882435018,0.022136401077372497,12,0.2,0.2,0.0,0.2,10,100,1.5,,0.01
2560.0,562514.0,3610000,NN,1531861400.0,0.004544580343386524,0.02208767027201519,12,0.2,0.2,0.0,0.2,10,100,1.5,,0.01
2577.0,565940.0,3620000,NN,1531865127.0,0.005436447556446242,0.022041672419209887,12,0.2,0.2,0.0,0.2,10,100,1.5,,0.01
2590.0,568392.0,3630000,NN,1531884193.0,0.003835744814386884,0.021991518348673092,12,0.2,0.2,0.0,0.2,10,100,1.5,,0.01
2602.0,570714.0,3640000,NN,1531889056.0,0.0041247129370604926,0.021942433718421476,12,0.2,0.2,0.0,0.2,10,100,1.5,,0.01
2608.0,572795.0,3650000,NN,1531892099.0,0.0020582939220957024,0.02188795662308915,12,0.2,0.2,0.0,0.2,10,100,1.5,,0.01
2614.0,574410.0,3660000,NN,1531894503.0,0.0023307983131876,0.021834521764319045,12,0.2,0.2,0.0,0.2,10,100,1.5,,0.01
2618.0,575612.0,3670000,NN,1531896159.0,0.002724064801733876,0.02178244967450248,12,0.2,0.2,0.0,0.2,10,100,1.5,,0.01
2624.0,576825.0,3680000,NN,1531897696.0,0.0019269343634090782,0.021728494469853088,12,0.2,0.2,0.0,0.2,10,100,1.5,,0.01
2627.0,578176.0,3690000,NN,1531899435.0,0.0016408954579546723,0.02167405653215168,12,0.2,0.2,0.0,0.2,10,100,1.5,,0.01
2630.0,579218.0,3700000,NN,1531900882.0,0.001525257179136625,0.02161960031768419,12,0.2,0.2,0.0,0.2,10,100,1.5,,0.01
2636.0,580287.0,3710000,NN,1531902348.0,0.0020178100512731876,0.02156676530348912,12,0.2,0.2,0.0,0.2,10,100,1.5,,0.01
2641.0,581262.0,3720000,NN,1531904003.0,0.0019121177316893882,0.02151393022937095,12,0.2,0.2,0.0,0.2,10,100,1.5,,0.01
2645.0,582351.0,3730000,NN,1531905636.0,0.00182555788154533,0.021461146389296287,12,0.2,0.2,0.0,0.2,10,100,1.5,,0.01
2649.0,583377.0,3740000,NN,1531907136.0,0.0008325030369936775,0.021405989588888986,12,0.2,0.2,0.0,0.2,10,100,1.5,,0.01
2651.0,584457.0,3750000,NN,1531908530.0,0.0019231847111190242,0.02135403544254831,12,0.2,0.2,0.0,0.2,10,100,1.5,,0.01
2657.0,585531.0,3760000,NN,1531909649.0,0.002799799083975065,0.021304689069254056,12,0.2,0.2,0.0,0.2,10,100,1.5,,0.01
2661.0,586672.0,3770000,NN,1531910809.0,0.0019172074166512914,0.021253263388477866,12,0.2,0.2,0.0,0.2,10,100,1.5,,0.01
2664.0,587730.0,3780000,NN,1531912064.0,0.0013367789515964271,0.02120057427621076,12,0.2,0.2,0.0,0.2,10,100,1.5,,0.01
2672.0,588922.0,3790000,NN,1531913456.0,0.002111039754362897,0.021150206111245507,12,0.2,0.2,0.0,0.2,10,100,1.5,,0.01
2675.0,590084.0,3800000,NN,1531914919.0,0.0022308584304003873,0.021100418354190832,12,0.2,0.2,0.0,0.2,10,100,1.5,,0.01
2684.0,591270.0,3810000,NN,1531916513.0,0.0024139611846992802,0.021051372534848393,12,0.2,0.2,0.0,0.2,10,100,1.5,,0.01
2692.0,592512.0,3820000,NN,1531918205.0,0.003408561489734897,0.021005187165620585,12,0.2,0.2,0.0,0.2,10,100,1.5,,0.01
2698.0,593855.0,3830000,NN,1531920090.0,0.004004687900820812,0.020960799439080705,12,0.2,0.2,0.0,0.2,10,100,1.5,,0.01
2699.0,595048.0,3840000,NN,1531921708.0,0.001539466067238181,0.0209102230500914,12,0.2,0.2,0.0,0.2,10,100,1.5,,0.01
2713.0,596369.0,3850000,NN,1531923426.0,0.0029959096208329716,0.020863692365859613,12,0.2,0.2,0.0,0.2,10,100,1.5,,0.01
2719.0,597774.0,3860000,NN,1531925089.0,0.0035100484013261706,0.02081873473900838,12,0.2,0.2,0.0,0.2,10,100,1.5,,0.01
2729.0,599264.0,3870000,NN,1531926833.0,0.002920308449039833,0.02077248557546831,12,0.2,0.2,0.0,0.2,10,100,1.5,,0.01
2735.0,600913.0,3880000,NN,1531928565.0,0.003817730838559857,0.020728787753981102,12,0.2,0.2,0.0,0.2,10,100,1.5,,0.01
2746.0,602964.0,3890000,NN,1531930419.0,0.0043130399902381635,0.020686587888264607,12,0.2,0.2,0.0,0.2,10,100,1.5,,0.01
2767.0,604983.0,3900000,NN,1531932356.0,0.004785780358338633,0.02064581658690548,12,0.2,0.2,0.0,0.2,10,100,1.5,,0.01
2776.0,607016.0,3910000,NN,1531934218.0,0.005011142829822787,0.020605830209010162,12,0.2,0.2,0.0,0.2,10,100,1.5,,0.01
2786.0,609238.0,3920000,NN,1531936079.0,0.0038276605582214488,0.020563028755819595,12,0.2,0.2,0.0,0.2,10,100,1.5,,0.01
2803.0,611503.0,3930000,NN,1531937942.0,0.005181834133604084,0.020523890856017406,12,0.2,0.2,0.0,0.2,10,100,1.5,,0.01
2819.0,613731.0,3940000,NN,1531939619.0,0.005394086860877148,0.020485490338263447,12,0.2,0.2,0.0,0.2,10,100,1.5,,0.01
2837.0,616593.0,3950000,NN,1531941718.0,0.005806909638770867,0.020448329374467174,12,0.2,0.2,0.0,0.2,10,100,1.5,,0.01
2856.0,619384.0,3960000,NN,1531943694.0,0.006392704544602392,0.020412835372371554,12,0.2,0.2,0.0,0.2,10,100,1.5,,0.01
2871.0,621833.0,3970000,NN,1531945562.0,0.006097675496983099,0.020376777035153962,12,0.2,0.2,0.0,0.2,10,100,1.5,,0.01
2882.0,624396.0,3980000,NN,1531947868.0,0.005321953875322817,0.020338950846310395,12,0.2,0.2,0.0,0.2,10,100,1.5,,0.01
2900.0,627025.0,3990000,NN,1531953717.0,0.006091245402727468,0.02030324231136415,12,0.2,0.2,0.0,0.2,10,100,1.5,,0.01
2914.0,629096.0,4000000,NN,1531972116.0,0.003805608743966286,0.020261998227445663,12,0.2,0.2,0.0,0.2,10,100,1.5,,0.01
2920.0,630763.0,4010000,NN,1531976445.0,0.0023374655337669503,0.020217298644668515,12,0.2,0.2,0.0,0.2,10,100,1.5,,0.01
2923.0,632081.0,4020000,NN,1531979018.0,0.0017419768774991334,0.020171340132810207,12,0.2,0.2,0.0,0.2,10,100,1.5,,0.01
2928.0,633275.0,4030000,NN,1531981168.0,0.001827399445048533,0.020125821669565,12,0.2,0.2,0.0,0.2,10,100,1.5,,0.01
2932.0,634264.0,4040000,NN,1531982822.0,0.0016219774401558887,0.0200800200749379,12,0.2,0.2,0.0,0.2,10,100,1.5,,0.01
2937.0,635251.0,4050000,NN,1531984329.0,0.0024188679811337475,0.020036412291990404,12,0.2,0.2,0.0,0.2,10,100,1.5,,0.01
2942.0,636401.0,4060000,NN,1531985951.0,0.0031111135564968985,0.019994724364070297,12,0.2,0.2,0.0,0.2,10,100,1.5,,0.01
2946.0,637428.0,4070000,NN,1531987403.0,0.0024180126057920044,0.019951538340094235,12,0.2,0.2,0.0,0.2,10,100,1.5,,0.01
2952.0,638424.0,4080000,NN,1531988988.0,0.002111091100833947,0.01990781175372345,12,0.2,0.2,0.0,0.2,10,100,1.5,,0.01
2960.0,639485.0,4090000,NN,1531990684.0,0.0020211538164314137,0.01986407909373018,12,0.2,0.2,0.0,0.2,10,100,1.5,,0.01
2966.0,640462.0,4100000,NN,1531992559.0,0.0014216463072386004,0.019819097550348476,12,0.2,0.2,0.0,0.2,10,100,1.5,,0.01
2972.0,641364.0,4110000,NN,1531994195.0,0.0033907974270813417,0.019779126017201894,12,0.2,0.2,0.0,0.2,10,100,1.5,,0.01
2976.0,642232.0,4120000,NN,1531995569.0,0.001522937906627816,0.01973481488101101,12,0.2,0.2,0.0,0.2,10,100,1.5,,0.01
2981.0,643133.0,4130000,NN,1531996883.0,0.0016180110919415372,0.019690948528010878,12,0.2,0.2,0.0,0.2,10,100,1.5,,0.01
2983.0,644086.0,4140000,NN,1531998302.0,0.0015268179911370945,0.019647073816569258,12,0.2,0.2,0.0,0.2,10,100,1.5,,0.01
2986.0,644916.0,4150000,NN,1531999871.0,0.0018195634874549904,0.01960411596035464,12,0.2,0.2,0.0,0.2,10,100,1.5,,0.01
2989.0,645914.0,4160000,NN,1532001539.0,0.002320003358876003,0.019562567612754853,12,0.2,0.2,0.0,0.2,10,100,1.5,,0.01
2996.0,646995.0,4170000,NN,1532003307.0,0.003011364686082569,0.01952287647863794,12,0.2,0.2,0.0,0.2,10,100,1.5,,0.01
3001.0,648057.0,4180000,NN,1532005258.0,0.0025128044836004266,0.019482182526496795,12,0.2,0.2,0.0,0.2,10,100,1.5,,0.01
3008.0,649046.0,4190000,NN,1532007010.0,0.003003359213385356,0.01944285359257544,12,0.2,0.2,0.0,0.2,10,100,1.5,,0.01
3014.0,650037.0,4200000,NN,1532008736.0,0.0032078432242650975,0.019404198805984055,12,0.2,0.2,0.0,0.2,10,100,1.5,,0.01
3019.0,651398.0,4210000,NN,1532010736.0,0.0033140603602144205,0.01936597994981845,12,0.2,0.2,0.0,0.2,10,100,1.5,,0.01
3029.0,653034.0,4220000,NN,1532012559.0,0.003318299016568597,0.0193279522698819,12,0.2,0.2,0.0,0.2,10,100,1.5,,0.01
3039.0,654817.0,4230000,NN,1532014521.0,0.003913522579738759,0.019291511537754144,12,0.2,0.2,0.0,0.2,10,100,1.5,,0.01
3051.0,656611.0,4240000,NN,1532016447.0,0.0032194756600700523,0.0192536057927595,12,0.2,0.2,0.0,0.2,10,100,1.5,,0.01
3060.0,658624.0,4250000,NN,1532018642.0,0.0048081750548728,0.019219616543964584,12,0.2,0.2,0.0,0.2,10,100,1.5,,0.01
3074.0,661021.0,4260000,NN,1532021170.0,0.004928566281111967,0.01918606947761971,12,0.2,0.2,0.0,0.2,10,100,1.5,,0.01
3083.0,663328.0,4270000,NN,1532023176.0,0.003737707990745711,0.019149890645097846,12,0.2,0.2,0.0,0.2,10,100,1.5,,0.01
3095.0,665847.0,4280000,NN,1532025380.0,0.0045392682095231045,0.01911575367679046,12,0.2,0.2,0.0,0.2,10,100,1.5,,0.01
3107.0,668479.0,4290000,NN,1532027587.0,0.0046394979008330785,0.01908200949083233,12,0.2,0.2,0.0,0.2,10,100,1.5,,0.01
3118.0,671080.0,4300000,NN,1532029713.0,0.004636371973453238,0.019048414984978043,12,0.2,0.2,0.0,0.2,10,100,1.5,,0.01
3137.0,673625.0,4310000,NN,1532031928.0,0.00392699575938738,0.019013330485614818,12,0.2,0.2,0.0,0.2,10,100,1.5,,0.01
3144.0,676016.0,4320000,NN,1532034767.0,0.0036530714467211075,0.018977774330431973,12,0.2,0.2,0.0,0.2,10,100,1.5,,0.01
3161.0,678588.0,4330000,NN,1532045213.0,0.005708391763713035,0.018947129105104623,12,0.2,0.2,0.0,0.2,10,100,1.5,,0.01
3169.0,680555.0,4340000,NN,1532061396.0,0.0035395548310336203,0.018911627781892797,12,0.2,0.2,0.0,0.2,10,100,1.5,,0.01
3178.0,682046.0,4350000,NN,1532064811.0,0.003418390517294936,0.018876011144502904,12,0.2,0.2,0.0,0.2,10,100,1.5,,0.01
3185.0,683327.0,4360000,NN,1532067326.0,0.0019300739340925364,0.018837144316038428,12,0.2,0.2,0.0,0.2,10,100,1.5,,0.01
3192.0,684341.0,4370000,NN,1532069064.0,0.002118809256106999,0.018798887256404787,12,0.2,0.2,0.0,0.2,10,100,1.5,,0.01
3199.0,685254.0,4380000,NN,1532070621.0,0.002211681314932816,0.01876101692320519,12,0.2,0.2,0.0,0.2,10,100,1.5,,0.01
3201.0,686179.0,4390000,NN,1532072419.0,0.001931419136754338,0.018722680709568573,12,0.2,0.2,0.0,0.2,10,100,1.5,,0.01
3204.0,686993.0,4400000,NN,1532073996.0,0.0019201966389739028,0.018684493245771733,12,0.2,0.2,0.0,0.2,10,100,1.5,,0.01
3209.0,687775.0,4410000,NN,1532075525.0,0.002315293162956573,0.018647374878237272,12,0.2,0.2,0.0,0.2,10,100,1.5,,0.01
3212.0,688738.0,4420000,NN,1532077261.0,0.0024242237837750163,0.018610670916485134,12,0.2,0.2,0.0,0.2,10,100,1.5,,0.01
3216.0,689685.0,4430000,NN,1532078861.0,0.002515094620273283,0.018574337787148253,12,0.2,0.2,0.0,0.2,10,100,1.5,,0.01
3225.0,690495.0,4440000,NN,1532080391.0,0.001606899264548188,0.018536122835520582,12,0.2,0.2,0.0,0.2,10,100,1.5,,0.01
3226.0,691381.0,4450000,NN,1532081929.0,0.0015342196778458438,0.01849791631157055,12,0.2,0.2,0.0,0.2,10,100,1.5,,0.01
3228.0,692215.0,4460000,NN,1532083301.0,0.0020289467838692328,0.01846099037092563,12,0.2,0.2,0.0,0.2,10,100,1.5,,0.01
3235.0,693107.0,4470000,NN,1532084731.0,0.002013688406475819,0.018424195511944807,12,0.2,0.2,0.0,0.2,10,100,1.5,,0.01
3242.0,694146.0,4480000,NN,1532086320.0,0.0019203740730186667,0.018387356624804434,12,0.2,0.2,0.0,0.2,10,100,1.5,,0.01
3247.0,695227.0,4490000,NN,1532087976.0,0.0020236811355949353,0.018350911913247187,12,0.2,0.2,0.0,0.2,10,100,1.5,,0.01
3255.0,696230.0,4500000,NN,1532089687.0,0.003004024402167643,0.018316807718778406,12,0.2,0.2,0.0,0.2,10,100,1.5,,0.01
3263.0,697384.0,4510000,NN,1532091460.0,0.0026145447364596818,0.018281991171145946,12,0.2,0.2,0.0,0.2,10,100,1.5,,0.01
3270.0,698586.0,4520000,NN,1532093364.0,0.0026228923951272243,0.018247347147305255,12,0.2,0.2,0.0,0.2,10,100,1.5,,0.01
3275.0,699794.0,4530000,NN,1532095311.0,0.0020393425564533677,0.018211567887722713,12,0.2,0.2,0.0,0.2,10,100,1.5,,0.01
3281.0,701196.0,4540000,NN,1532097400.0,0.0034188224262881343,0.018178984747939782,12,0.2,0.2,0.0,0.2,10,100,1.5,,0.01
3287.0,702785.0,4550000,NN,1532099674.0,0.00382368627869422,0.01814743464141384,12,0.2,0.2,0.0,0.2,10,100,1.5,,0.01
3296.0,704552.0,4560000,NN,1532102020.0,0.0042247829487791514,0.01811690251050868,12,0.2,0.2,0.0,0.2,10,100,1.5,,0.01
3302.0,706519.0,4570000,NN,1532104096.0,0.00394339752169508,0.01808588827639754,12,0.2,0.2,0.0,0.2,10,100,1.5,,0.01
3308.0,708643.0,4580000,NN,1532105953.0,0.00326712927398048,0.01805353290739644,12,0.2,0.2,0.0,0.2,10,100,1.5,,0.01
3313.0,710663.0,4590000,NN,1532107616.0,0.0018809641430536427,0.018018298552789865,12,0.2,0.2,0.0,0.2,10,100,1.5,,0.01
3322.0,712898.0,4600000,NN,1532109213.0,0.003554640326510575,0.017986855817515336,12,0.2,0.2,0.0,0.2,10,100,1.5,,0.01
3335.0,715241.0,4610000,NN,1532111420.0,0.005330054418982226,0.017959400716867746,12,0.2,0.2,0.0,0.2,10,100,1.5,,0.01
3345.0,717590.0,4620000,NN,1532113553.0,0.004845475932638839,0.017931015598287168,12,0.2,0.2,0.0,0.2,10,100,1.5,,0.01
3358.0,719961.0,4630000,NN,1532115509.0,0.005026866477638174,0.0179031448658451,12,0.2,0.2,0.0,0.2,10,100,1.5,,0.01
3374.0,722564.0,4640000,NN,1532117502.0,0.005228598412366026,0.017875829032971368,12,0.2,0.2,0.0,0.2,10,100,1.5,,0.01
3383.0,725201.0,4650000,NN,1532119661.0,0.004460531585021591,0.017846978930932813,12,0.2,0.2,0.0,0.2,10,100,1.5,,0.01
3398.0,727849.0,4660000,NN,1532122029.0,0.006030022221983797,0.01782162065473345,12,0.2,0.2,0.0,0.2,10,100,1.5,,0.01
3413.0,730229.0,4670000,NN,1532127989.0,0.00591609893330826,0.017796127032203526,12,0.2,0.2,0.0,0.2,10,100,1.5,,0.01
3428.0,731736.0,4680000,NN,1532137864.0,0.004880182151351666,0.01776852885938116,12,0.2,0.2,0.0,0.2,10,100,1.5,,0.01
3438.0,733768.0,4690000,NN,1532149184.0,0.00393995730331873,0.017739043632182625,12,0.2,0.2,0.0,0.2,10,100,1.5,,0.01
3444.0,735593.0,4700000,NN,1532152206.0,0.0018700701410521304,0.017705279858797187,12,0.2,0.2,0.0,0.2,10,100,1.5,,0.01
3452.0,737370.0,4710000,NN,1532154223.0,0.0034451770220775366,0.01767500363196754,12,0.2,0.2,0.0,0.2,10,100,1.5,,0.01
3458.0,739135.0,4720000,NN,1532156107.0,0.002365686869365744,0.01764256863882676,12,0.2,0.2,0.0,0.2,10,100,1.5,,0.01
3470.0,740853.0,4730000,NN,1532157912.0,0.003830754619672108,0.017613368186354943,12,0.2,0.2,0.0,0.2,10,100,1.5,,0.01
3474.0,742589.0,4740000,NN,1532159521.0,0.0025639254359835243,0.01758161830713491,12,0.2,0.2,0.0,0.2,10,100,1.5,,0.01
3487.0,744377.0,4750000,NN,1532161120.0,0.003621377777446287,0.017552228327072438,12,0.2,0.2,0.0,0.2,10,100,1.5,,0.01
3499.0,745976.0,4760000,NN,1532162717.0,0.004806924933625832,0.017525452479607247,12,0.2,0.2,0.0,0.2,10,100,1.5,,0.01
3505.0,747698.0,4770000,NN,1532164496.0,0.0029461194759703106,0.0174948878401867,12,0.2,0.2,0.0,0.2,10,100,1.5,,0.01
3509.0,749462.0,4780000,NN,1532166167.0,0.003453928328765096,0.01746551344790329,12,0.2,0.2,0.0,0.2,10,100,1.5,,0.01
3519.0,751066.0,4790000,NN,1532167784.0,0.002838351123736186,0.017434976574574993,12,0.2,0.2,0.0,0.2,10,100,1.5,,0.01
3527.0,752588.0,4800000,NN,1532169398.0,0.0030303755649026495,0.017404966989138217,12,0.2,0.2,0.0,0.2,10,100,1.5,,0.01
3538.0,754235.0,4810000,NN,1532171085.0,0.0036343577368800487,0.01737633786387382,12,0.2,0.2,0.0,0.2,10,100,1.5,,0.01
3546.0,755807.0,4820000,NN,1532172762.0,0.00421610824676633,0.017349034482925633,12,0.2,0.2,0.0,0.2,10,100,1.5,,0.01
3552.0,757312.0,4830000,NN,1532174380.0,0.005025015274833982,0.017323518915207066,12,0.2,0.2,0.0,0.2,10,100,1.5,,0.01
3558.0,758720.0,4840000,NN,1532176116.0,0.004515758848520587,0.01729705660101989,12,0.2,0.2,0.0,0.2,10,100,1.5,,0.01
3568.0,760303.0,4850000,NN,1532177882.0,0.004329334681808681,0.017270319030052304,12,0.2,0.2,0.0,0.2,10,100,1.5,,0.01
3580.0,761891.0,4860000,NN,1532179669.0,0.006087158349645151,0.01724730841136836,12,0.2,0.2,0.0,0.2,10,100,1.5,,0.01
3585.0,763353.0,4870000,NN,1532181297.0,0.0045214966346162405,0.01722117738102605,12,0.2,0.2,0.0,0.2,10,100,1.5,,0.01
3599.0,765260.0,4880000,NN,1532183436.0,0.009373601378982632,0.017205096282661304,12,0.2,0.2,0.0,0.2,10,100,1.5,,0.01
3623.0,766975.0,4890000,NN,1532185023.0,0.01040701962649664,0.01719119428540974,12,0.2,0.2,0.0,0.2,10,100,1.5,,0.01
3641.0,768671.0,4900000,NN,1532186690.0,0.01061114539572133,0.017177765614206322,12,0.2,0.2,0.0,0.2,10,100,1.5,,0.01
3665.0,770299.0,4910000,NN,1532188477.0,0.010784519186169713,0.01716474474571755,12,0.2,0.2,0.0,0.2,10,100,1.5,,0.01
3677.0,771929.0,4920000,NN,1532190266.0,0.006781646902694014,0.017143640888313248,12,0.2,0.2,0.0,0.2,10,100,1.5,,0.01
3690.0,773453.0,4930000,NN,1532192001.0,0.00510486777364488,0.017119221470230903,12,0.2,0.2,0.0,0.2,10,100,1.5,,0.01
3704.0,774991.0,4940000,NN,1532193909.0,0.006373657299425865,0.017097469316039074,12,0.2,0.2,0.0,0.2,10,100,1.5,,0.01
3711.0,776542.0,4950000,NN,1532195803.0,0.0061122307306973175,0.01707527691485629,12,0.2,0.2,0.0,0.2,10,100,1.5,,0.01
3717.0,778302.0,4960000,NN,1532197799.0,0.006011621507047921,0.017052971157985694,12,0.2,0.2,0.0,0.2,10,100,1.5,,0.01
3733.0,780071.0,4970000,NN,1532199746.0,0.008048802930907688,0.017034854119299243,12,0.2,0.2,0.0,0.2,10,100,1.5,,0.01
3746.0,782025.0,4980000,NN,1532201344.0,0.005914178497109812,0.01701252344535898,12,0.2,0.2,0.0,0.2,10,100,1.5,,0.01
3761.0,783908.0,4990000,NN,1532203046.0,0.00500661799522595,0.016988463514597072,12,0.2,0.2,0.0,0.2,10,100,1.5,,0.01
3781.0,785951.0,5000000,NN,1532205149.0,0.006574403788278535,0.016967635395144405,12,0.2,0.2,0.0,0.2,10,100,1.5,,0.01
3790.0,787919.0,5010000,NN,1532207514.0,0.0052260595560592905,0.016944199116024593,12,0.2,0.2,0.0,0.2,10,100,1.5,,0.01
3798.0,789892.0,5020000,NN,1532210972.0,0.005435724313299525,0.016921273867413603,12,0.2,0.2,0.0,0.2,10,100,1.5,,0.01
3801.0,791028.0,5030000,NN,1532218131.0,0.0038251240727347926,0.01689523778432283,12,0.2,0.2,0.0,0.2,10,100,1.5,,0.01
3810.0,792708.0,5040000,NN,1532234837.0,0.005114983307940648,0.016871864263536387,12,0.2,0.2,0.0,0.2,10,100,1.5,,0.01
3817.0,794019.0,5050000,NN,1532238533.0,0.0036315447080449742,0.01684564580897109,12,0.2,0.2,0.0,0.2,10,100,1.5,,0.01
3823.0,795552.0,5060000,NN,1532241101.0,0.0029535415540685047,0.016818191057479226,12,0.2,0.2,0.0,0.2,10,100,1.5,,0.01
3833.0,797021.0,5070000,NN,1532243219.0,0.005805698058051434,0.01679647016398935,12,0.2,0.2,0.0,0.2,10,100,1.5,,0.01
3842.0,798277.0,5080000,NN,1532244837.0,0.003915883162402929,0.01677111467776575,12,0.2,0.2,0.0,0.2,10,100,1.5,,0.01
3847.0,799725.0,5090000,NN,1532246443.0,0.003937664074167858,0.016745901611746886,12,0.2,0.2,0.0,0.2,10,100,1.5,,0.01
3859.0,801248.0,5100000,NN,1532248016.0,0.006290460894291184,0.01672540074759479,12,0.2,0.2,0.0,0.2,10,100,1.5,,0.01
3869.0,802760.0,5110000,NN,1532249475.0,0.0045279165764108955,0.0167015309155574,12,0.2,0.2,0.0,0.2,10,100,1.5,,0.01
3874.0,804042.0,5120000,NN,1532251081.0,0.005211978777875103,0.016679090384038364,12,0.2,0.2,0.0,0.2,10,100,1.5,,0.01
3882.0,805463.0,5130000,NN,1532252672.0,0.003532868568398353,0.016653464220655164,12,0.2,0.2,0.0,0.2,10,100,1.5,,0.01
3891.0,806991.0,5140000,NN,1532254261.0,0.005221022943399837,0.016631222117003058,12,0.2,0.2,0.0,0.2,10,100,1.5,,0.01
3905.0,808482.0,5150000,NN,1532255865.0,0.005706117396962837,0.016610008321430437,12,0.2,0.2,0.0,0.2,10,100,1.5,,0.01
3911.0,810108.0,5160000,NN,1532257621.0,0.0032653314765177135,0.016584146544599294,12,0.2,0.2,0.0,0.2,10,100,1.5,,0.01
3917.0,811626.0,5170000,NN,1532259271.0,0.003657855115186137,0.016559144046670228,12,0.2,0.2,0.0,0.2,10,100,1.5,,0.01
3924.0,813327.0,5180000,NN,1532261006.0,0.0038470732830269442,0.016534603369520298,12,0.2,0.2,0.0,0.2,10,100,1.5,,0.01
3934.0,814922.0,5190000,NN,1532262853.0,0.004218412734989676,0.0165108727517273,12,0.2,0.2,0.0,0.2,10,100,1.5,,0.01
3939.0,816618.0,5200000,NN,1532264596.0,0.004649962557036555,0.01648806330904515,12,0.2,0.2,0.0,0.2,10,100,1.5,,0.01
3953.0,818469.0,5210000,NN,1532266289.0,0.005122998484684055,0.01646624936504444,12,0.2,0.2,0.0,0.2,10,100,1.5,,0.01
3966.0,820169.0,5220000,NN,1532267924.0,0.00491515104177858,0.01644412082419533,12,0.2,0.2,0.0,0.2,10,100,1.5,,0.01
3974.0,821801.0,5230000,NN,1532269592.0,0.004741575404465648,0.016421745020333552,12,0.2,0.2,0.0,0.2,10,100,1.5,,0.01
3984.0,823417.0,5240000,NN,1532271106.0,0.005118566975502525,0.01640017406986635,12,0.2,0.2,0.0,0.2,10,100,1.5,,0.01
3997.0,825222.0,5250000,NN,1532272792.0,0.005621916284047126,0.016379644055036214,12,0.2,0.2,0.0,0.2,10,100,1.5,,0.01
4014.0,827099.0,5260000,NN,1532274596.0,0.004930538996225394,0.016357877695608775,12,0.2,0.2,0.0,0.2,10,100,1.5,,0.01
4025.0,828852.0,5270000,NN,1532276166.0,0.0045369296202056675,0.01633544705409959,12,0.2,0.2,0.0,0.2,10,100,1.5,,0.01
4032.0,830704.0,5280000,NN,1532277685.0,0.0036758882897638414,0.01631147061704597,12,0.2,0.2,0.0,0.2,10,100,1.5,,0.01
4046.0,832612.0,5290000,NN,1532279287.0,0.005825792250747114,0.016291648918810894,12,0.2,0.2,0.0,0.2,10,100,1.5,,0.01
4052.0,834271.0,5300000,NN,1532280695.0,0.004552730684467292,0.01626950001648185,12,0.2,0.2,0.0,0.2,10,100,1.5,,0.01
4060.0,836006.0,5310000,NN,1532282174.0,0.0049504256435526145,0.016248183492239023,12,0.2,0.2,0.0,0.2,10,100,1.5,,0.01
4068.0,837804.0,5320000,NN,1532283622.0,0.004347547989143564,0.01622581387663188,12,0.2,0.2,0.0,0.2,10,100,1.5,,0.01
4079.0,839392.0,5330000,NN,1532285006.0,0.006700601309082707,0.016207942933728674,12,0.2,0.2,0.0,0.2,10,100,1.5,,0.01
4090.0,841041.0,5340000,NN,1532286351.0,0.0058178750738080865,0.01618848587781119,12,0.2,0.2,0.0,0.2,10,100,1.5,,0.01
4099.0,842881.0,5350000,NN,1532287645.0,0.0058290161913058195,0.016169122383070066,12,0.2,0.2,0.0,0.2,10,100,1.5,,0.01
4109.0,844570.0,5360000,NN,1532288945.0,0.008287401332330541,0.016154417679617086,12,0.2,0.2,0.0,0.2,10,100,1.5,,0.01
4125.0,846205.0,5370000,NN,1532290098.0,0.009744187232781318,0.01614248056519081,12,0.2,0.2,0.0,0.2,10,100,1.5,,0.01
4140.0,848032.0,5380000,NN,1532291385.0,0.007690289980323245,0.016126770173769206,12,0.2,0.2,0.0,0.2,10,100,1.5,,0.01
4152.0,849794.0,5390000,NN,1532292855.0,0.007694109430846993,0.01611112516311438,12,0.2,0.2,0.0,0.2,10,100,1.5,,0.01
4172.0,851541.0,5400000,NN,1532294550.0,0.010321636478391601,0.016100403887772227,12,0.2,0.2,0.0,0.2,10,100,1.5,,0.01
1.0,442.0,110000,NN,1531044493.0,0.3158650089941099,0.025524810628542432,12,0.2,0.2,0.0,0.2,10,100,1.5,,0.001
9.0,2227.0,120000,NN,1531046231.0,0.9575150044833678,0.10319066011644405,12,0.2,0.2,0.0,0.2,10,100,1.5,,0.001
16.0,4009.0,130000,NN,1531048017.0,0.9581857418628877,0.1689595125584776,12,0.2,0.2,0.0,0.2,10,100,1.5,,0.001
24.0,5814.0,140000,NN,1531049805.0,0.9574217125980878,0.22527824113273429,12,0.2,0.2,0.0,0.2,10,100,1.5,,0.001
35.0,7724.0,150000,NN,1531051599.0,0.9578472002026239,0.2741161717373937,12,0.2,0.2,0.0,0.2,10,100,1.5,,0.001
41.0,9517.0,160000,NN,1531053310.0,0.9580111711745424,0.3168596092022155,12,0.2,0.2,0.0,0.2,10,100,1.5,,0.001
49.0,11349.0,170000,NN,1531054948.0,0.9587165306515555,0.35461589869923493,12,0.2,0.2,0.0,0.2,10,100,1.5,,0.001
59.0,13211.0,180000,NN,1531056675.0,0.9577288634137303,0.3881221745167065,12,0.2,0.2,0.0,0.2,10,100,1.5,,0.001
63.0,15095.0,190000,NN,1531058328.0,0.9582668943729624,0.4181297913512525,12,0.2,0.2,0.0,0.2,10,100,1.5,,0.001
71.0,17051.0,200000,NN,1531059941.0,0.9581143320718669,0.44512901838728297,12,0.2,0.2,0.0,0.2,10,100,1.5,,0.001
80.0,18946.0,210000,NN,1531061809.0,0.95902670284918,0.4696003366949915,12,0.2,0.2,0.0,0.2,10,100,1.5,,0.001
93.0,20872.0,220000,NN,1531063581.0,0.9573659354716074,0.49177150027574495,12,0.2,0.2,0.0,0.2,10,100,1.5,,0.001
98.0,22772.0,230000,NN,1531065314.0,0.957900017917528,0.5120379575645168,12,0.2,0.2,0.0,0.2,10,100,1.5,,0.001
106.0,24748.0,240000,NN,1531067084.0,0.9583292884835075,0.5306334296861405,12,0.2,0.2,0.0,0.2,10,100,1.5,,0.001
116.0,26527.0,250000,NN,1531068933.0,0.9546076740106517,0.5475923994591173,12,0.2,0.2,0.0,0.2,10,100,1.5,,0.001
128.0,28398.0,260000,NN,1531070560.0,0.9559922402938043,0.563300085645071,12,0.2,0.2,0.0,0.2,10,100,1.5,,0.001
134.0,30210.0,270000,NN,1531071931.0,0.9569792580323525,0.5778807957334826,12,0.2,0.2,0.0,0.2,10,100,1.5,,0.001
149.0,32030.0,280000,NN,1531073370.0,0.955934603642924,0.5913827174445394,12,0.2,0.2,0.0,0.2,10,100,1.5,,0.001
154.0,33800.0,290000,NN,1531074828.0,0.9578767119942284,0.6040204413945264,12,0.2,0.2,0.0,0.2,10,100,1.5,,0.001
161.0,35473.0,300000,NN,1531076102.0,0.956301023182132,0.6157631274541139,12,0.2,0.2,0.0,0.2,10,100,1.5,,0.001
171.0,37186.0,310000,NN,1531077460.0,0.9568845427641505,0.6267670440770167,12,0.2,0.2,0.0,0.2,10,100,1.5,,0.001
180.0,39041.0,320000,NN,1531078853.0,0.9563237408074913,0.6370656908498451,12,0.2,0.2,0.0,0.2,10,100,1.5,,0.001
182.0,40951.0,330000,NN,1531080285.0,0.9574744979539118,0.6467750486408781,12,0.2,0.2,0.0,0.2,10,100,1.5,,0.001
186.0,42882.0,340000,NN,1531081775.0,0.9577910479269017,0.6559225780316409,12,0.2,0.2,0.0,0.2,10,100,1.5,,0.001
198.0,44839.0,350000,NN,1531083470.0,0.958548631158814,0.6645690366924193,12,0.2,0.2,0.0,0.2,10,100,1.5,,0.001
211.0,46889.0,360000,NN,1531085548.0,0.9551734429841497,0.672641381311631,12,0.2,0.2,0.0,0.2,10,100,1.5,,0.001
